document_id,record_number,doc_type,corrected_label,text,emb,z,combined
17,2,إخراج قيد,personal,"سسيانا يعض الث اللاي ‎١١!!!‏ باينا
شن الأ ال ا

‎٠‏ للى مديرية الرى العام لحوش الساحل
م «الشودون الاداريه والقانونية

‏اشارة الى الامر الاداري السادر عن السيد المغير العام رقم ‎/١771/‏ تاريخ 1117/8/15 المنشمن
م السسسيده سمر وقاف العامه لدينا اجازه امومه اشافيه استكمالا لاجازة الامومه وذلك
اعتبارا من تاريسسسخ ‎7/0/٠‏ ولمدة شهر واحد

‏يرجى أخذ السعلم بأن الموما اليها باشرت العمل لدينا في بداية دوام 1117/1/16

‏سداد","[0.34783461689949036, 1.9146894216537476, 1.4346158504486084, -0.10746291279792786, 0.6257763504981995, 0.7799136638641357, -0.04723082482814789, 1.1470028162002563, -0.5333425402641296, -0.7811106443405151, -0.5984651446342468, -0.510488748550415, -0.5076944231987, 0.16613301634788513, 0.414021372795105, 0.659371018409729, 1.9455400705337524, 0.40335240960121155, -0.4149225950241089, 0.35830429196357727, 0.26287510991096497, -0.25275981426239014, -0.14279437065124512, 0.502753734588623, 0.3996700346469879, -0.4272681474685669, 0.07879325747489929, 0.2018921971321106, -0.20010632276535034, -0.7619459629058838, 0.36283546686172485, 0.9366604685783386, -1.0007184743881226, 0.6621406078338623, -0.45087116956710815, -1.2426444292068481, 0.33349019289016724, 0.6405351758003235, -1.0312203168869019, -1.111498236656189, -0.5179141759872437, -1.6898078918457031, -0.9718903303146362, 0.399652898311615, -1.5949923992156982, 0.4150884747505188, 0.7487015128135681, 0.5448525547981262, -0.4439370632171631, 1.9512836933135986, 0.0190497487783432, 0.04615764319896698, 0.13437718152999878, -0.3391689360141754, 0.16910704970359802, -0.1991513967514038, -0.010365486145019531, -0.6290998458862305, -0.6961816549301147, -0.6806648373603821, -0.32020801305770874, -0.30497413873672485, -0.6364859342575073, -0.3189453184604645, 0.3109651803970337, -0.02232140302658081, 0.7398881316184998, -0.5577341318130493, -0.6343664526939392, 0.7232041358947754, 0.04581492394208908, 0.25551629066467285, 0.3717019855976105, 0.4407910406589508, -0.3214988708496094, -0.987510621547699, -0.4988802969455719, 0.16763518750667572, 0.026926472783088684, 0.5408244729042053, -0.835898220539093, 0.4480079710483551, -0.9742376804351807, -0.5047703385353088, 0.7605586647987366, -0.28488773107528687, 0.1044837087392807, 0.017819447442889214, 1.4601762294769287, 0.11780926585197449, 0.05595538020133972, 0.9139813780784607, 0.018597140908241272, 0.1380980908870697, -0.3270609974861145, 0.16304214298725128, 0.21917985379695892, -0.3889978528022766, -0.5591716170310974, -0.5135836601257324, 1.5466042757034302, -0.8059466481208801, 0.6771828532218933, 0.0587756484746933, 0.3347124457359314, 0.8692857623100281, -0.21883127093315125, 0.8473465442657471, 0.31341105699539185, -6.450368404388428, 0.8114379048347473, -0.2433447241783142, -0.15328046679496765, 0.13659220933914185, -0.622389018535614, 0.3015117049217224, 0.730067789554596, 0.039145588874816895, 0.19100531935691833, 0.4119705259799957, 0.3070564270019531, -1.182945728302002, -1.6462892293930054, -0.11972975730895996, -0.9263274073600769, 1.027103304862976, 0.11595190316438675, -0.2781253159046173, 0.3582019805908203, 0.09175989776849747, 1.1083744764328003, -0.7370741963386536, -0.6683354377746582, -0.2967020273208618, 0.8597722053527832, -1.3254868984222412, 0.47914576530456543, -1.8581486940383911, 1.070279598236084, 0.6225187182426453, 0.41587090492248535, 1.1296515464782715, 0.8106607794761658, -0.8131628036499023, 1.2968225479125977, 0.2443200647830963, -0.24564823508262634, 0.08784261345863342, 1.4299607276916504, 0.3211773931980133, -0.38736477494239807, -0.8559104800224304, -0.5835375189781189, -0.49979346990585327, 9.13766860961914, 0.057368259876966476, 0.06499965488910675, -0.06400856375694275, -0.344729483127594, 1.6686592102050781, 0.06743369996547699, 0.6403468251228333, -0.9194521903991699, 1.1681429147720337, -0.1922975778579712, -1.0372333526611328, -0.5833996534347534, -0.9437552690505981, -0.23734953999519348, 0.4779377281665802, -0.2881254553794861, 0.06629535555839539, 0.6550893783569336, -0.28867605328559875, -0.23323389887809753, 0.5199012756347656, -1.5805295705795288, 0.9909349083900452, -1.3164384365081787, -0.7713589072227478, -0.09114032983779907, 0.09050716459751129, -0.578765869140625, 1.5442711114883423, -0.6125155687332153, 0.1497012972831726, -0.12684085965156555, -0.17146076261997223, 0.5789373517036438, 1.1418074369430542, 0.7693565487861633, 1.620280146598816, 0.0354510098695755, 0.2679796814918518, -0.6073020696640015, 0.16693200170993805, -1.0149343013763428, -0.35446205735206604, -0.434122234582901, -0.5739960670471191, 0.07946233451366425, -0.6786785125732422, -0.07861779630184174, -0.1930493414402008, 1.4254668951034546, 0.11557455360889435, -0.9880813956260681, -1.0835665464401245, -0.6268253326416016, -1.0639171600341797, -0.12740103900432587, -0.18359209597110748, -1.1174808740615845, 0.8411145806312561, 0.17044824361801147, -0.32462528347969055, -0.13631413877010345, 0.6307140588760376, -1.0951898097991943, -1.219647765159607, 1.502655267715454, 0.4014567732810974, 0.08582283556461334, 0.3038175404071808, 1.720956563949585, -0.25027257204055786, 0.029064089059829712, 0.1935039907693863, -0.5406439900398254, -0.7145746350288391, 0.6226345300674438, -0.009202904999256134, 1.0857481956481934, 0.7452490925788879, 0.8826964497566223, -0.8764616847038269, -0.7253509759902954, 0.6566324234008789, 0.18737001717090607, 0.09358152747154236, -0.4027043581008911, 1.1829873323440552, -1.7212352752685547, -0.577113687992096, -0.28216230869293213, 1.0972583293914795, -0.5418680310249329, -0.8131631016731262, -0.4229210317134857, 0.008227430284023285, 1.2430438995361328, 0.10946387052536011, -0.6053441762924194, -0.4926762878894806, -2.7641284465789795, 0.18897081911563873, -0.2585156559944153, -0.04540795832872391, 0.06786159425973892, 0.6885533332824707, 0.19262030720710754, 0.194303497672081, -0.011245056986808777, 0.4618934988975525, 1.1743398904800415, -0.07647020369768143, -0.194930762052536, -0.9728415608406067, -0.834913969039917, 0.6092069745063782, -0.6693640351295471, -0.1106196790933609, 0.7021857500076294, 1.6088392734527588, -1.7930779457092285, -1.2226730585098267, -0.025972768664360046, 0.6314375996589661, 0.43672800064086914, -1.179334044456482, -0.6101721525192261, -0.49958616495132446, 0.3994455337524414, 0.812766969203949, 0.5172175765037537, 0.04292851686477661, 0.25766515731811523, 0.43911734223365784, 0.46202394366264343, -0.31559592485427856, 0.8586875200271606, -0.03141240030527115, 0.43280884623527527, -0.7480480074882507, -0.2454284280538559, -0.7196862697601318, 0.5272352695465088, -0.498859703540802, 0.19310063123703003, 0.33067333698272705, -0.22445476055145264, -1.3145415782928467, 0.36385416984558105, 1.0358988046646118, 0.1634279489517212, -0.921055793762207, 0.37125906348228455, -1.3200368881225586, 0.5040455460548401, -0.6311715841293335, -0.6585909128189087, 0.010718047618865967, -0.8555945158004761, 3.5250279903411865, -0.3278036415576935, 0.28412023186683655, -0.09601446986198425, 1.04098641872406, 1.5384719371795654, -0.4010070860385895, -0.09572620689868927, -0.2941615581512451, 0.9525919556617737, -0.14990301430225372, 0.5356646776199341, -1.1515910625457764, 0.14665155112743378, -0.08934826403856277, 0.14951388537883759, -0.3807452321052551, -0.014470621943473816, 0.857895016670227, -0.5487018823623657, -0.6705315709114075, 0.6491037607192993, -0.11044196784496307, -0.20589974522590637, 0.10542179644107819, -0.12854677438735962, 0.881843090057373, -0.16002649068832397, -0.36445263028144836, 0.1664741039276123, 0.33052802085876465, 0.7276808619499207, 0.7904760241508484, -0.24258649349212646, -1.8851656913757324, -0.24189406633377075, -0.5913563966751099, -1.5871375799179077, -0.8459829092025757, -0.25041529536247253, 0.4334062337875366, -0.38452768325805664, 0.04195054620504379, -0.800894021987915, 1.1000819206237793, 0.3308629095554352, -0.11166481673717499, -0.7998608350753784, 1.3011499643325806, -0.2062494307756424, -0.03207419812679291, -0.24296578764915466, -0.42478346824645996, -0.6916387677192688, 0.49699944257736206, 0.07066623866558075, -1.1102954149246216, -1.315266728401184, 0.5150144100189209, 0.28553280234336853, -0.27460187673568726, 0.46382302045822144, 0.3912981152534485, 0.7249909043312073, -1.0557210445404053, -0.96317458152771, -1.4005839824676514, 0.1419089287519455, 0.16629880666732788, -0.8963425159454346, 0.2437210977077484, 1.6962010860443115, -1.1122294664382935, 0.3050352931022644, -0.04160313680768013, -0.053011029958724976, 0.6474088430404663, 0.9987170696258545, -0.30560964345932007, -0.5688793659210205, -0.5065120458602905, -0.738987147808075, -0.03915519267320633, -1.4879783391952515, 0.18055079877376556, 0.21286384761333466, 0.8216426968574524, -0.40919601917266846, 0.18000103533267975, -0.777187705039978, 0.6189379096031189, 0.3406613767147064, -0.4544523358345032, -0.8552840948104858, -0.32305634021759033, 0.5550352334976196, 0.9870185852050781, 1.6519924402236938, 0.5351775884628296, -0.29055365920066833, -0.34762945771217346, 0.3361736238002777, -0.29133662581443787, -0.14806519448757172, -0.045423492789268494, 0.03384346514940262, 0.5839570760726929, 0.1906253844499588, 0.7719202041625977, -0.3522404134273529, -0.15730299055576324, 0.8746502995491028, -0.44973224401474, -0.3953377902507782, 0.3473988175392151, 0.9071186184883118, -0.39215099811553955, -0.9454195499420166, -0.3100431561470032, -0.7099238634109497, -0.30912137031555176, 0.007428290322422981, -1.3809229135513306, -0.15240980684757233, 0.5513929128646851, -2.098571538925171, -0.8787166476249695, 0.0664784237742424, 0.5447996258735657, -0.6012201905250549, -0.8245627880096436, 0.4486105740070343, -0.3190433979034424, 0.03678024187684059, -0.8969691395759583, 0.11031441390514374, 1.2922700643539429, -1.3032935857772827, 0.7102264761924744, 0.7446742057800293, -0.5357214212417603, 0.0636499747633934, -0.69818514585495, -0.23387880623340607, -0.3790607750415802, -0.5633871555328369, 0.8109609484672546, 0.6037607192993164, -1.212510585784912, 1.2754873037338257, 1.2819494009017944, -0.15377351641654968, -0.336501806974411, 1.3684659004211426, -1.0531221628189087, -0.9257141947746277, -0.9805906414985657, -0.45904117822647095, 0.6133942604064941, 0.09438830614089966, -0.25690534710884094, 0.926418662071228, -0.10771499574184418, -0.13225287199020386, 0.08075538277626038, -0.11638672649860382, -0.6875171661376953, -0.19837266206741333, -1.2221089601516724, 0.028138354420661926, -0.3347960114479065, 0.8788279294967651, -0.7367660403251648, -0.3949703574180603, -0.38036105036735535, 0.8424033522605896, 1.5383409261703491, 0.44798439741134644, -0.6681362390518188, -0.13508783280849457, -0.5793524980545044, -0.5845319032669067, 1.1473395824432373, 0.9174931049346924, -1.134368896484375, -0.8930350542068481, 0.6015960574150085, -0.05606256425380707, 1.4954458475112915, -0.20337466895580292, -0.22598563134670258, 0.14095327258110046, 1.7601850032806396, -0.28818804025650024, -0.30339357256889343, -0.19976966083049774, 0.4591854214668274, -0.40725669264793396, -0.3980194926261902, -0.07341054081916809, 0.3785971403121948, 0.10671590268611908, -0.5309626460075378, 0.46175485849380493, 0.6572359204292297, -0.7595283389091492, 0.32662269473075867, -1.254319667816162, -1.1981568336486816, -0.3762049078941345, -0.702035665512085, 1.7167150974273682, 0.823233962059021, -0.4169423282146454, -1.1418147087097168, 0.2519647479057312, -0.19275520741939545, 0.46348753571510315, 0.2193848192691803, -0.19625744223594666, -0.2826746702194214, 0.07159024477005005, 0.4107610881328583, 0.46313631534576416, 0.20949624478816986, -0.29325366020202637, 2.050926685333252, 0.45274868607521057, -0.0945725068449974, -0.18312828242778778, 0.7083933353424072, -0.5772831439971924, -0.9344117641448975, -1.0654124021530151, -1.428938388824463, -0.23238718509674072, -0.42185741662979126, -0.10148230195045471, -1.0655226707458496, -1.2100707292556763, -0.1308743953704834, -0.5301483869552612, -0.6573096513748169, 0.7219451069831848, 0.10464227199554443, 1.2104368209838867, 0.13239164650440216, 0.5342744588851929, 0.7741756439208984, -0.1738426238298416, -0.8769837021827698, 0.7059598565101624, 0.6176819205284119, -1.2915222644805908, -0.0960104763507843, 1.0733788013458252, 0.019770383834838867, 1.1136984825134277, 0.6295790076255798, 0.2836592495441437, 1.3725531101226807, 1.760665774345398, 0.7068142294883728, -0.848366916179657, -0.7280641794204712, -0.029780516400933266, -0.939609706401825, -1.5032362937927246, 0.9597957134246826, 0.2356308251619339, 0.9574288725852966, -0.18732482194900513, 0.24354496598243713, 0.42350149154663086, -1.282392978668213, 0.5631569623947144, -1.5458357334136963, -0.362466037273407, -2.1217732429504395, 0.5961065888404846, 1.0116888284683228, 0.2456907331943512, -0.08438356220722198, -0.09321839362382889, 0.3111360967159271, -0.4042530059814453, 0.279839426279068, 1.1676301956176758, -0.5612457990646362, -0.6882487535476685, -1.3799418210983276, -0.42758238315582275, -0.8006378412246704, -0.3062330186367035, -0.7541067600250244, -0.6232143640518188, 0.6899076700210571, 0.3815614581108093, -0.4612855017185211, -0.4694393575191498, -0.4039333760738373, 0.3283628225326538, 0.22867697477340698, -0.998582661151886, -0.8202286958694458, 0.7389382123947144, 0.13998977839946747, -0.5989295840263367, 0.10186218470335007, -0.06412703543901443, 0.22721554338932037, -0.1025242954492569, -0.5745911002159119, -0.8824555277824402, -1.4676311016082764, 0.0360632985830307, 0.0704323798418045, -0.7420341372489929, -1.9083127975463867, -0.7809816598892212, 0.1266552209854126, -1.3843865394592285, -0.502707839012146, -2.092006206512451, -0.3431909680366516, -0.8685550689697266, -0.7875019311904907, 1.379936933517456, 0.20013439655303955, -0.409157395362854, -0.10260280221700668, -1.010050892829895, -0.8003713488578796, 0.6342618465423584, -0.9352685213088989, -0.8054077625274658, -0.6774305701255798, -0.1633298546075821, 0.26838240027427673, -0.22031326591968536, 0.09943555295467377, -0.4479933977127075, 0.49505260586738586, -0.4756651520729065, -1.8185676336288452, 0.7146346569061279, 0.5443581938743591, -0.4527009129524231, -0.9488489627838135, -0.4188644289970398, 0.03668481111526489, 0.4883078336715698, -0.41663968563079834, 0.32446256279945374, 0.9410426616668701, -1.5097182989120483, -0.9746657609939575, 1.036712884902954, -0.05842003971338272, -1.150546908378601, 0.12328571081161499, 0.6263373494148254, 0.5267901420593262, -0.4512306749820709, -0.5473760962486267, -0.8468388915061951, -0.734479546546936, 0.028942270204424858, 1.5154259204864502, 1.0393022298812866, -0.7304840087890625, -0.10216269642114639, 0.8597062230110168, 0.2694685459136963, -0.3669619560241699, 0.1640254408121109, -0.18297824263572693, -0.18368928134441376, -0.15922102332115173, -0.5353041887283325, 2.204646587371826, -0.3864095211029053, -0.48203831911087036, 0.49322694540023804, -1.3307119607925415, -0.8878533840179443, 0.9202544689178467, 0.6321145296096802, -1.0673032999038696, -0.43992286920547485, 0.7944413423538208, 0.1871202290058136, -0.34492772817611694, -1.3211359977722168, -0.2529517710208893, -0.5798245072364807, 0.9380377531051636, 0.2680928409099579, -0.41008177399635315, -0.20518682897090912, 0.03224153071641922, -0.8528676629066467, -0.26664748787879944, -0.9090014100074768, 0.006702445447444916, 0.018840834498405457, 0.7619516849517822, 0.09982676804065704, 0.6152387857437134, -0.39881446957588196, 0.26706820726394653, -0.8930907845497131, -1.0606396198272705, -0.9970542788505554, 0.09028208255767822, -0.6800531148910522, -0.17291098833084106, -0.9437508583068848, -1.3499914407730103, 0.8089933395385742, 0.22992874681949615, -0.49720457196235657, 0.7935209274291992, -1.0662410259246826, -0.4586387872695923, 1.2754442691802979, 0.9319220781326294, 0.41064000129699707, -0.16698101162910461, 1.2928296327590942, -0.6559143662452698, 0.84245765209198, 0.18510127067565918, -1.734954595565796, -1.4759763479232788, 0.10186821222305298, 1.0816147327423096, -0.9454119205474854, 0.4756332039833069, -0.4575883150100708, -0.36314743757247925, -0.5522514581680298, 0.4713766276836395, -0.6703476309776306, -0.3152976930141449, 0.9097915887832642, 0.9631943702697754, 0.4792745113372803, -0.27910396456718445, 1.309269666671753, 0.8594891428947449, -0.2718106210231781, 0.735579252243042, 2.0573439598083496, -0.9140017032623291]","[0.6895422339439392, 1.63227379322052, 2.401238203048706, -1.8142063617706299, 2.7599213123321533, 2.389755964279175, -0.9137172102928162, -0.675025224685669, -0.8887636661529541, 0.5518273115158081, 0.6537972688674927, -0.7689900398254395, -0.5792527198791504, -1.9913603067398071, -0.4487878978252411, -0.9333269000053406, 0.3270924687385559, -2.626361846923828, 0.029762813821434975, 1.1025192737579346, -0.2720920741558075, 1.2467477321624756, 0.8549597859382629, -2.210268497467041, -2.3651814460754395, -0.9788835644721985, -0.8189879655838013, 2.7964563369750977, 0.10358752310276031, 0.9946120977401733, -2.2970731258392334, -0.14532098174095154, -0.5627866983413696, 0.2869478464126587, 1.3016008138656616, 0.2771371603012085, -1.4811757802963257, -0.6735424995422363, -0.5308725237846375, 0.6046046018600464, -0.4856499135494232, -0.7403983473777771, -0.6479455232620239, -0.4477926790714264, 1.4301621913909912, 0.14838899672031403, -1.457898736000061, 0.12808817625045776, -1.9105430841445923, 0.8704299926757812, 2.163943290710449, -0.5759785771369934, -0.9506256580352783, -1.5118708610534668, 0.6925795078277588, 0.24166005849838257, -1.4691327810287476, 0.07383741438388824, 0.8356871604919434, -1.5056262016296387, -0.9631145000457764, -2.0561649799346924, 0.1669088751077652, -1.1725292205810547, 0.7426475286483765, 0.5216248631477356, -1.742818832397461, 0.4888191223144531, -1.012467384338379, -2.709177255630493, 0.5582475066184998, -0.48416566848754883, -0.15372797846794128, 0.7056015133857727, -0.6350651383399963, -0.0693654865026474, 0.21117976307868958, -1.7157177925109863, -0.6233543157577515, -1.7931947708129883, 1.1790111064910889, 0.2723667621612549, 1.9289095401763916, -2.7994956970214844, 1.4124277830123901, 3.273401975631714, 1.6122897863388062, 0.9975866675376892, -2.2172367572784424, 0.788663387298584, -1.0984280109405518, 0.3882434070110321, 2.3581643104553223, 2.191129207611084, -0.9269086718559265, -2.465268611907959, -0.6063689589500427, 0.5859007239341736, 0.03749684616923332, -0.6437183618545532, -0.485795259475708, -1.7671878337860107, -3.2793474197387695, -2.4732282161712646, 0.16365398466587067, 2.874706506729126, -1.4994893074035645, 1.8365559577941895, -1.3451443910598755, -0.07236038893461227, 3.307018280029297, -1.1715459823608398, 1.9793566465377808, -3.2824225425720215, 2.3191421031951904, -0.01447220891714096, -2.4312169551849365, 0.33643588423728943, 0.6369001865386963, 2.5364866256713867, 2.2429800033569336, 2.709322214126587, 1.3415607213974, -0.351335734128952, -1.537172794342041, -0.6858071088790894, 2.253465175628662, -0.6929024457931519]","[0.34783461689949036, 1.9146894216537476, 1.4346158504486084, -0.10746291279792786, 0.6257763504981995, 0.7799136638641357, -0.04723082482814789, 1.1470028162002563, -0.5333425402641296, -0.7811106443405151, -0.5984651446342468, -0.510488748550415, -0.5076944231987, 0.16613301634788513, 0.414021372795105, 0.659371018409729, 1.9455400705337524, 0.40335240960121155, -0.4149225950241089, 0.35830429196357727, 0.26287510991096497, -0.25275981426239014, -0.14279437065124512, 0.502753734588623, 0.3996700346469879, -0.4272681474685669, 0.07879325747489929, 0.2018921971321106, -0.20010632276535034, -0.7619459629058838, 0.36283546686172485, 0.9366604685783386, -1.0007184743881226, 0.6621406078338623, -0.45087116956710815, -1.2426444292068481, 0.33349019289016724, 0.6405351758003235, -1.0312203168869019, -1.111498236656189, -0.5179141759872437, -1.6898078918457031, -0.9718903303146362, 0.399652898311615, -1.5949923992156982, 0.4150884747505188, 0.7487015128135681, 0.5448525547981262, -0.4439370632171631, 1.9512836933135986, 0.0190497487783432, 0.04615764319896698, 0.13437718152999878, -0.3391689360141754, 0.16910704970359802, -0.1991513967514038, -0.010365486145019531, -0.6290998458862305, -0.6961816549301147, -0.6806648373603821, -0.32020801305770874, -0.30497413873672485, -0.6364859342575073, -0.3189453184604645, 0.3109651803970337, -0.02232140302658081, 0.7398881316184998, -0.5577341318130493, -0.6343664526939392, 0.7232041358947754, 0.04581492394208908, 0.25551629066467285, 0.3717019855976105, 0.4407910406589508, -0.3214988708496094, -0.987510621547699, -0.4988802969455719, 0.16763518750667572, 0.026926472783088684, 0.5408244729042053, -0.835898220539093, 0.4480079710483551, -0.9742376804351807, -0.5047703385353088, 0.7605586647987366, -0.28488773107528687, 0.1044837087392807, 0.017819447442889214, 1.4601762294769287, 0.11780926585197449, 0.05595538020133972, 0.9139813780784607, 0.018597140908241272, 0.1380980908870697, -0.3270609974861145, 0.16304214298725128, 0.21917985379695892, -0.3889978528022766, -0.5591716170310974, -0.5135836601257324, 1.5466042757034302, -0.8059466481208801, 0.6771828532218933, 0.0587756484746933, 0.3347124457359314, 0.8692857623100281, -0.21883127093315125, 0.8473465442657471, 0.31341105699539185, -6.450368404388428, 0.8114379048347473, -0.2433447241783142, -0.15328046679496765, 0.13659220933914185, -0.622389018535614, 0.3015117049217224, 0.730067789554596, 0.039145588874816895, 0.19100531935691833, 0.4119705259799957, 0.3070564270019531, -1.182945728302002, -1.6462892293930054, -0.11972975730895996, -0.9263274073600769, 1.027103304862976, 0.11595190316438675, -0.2781253159046173, 0.3582019805908203, 0.09175989776849747, 1.1083744764328003, -0.7370741963386536, -0.6683354377746582, -0.2967020273208618, 0.8597722053527832, -1.3254868984222412, 0.47914576530456543, -1.8581486940383911, 1.070279598236084, 0.6225187182426453, 0.41587090492248535, 1.1296515464782715, 0.8106607794761658, -0.8131628036499023, 1.2968225479125977, 0.2443200647830963, -0.24564823508262634, 0.08784261345863342, 1.4299607276916504, 0.3211773931980133, -0.38736477494239807, -0.8559104800224304, -0.5835375189781189, -0.49979346990585327, 9.13766860961914, 0.057368259876966476, 0.06499965488910675, -0.06400856375694275, -0.344729483127594, 1.6686592102050781, 0.06743369996547699, 0.6403468251228333, -0.9194521903991699, 1.1681429147720337, -0.1922975778579712, -1.0372333526611328, -0.5833996534347534, -0.9437552690505981, -0.23734953999519348, 0.4779377281665802, -0.2881254553794861, 0.06629535555839539, 0.6550893783569336, -0.28867605328559875, -0.23323389887809753, 0.5199012756347656, -1.5805295705795288, 0.9909349083900452, -1.3164384365081787, -0.7713589072227478, -0.09114032983779907, 0.09050716459751129, -0.578765869140625, 1.5442711114883423, -0.6125155687332153, 0.1497012972831726, -0.12684085965156555, -0.17146076261997223, 0.5789373517036438, 1.1418074369430542, 0.7693565487861633, 1.620280146598816, 0.0354510098695755, 0.2679796814918518, -0.6073020696640015, 0.16693200170993805, -1.0149343013763428, -0.35446205735206604, -0.434122234582901, -0.5739960670471191, 0.07946233451366425, -0.6786785125732422, -0.07861779630184174, -0.1930493414402008, 1.4254668951034546, 0.11557455360889435, -0.9880813956260681, -1.0835665464401245, -0.6268253326416016, -1.0639171600341797, -0.12740103900432587, -0.18359209597110748, -1.1174808740615845, 0.8411145806312561, 0.17044824361801147, -0.32462528347969055, -0.13631413877010345, 0.6307140588760376, -1.0951898097991943, -1.219647765159607, 1.502655267715454, 0.4014567732810974, 0.08582283556461334, 0.3038175404071808, 1.720956563949585, -0.25027257204055786, 0.029064089059829712, 0.1935039907693863, -0.5406439900398254, -0.7145746350288391, 0.6226345300674438, -0.009202904999256134, 1.0857481956481934, 0.7452490925788879, 0.8826964497566223, -0.8764616847038269, -0.7253509759902954, 0.6566324234008789, 0.18737001717090607, 0.09358152747154236, -0.4027043581008911, 1.1829873323440552, -1.7212352752685547, -0.577113687992096, -0.28216230869293213, 1.0972583293914795, -0.5418680310249329, -0.8131631016731262, -0.4229210317134857, 0.008227430284023285, 1.2430438995361328, 0.10946387052536011, -0.6053441762924194, -0.4926762878894806, -2.7641284465789795, 0.18897081911563873, -0.2585156559944153, -0.04540795832872391, 0.06786159425973892, 0.6885533332824707, 0.19262030720710754, 0.194303497672081, -0.011245056986808777, 0.4618934988975525, 1.1743398904800415, -0.07647020369768143, -0.194930762052536, -0.9728415608406067, -0.834913969039917, 0.6092069745063782, -0.6693640351295471, -0.1106196790933609, 0.7021857500076294, 1.6088392734527588, -1.7930779457092285, -1.2226730585098267, -0.025972768664360046, 0.6314375996589661, 0.43672800064086914, -1.179334044456482, -0.6101721525192261, -0.49958616495132446, 0.3994455337524414, 0.812766969203949, 0.5172175765037537, 0.04292851686477661, 0.25766515731811523, 0.43911734223365784, 0.46202394366264343, -0.31559592485427856, 0.8586875200271606, -0.03141240030527115, 0.43280884623527527, -0.7480480074882507, -0.2454284280538559, -0.7196862697601318, 0.5272352695465088, -0.498859703540802, 0.19310063123703003, 0.33067333698272705, -0.22445476055145264, -1.3145415782928467, 0.36385416984558105, 1.0358988046646118, 0.1634279489517212, -0.921055793762207, 0.37125906348228455, -1.3200368881225586, 0.5040455460548401, -0.6311715841293335, -0.6585909128189087, 0.010718047618865967, -0.8555945158004761, 3.5250279903411865, -0.3278036415576935, 0.28412023186683655, -0.09601446986198425, 1.04098641872406, 1.5384719371795654, -0.4010070860385895, -0.09572620689868927, -0.2941615581512451, 0.9525919556617737, -0.14990301430225372, 0.5356646776199341, -1.1515910625457764, 0.14665155112743378, -0.08934826403856277, 0.14951388537883759, -0.3807452321052551, -0.014470621943473816, 0.857895016670227, -0.5487018823623657, -0.6705315709114075, 0.6491037607192993, -0.11044196784496307, -0.20589974522590637, 0.10542179644107819, -0.12854677438735962, 0.881843090057373, -0.16002649068832397, -0.36445263028144836, 0.1664741039276123, 0.33052802085876465, 0.7276808619499207, 0.7904760241508484, -0.24258649349212646, -1.8851656913757324, -0.24189406633377075, -0.5913563966751099, -1.5871375799179077, -0.8459829092025757, -0.25041529536247253, 0.4334062337875366, -0.38452768325805664, 0.04195054620504379, -0.800894021987915, 1.1000819206237793, 0.3308629095554352, -0.11166481673717499, -0.7998608350753784, 1.3011499643325806, -0.2062494307756424, -0.03207419812679291, -0.24296578764915466, -0.42478346824645996, -0.6916387677192688, 0.49699944257736206, 0.07066623866558075, -1.1102954149246216, -1.315266728401184, 0.5150144100189209, 0.28553280234336853, -0.27460187673568726, 0.46382302045822144, 0.3912981152534485, 0.7249909043312073, -1.0557210445404053, -0.96317458152771, -1.4005839824676514, 0.1419089287519455, 0.16629880666732788, -0.8963425159454346, 0.2437210977077484, 1.6962010860443115, -1.1122294664382935, 0.3050352931022644, -0.04160313680768013, -0.053011029958724976, 0.6474088430404663, 0.9987170696258545, -0.30560964345932007, -0.5688793659210205, -0.5065120458602905, -0.738987147808075, -0.03915519267320633, -1.4879783391952515, 0.18055079877376556, 0.21286384761333466, 0.8216426968574524, -0.40919601917266846, 0.18000103533267975, -0.777187705039978, 0.6189379096031189, 0.3406613767147064, -0.4544523358345032, -0.8552840948104858, -0.32305634021759033, 0.5550352334976196, 0.9870185852050781, 1.6519924402236938, 0.5351775884628296, -0.29055365920066833, -0.34762945771217346, 0.3361736238002777, -0.29133662581443787, -0.14806519448757172, -0.045423492789268494, 0.03384346514940262, 0.5839570760726929, 0.1906253844499588, 0.7719202041625977, -0.3522404134273529, -0.15730299055576324, 0.8746502995491028, -0.44973224401474, -0.3953377902507782, 0.3473988175392151, 0.9071186184883118, -0.39215099811553955, -0.9454195499420166, -0.3100431561470032, -0.7099238634109497, -0.30912137031555176, 0.007428290322422981, -1.3809229135513306, -0.15240980684757233, 0.5513929128646851, -2.098571538925171, -0.8787166476249695, 0.0664784237742424, 0.5447996258735657, -0.6012201905250549, -0.8245627880096436, 0.4486105740070343, -0.3190433979034424, 0.03678024187684059, -0.8969691395759583, 0.11031441390514374, 1.2922700643539429, -1.3032935857772827, 0.7102264761924744, 0.7446742057800293, -0.5357214212417603, 0.0636499747633934, -0.69818514585495, -0.23387880623340607, -0.3790607750415802, -0.5633871555328369, 0.8109609484672546, 0.6037607192993164, -1.212510585784912, 1.2754873037338257, 1.2819494009017944, -0.15377351641654968, -0.336501806974411, 1.3684659004211426, -1.0531221628189087, -0.9257141947746277, -0.9805906414985657, -0.45904117822647095, 0.6133942604064941, 0.09438830614089966, -0.25690534710884094, 0.926418662071228, -0.10771499574184418, -0.13225287199020386, 0.08075538277626038, -0.11638672649860382, -0.6875171661376953, -0.19837266206741333, -1.2221089601516724, 0.028138354420661926, -0.3347960114479065, 0.8788279294967651, -0.7367660403251648, -0.3949703574180603, -0.38036105036735535, 0.8424033522605896, 1.5383409261703491, 0.44798439741134644, -0.6681362390518188, -0.13508783280849457, -0.5793524980545044, -0.5845319032669067, 1.1473395824432373, 0.9174931049346924, -1.134368896484375, -0.8930350542068481, 0.6015960574150085, -0.05606256425380707, 1.4954458475112915, -0.20337466895580292, -0.22598563134670258, 0.14095327258110046, 1.7601850032806396, -0.28818804025650024, -0.30339357256889343, -0.19976966083049774, 0.4591854214668274, -0.40725669264793396, -0.3980194926261902, -0.07341054081916809, 0.3785971403121948, 0.10671590268611908, -0.5309626460075378, 0.46175485849380493, 0.6572359204292297, -0.7595283389091492, 0.32662269473075867, -1.254319667816162, -1.1981568336486816, -0.3762049078941345, -0.702035665512085, 1.7167150974273682, 0.823233962059021, -0.4169423282146454, -1.1418147087097168, 0.2519647479057312, -0.19275520741939545, 0.46348753571510315, 0.2193848192691803, -0.19625744223594666, -0.2826746702194214, 0.07159024477005005, 0.4107610881328583, 0.46313631534576416, 0.20949624478816986, -0.29325366020202637, 2.050926685333252, 0.45274868607521057, -0.0945725068449974, -0.18312828242778778, 0.7083933353424072, -0.5772831439971924, -0.9344117641448975, -1.0654124021530151, -1.428938388824463, -0.23238718509674072, -0.42185741662979126, -0.10148230195045471, -1.0655226707458496, -1.2100707292556763, -0.1308743953704834, -0.5301483869552612, -0.6573096513748169, 0.7219451069831848, 0.10464227199554443, 1.2104368209838867, 0.13239164650440216, 0.5342744588851929, 0.7741756439208984, -0.1738426238298416, -0.8769837021827698, 0.7059598565101624, 0.6176819205284119, -1.2915222644805908, -0.0960104763507843, 1.0733788013458252, 0.019770383834838867, 1.1136984825134277, 0.6295790076255798, 0.2836592495441437, 1.3725531101226807, 1.760665774345398, 0.7068142294883728, -0.848366916179657, -0.7280641794204712, -0.029780516400933266, -0.939609706401825, -1.5032362937927246, 0.9597957134246826, 0.2356308251619339, 0.9574288725852966, -0.18732482194900513, 0.24354496598243713, 0.42350149154663086, -1.282392978668213, 0.5631569623947144, -1.5458357334136963, -0.362466037273407, -2.1217732429504395, 0.5961065888404846, 1.0116888284683228, 0.2456907331943512, -0.08438356220722198, -0.09321839362382889, 0.3111360967159271, -0.4042530059814453, 0.279839426279068, 1.1676301956176758, -0.5612457990646362, -0.6882487535476685, -1.3799418210983276, -0.42758238315582275, -0.8006378412246704, -0.3062330186367035, -0.7541067600250244, -0.6232143640518188, 0.6899076700210571, 0.3815614581108093, -0.4612855017185211, -0.4694393575191498, -0.4039333760738373, 0.3283628225326538, 0.22867697477340698, -0.998582661151886, -0.8202286958694458, 0.7389382123947144, 0.13998977839946747, -0.5989295840263367, 0.10186218470335007, -0.06412703543901443, 0.22721554338932037, -0.1025242954492569, -0.5745911002159119, -0.8824555277824402, -1.4676311016082764, 0.0360632985830307, 0.0704323798418045, -0.7420341372489929, -1.9083127975463867, -0.7809816598892212, 0.1266552209854126, -1.3843865394592285, -0.502707839012146, -2.092006206512451, -0.3431909680366516, -0.8685550689697266, -0.7875019311904907, 1.379936933517456, 0.20013439655303955, -0.409157395362854, -0.10260280221700668, -1.010050892829895, -0.8003713488578796, 0.6342618465423584, -0.9352685213088989, -0.8054077625274658, -0.6774305701255798, -0.1633298546075821, 0.26838240027427673, -0.22031326591968536, 0.09943555295467377, -0.4479933977127075, 0.49505260586738586, -0.4756651520729065, -1.8185676336288452, 0.7146346569061279, 0.5443581938743591, -0.4527009129524231, -0.9488489627838135, -0.4188644289970398, 0.03668481111526489, 0.4883078336715698, -0.41663968563079834, 0.32446256279945374, 0.9410426616668701, -1.5097182989120483, -0.9746657609939575, 1.036712884902954, -0.05842003971338272, -1.150546908378601, 0.12328571081161499, 0.6263373494148254, 0.5267901420593262, -0.4512306749820709, -0.5473760962486267, -0.8468388915061951, -0.734479546546936, 0.028942270204424858, 1.5154259204864502, 1.0393022298812866, -0.7304840087890625, -0.10216269642114639, 0.8597062230110168, 0.2694685459136963, -0.3669619560241699, 0.1640254408121109, -0.18297824263572693, -0.18368928134441376, -0.15922102332115173, -0.5353041887283325, 2.204646587371826, -0.3864095211029053, -0.48203831911087036, 0.49322694540023804, -1.3307119607925415, -0.8878533840179443, 0.9202544689178467, 0.6321145296096802, -1.0673032999038696, -0.43992286920547485, 0.7944413423538208, 0.1871202290058136, -0.34492772817611694, -1.3211359977722168, -0.2529517710208893, -0.5798245072364807, 0.9380377531051636, 0.2680928409099579, -0.41008177399635315, -0.20518682897090912, 0.03224153071641922, -0.8528676629066467, -0.26664748787879944, -0.9090014100074768, 0.006702445447444916, 0.018840834498405457, 0.7619516849517822, 0.09982676804065704, 0.6152387857437134, -0.39881446957588196, 0.26706820726394653, -0.8930907845497131, -1.0606396198272705, -0.9970542788505554, 0.09028208255767822, -0.6800531148910522, -0.17291098833084106, -0.9437508583068848, -1.3499914407730103, 0.8089933395385742, 0.22992874681949615, -0.49720457196235657, 0.7935209274291992, -1.0662410259246826, -0.4586387872695923, 1.2754442691802979, 0.9319220781326294, 0.41064000129699707, -0.16698101162910461, 1.2928296327590942, -0.6559143662452698, 0.84245765209198, 0.18510127067565918, -1.734954595565796, -1.4759763479232788, 0.10186821222305298, 1.0816147327423096, -0.9454119205474854, 0.4756332039833069, -0.4575883150100708, -0.36314743757247925, -0.5522514581680298, 0.4713766276836395, -0.6703476309776306, -0.3152976930141449, 0.9097915887832642, 0.9631943702697754, 0.4792745113372803, -0.27910396456718445, 1.309269666671753, 0.8594891428947449, -0.2718106210231781, 0.735579252243042, 2.0573439598083496, -0.9140017032623291, 0.6895422339439392, 1.63227379322052, 2.401238203048706, -1.8142063617706299, 2.7599213123321533, 2.389755964279175, -0.9137172102928162, -0.675025224685669, -0.8887636661529541, 0.5518273115158081, 0.6537972688674927, -0.7689900398254395, -0.5792527198791504, -1.9913603067398071, -0.4487878978252411, -0.9333269000053406, 0.3270924687385559, -2.626361846923828, 0.029762813821434975, 1.1025192737579346, -0.2720920741558075, 1.2467477321624756, 0.8549597859382629, -2.210268497467041, -2.3651814460754395, -0.9788835644721985, -0.8189879655838013, 2.7964563369750977, 0.10358752310276031, 0.9946120977401733, -2.2970731258392334, -0.14532098174095154, -0.5627866983413696, 0.2869478464126587, 1.3016008138656616, 0.2771371603012085, -1.4811757802963257, -0.6735424995422363, -0.5308725237846375, 0.6046046018600464, -0.4856499135494232, -0.7403983473777771, -0.6479455232620239, -0.4477926790714264, 1.4301621913909912, 0.14838899672031403, -1.457898736000061, 0.12808817625045776, -1.9105430841445923, 0.8704299926757812, 2.163943290710449, -0.5759785771369934, -0.9506256580352783, -1.5118708610534668, 0.6925795078277588, 0.24166005849838257, -1.4691327810287476, 0.07383741438388824, 0.8356871604919434, -1.5056262016296387, -0.9631145000457764, -2.0561649799346924, 0.1669088751077652, -1.1725292205810547, 0.7426475286483765, 0.5216248631477356, -1.742818832397461, 0.4888191223144531, -1.012467384338379, -2.709177255630493, 0.5582475066184998, -0.48416566848754883, -0.15372797846794128, 0.7056015133857727, -0.6350651383399963, -0.0693654865026474, 0.21117976307868958, -1.7157177925109863, -0.6233543157577515, -1.7931947708129883, 1.1790111064910889, 0.2723667621612549, 1.9289095401763916, -2.7994956970214844, 1.4124277830123901, 3.273401975631714, 1.6122897863388062, 0.9975866675376892, -2.2172367572784424, 0.788663387298584, -1.0984280109405518, 0.3882434070110321, 2.3581643104553223, 2.191129207611084, -0.9269086718559265, -2.465268611907959, -0.6063689589500427, 0.5859007239341736, 0.03749684616923332, -0.6437183618545532, -0.485795259475708, -1.7671878337860107, -3.2793474197387695, -2.4732282161712646, 0.16365398466587067, 2.874706506729126, -1.4994893074035645, 1.8365559577941895, -1.3451443910598755, -0.07236038893461227, 3.307018280029297, -1.1715459823608398, 1.9793566465377808, -3.2824225425720215, 2.3191421031951904, -0.01447220891714096, -2.4312169551849365, 0.33643588423728943, 0.6369001865386963, 2.5364866256713867, 2.2429800033569336, 2.709322214126587, 1.3415607213974, -0.351335734128952, -1.537172794342041, -0.6858071088790894, 2.253465175628662, -0.6929024457931519]"
18,2,إخراج قيد,personal,"سسيانا يعض الث اللاي ‎١١!!!‏ باينا
شن الأ ال ا

‎٠‏ للى مديرية الرى العام لحوش الساحل
م «الشودون الاداريه والقانونية

‏اشارة الى الامر الاداري السادر عن السيد المغير العام رقم ‎/١771/‏ تاريخ 1117/8/15 المنشمن
م السسسيده سمر وقاف العامه لدينا اجازه امومه اشافيه استكمالا لاجازة الامومه وذلك
اعتبارا من تاريسسسخ ‎7/0/٠‏ ولمدة شهر واحد

‏يرجى أخذ السعلم بأن الموما اليها باشرت العمل لدينا في بداية دوام 1117/1/16

‏سداد","[0.34783461689949036, 1.9146894216537476, 1.4346158504486084, -0.10746291279792786, 0.6257763504981995, 0.7799136638641357, -0.04723082482814789, 1.1470028162002563, -0.5333425402641296, -0.7811106443405151, -0.5984651446342468, -0.510488748550415, -0.5076944231987, 0.16613301634788513, 0.414021372795105, 0.659371018409729, 1.9455400705337524, 0.40335240960121155, -0.4149225950241089, 0.35830429196357727, 0.26287510991096497, -0.25275981426239014, -0.14279437065124512, 0.502753734588623, 0.3996700346469879, -0.4272681474685669, 0.07879325747489929, 0.2018921971321106, -0.20010632276535034, -0.7619459629058838, 0.36283546686172485, 0.9366604685783386, -1.0007184743881226, 0.6621406078338623, -0.45087116956710815, -1.2426444292068481, 0.33349019289016724, 0.6405351758003235, -1.0312203168869019, -1.111498236656189, -0.5179141759872437, -1.6898078918457031, -0.9718903303146362, 0.399652898311615, -1.5949923992156982, 0.4150884747505188, 0.7487015128135681, 0.5448525547981262, -0.4439370632171631, 1.9512836933135986, 0.0190497487783432, 0.04615764319896698, 0.13437718152999878, -0.3391689360141754, 0.16910704970359802, -0.1991513967514038, -0.010365486145019531, -0.6290998458862305, -0.6961816549301147, -0.6806648373603821, -0.32020801305770874, -0.30497413873672485, -0.6364859342575073, -0.3189453184604645, 0.3109651803970337, -0.02232140302658081, 0.7398881316184998, -0.5577341318130493, -0.6343664526939392, 0.7232041358947754, 0.04581492394208908, 0.25551629066467285, 0.3717019855976105, 0.4407910406589508, -0.3214988708496094, -0.987510621547699, -0.4988802969455719, 0.16763518750667572, 0.026926472783088684, 0.5408244729042053, -0.835898220539093, 0.4480079710483551, -0.9742376804351807, -0.5047703385353088, 0.7605586647987366, -0.28488773107528687, 0.1044837087392807, 0.017819447442889214, 1.4601762294769287, 0.11780926585197449, 0.05595538020133972, 0.9139813780784607, 0.018597140908241272, 0.1380980908870697, -0.3270609974861145, 0.16304214298725128, 0.21917985379695892, -0.3889978528022766, -0.5591716170310974, -0.5135836601257324, 1.5466042757034302, -0.8059466481208801, 0.6771828532218933, 0.0587756484746933, 0.3347124457359314, 0.8692857623100281, -0.21883127093315125, 0.8473465442657471, 0.31341105699539185, -6.450368404388428, 0.8114379048347473, -0.2433447241783142, -0.15328046679496765, 0.13659220933914185, -0.622389018535614, 0.3015117049217224, 0.730067789554596, 0.039145588874816895, 0.19100531935691833, 0.4119705259799957, 0.3070564270019531, -1.182945728302002, -1.6462892293930054, -0.11972975730895996, -0.9263274073600769, 1.027103304862976, 0.11595190316438675, -0.2781253159046173, 0.3582019805908203, 0.09175989776849747, 1.1083744764328003, -0.7370741963386536, -0.6683354377746582, -0.2967020273208618, 0.8597722053527832, -1.3254868984222412, 0.47914576530456543, -1.8581486940383911, 1.070279598236084, 0.6225187182426453, 0.41587090492248535, 1.1296515464782715, 0.8106607794761658, -0.8131628036499023, 1.2968225479125977, 0.2443200647830963, -0.24564823508262634, 0.08784261345863342, 1.4299607276916504, 0.3211773931980133, -0.38736477494239807, -0.8559104800224304, -0.5835375189781189, -0.49979346990585327, 9.13766860961914, 0.057368259876966476, 0.06499965488910675, -0.06400856375694275, -0.344729483127594, 1.6686592102050781, 0.06743369996547699, 0.6403468251228333, -0.9194521903991699, 1.1681429147720337, -0.1922975778579712, -1.0372333526611328, -0.5833996534347534, -0.9437552690505981, -0.23734953999519348, 0.4779377281665802, -0.2881254553794861, 0.06629535555839539, 0.6550893783569336, -0.28867605328559875, -0.23323389887809753, 0.5199012756347656, -1.5805295705795288, 0.9909349083900452, -1.3164384365081787, -0.7713589072227478, -0.09114032983779907, 0.09050716459751129, -0.578765869140625, 1.5442711114883423, -0.6125155687332153, 0.1497012972831726, -0.12684085965156555, -0.17146076261997223, 0.5789373517036438, 1.1418074369430542, 0.7693565487861633, 1.620280146598816, 0.0354510098695755, 0.2679796814918518, -0.6073020696640015, 0.16693200170993805, -1.0149343013763428, -0.35446205735206604, -0.434122234582901, -0.5739960670471191, 0.07946233451366425, -0.6786785125732422, -0.07861779630184174, -0.1930493414402008, 1.4254668951034546, 0.11557455360889435, -0.9880813956260681, -1.0835665464401245, -0.6268253326416016, -1.0639171600341797, -0.12740103900432587, -0.18359209597110748, -1.1174808740615845, 0.8411145806312561, 0.17044824361801147, -0.32462528347969055, -0.13631413877010345, 0.6307140588760376, -1.0951898097991943, -1.219647765159607, 1.502655267715454, 0.4014567732810974, 0.08582283556461334, 0.3038175404071808, 1.720956563949585, -0.25027257204055786, 0.029064089059829712, 0.1935039907693863, -0.5406439900398254, -0.7145746350288391, 0.6226345300674438, -0.009202904999256134, 1.0857481956481934, 0.7452490925788879, 0.8826964497566223, -0.8764616847038269, -0.7253509759902954, 0.6566324234008789, 0.18737001717090607, 0.09358152747154236, -0.4027043581008911, 1.1829873323440552, -1.7212352752685547, -0.577113687992096, -0.28216230869293213, 1.0972583293914795, -0.5418680310249329, -0.8131631016731262, -0.4229210317134857, 0.008227430284023285, 1.2430438995361328, 0.10946387052536011, -0.6053441762924194, -0.4926762878894806, -2.7641284465789795, 0.18897081911563873, -0.2585156559944153, -0.04540795832872391, 0.06786159425973892, 0.6885533332824707, 0.19262030720710754, 0.194303497672081, -0.011245056986808777, 0.4618934988975525, 1.1743398904800415, -0.07647020369768143, -0.194930762052536, -0.9728415608406067, -0.834913969039917, 0.6092069745063782, -0.6693640351295471, -0.1106196790933609, 0.7021857500076294, 1.6088392734527588, -1.7930779457092285, -1.2226730585098267, -0.025972768664360046, 0.6314375996589661, 0.43672800064086914, -1.179334044456482, -0.6101721525192261, -0.49958616495132446, 0.3994455337524414, 0.812766969203949, 0.5172175765037537, 0.04292851686477661, 0.25766515731811523, 0.43911734223365784, 0.46202394366264343, -0.31559592485427856, 0.8586875200271606, -0.03141240030527115, 0.43280884623527527, -0.7480480074882507, -0.2454284280538559, -0.7196862697601318, 0.5272352695465088, -0.498859703540802, 0.19310063123703003, 0.33067333698272705, -0.22445476055145264, -1.3145415782928467, 0.36385416984558105, 1.0358988046646118, 0.1634279489517212, -0.921055793762207, 0.37125906348228455, -1.3200368881225586, 0.5040455460548401, -0.6311715841293335, -0.6585909128189087, 0.010718047618865967, -0.8555945158004761, 3.5250279903411865, -0.3278036415576935, 0.28412023186683655, -0.09601446986198425, 1.04098641872406, 1.5384719371795654, -0.4010070860385895, -0.09572620689868927, -0.2941615581512451, 0.9525919556617737, -0.14990301430225372, 0.5356646776199341, -1.1515910625457764, 0.14665155112743378, -0.08934826403856277, 0.14951388537883759, -0.3807452321052551, -0.014470621943473816, 0.857895016670227, -0.5487018823623657, -0.6705315709114075, 0.6491037607192993, -0.11044196784496307, -0.20589974522590637, 0.10542179644107819, -0.12854677438735962, 0.881843090057373, -0.16002649068832397, -0.36445263028144836, 0.1664741039276123, 0.33052802085876465, 0.7276808619499207, 0.7904760241508484, -0.24258649349212646, -1.8851656913757324, -0.24189406633377075, -0.5913563966751099, -1.5871375799179077, -0.8459829092025757, -0.25041529536247253, 0.4334062337875366, -0.38452768325805664, 0.04195054620504379, -0.800894021987915, 1.1000819206237793, 0.3308629095554352, -0.11166481673717499, -0.7998608350753784, 1.3011499643325806, -0.2062494307756424, -0.03207419812679291, -0.24296578764915466, -0.42478346824645996, -0.6916387677192688, 0.49699944257736206, 0.07066623866558075, -1.1102954149246216, -1.315266728401184, 0.5150144100189209, 0.28553280234336853, -0.27460187673568726, 0.46382302045822144, 0.3912981152534485, 0.7249909043312073, -1.0557210445404053, -0.96317458152771, -1.4005839824676514, 0.1419089287519455, 0.16629880666732788, -0.8963425159454346, 0.2437210977077484, 1.6962010860443115, -1.1122294664382935, 0.3050352931022644, -0.04160313680768013, -0.053011029958724976, 0.6474088430404663, 0.9987170696258545, -0.30560964345932007, -0.5688793659210205, -0.5065120458602905, -0.738987147808075, -0.03915519267320633, -1.4879783391952515, 0.18055079877376556, 0.21286384761333466, 0.8216426968574524, -0.40919601917266846, 0.18000103533267975, -0.777187705039978, 0.6189379096031189, 0.3406613767147064, -0.4544523358345032, -0.8552840948104858, -0.32305634021759033, 0.5550352334976196, 0.9870185852050781, 1.6519924402236938, 0.5351775884628296, -0.29055365920066833, -0.34762945771217346, 0.3361736238002777, -0.29133662581443787, -0.14806519448757172, -0.045423492789268494, 0.03384346514940262, 0.5839570760726929, 0.1906253844499588, 0.7719202041625977, -0.3522404134273529, -0.15730299055576324, 0.8746502995491028, -0.44973224401474, -0.3953377902507782, 0.3473988175392151, 0.9071186184883118, -0.39215099811553955, -0.9454195499420166, -0.3100431561470032, -0.7099238634109497, -0.30912137031555176, 0.007428290322422981, -1.3809229135513306, -0.15240980684757233, 0.5513929128646851, -2.098571538925171, -0.8787166476249695, 0.0664784237742424, 0.5447996258735657, -0.6012201905250549, -0.8245627880096436, 0.4486105740070343, -0.3190433979034424, 0.03678024187684059, -0.8969691395759583, 0.11031441390514374, 1.2922700643539429, -1.3032935857772827, 0.7102264761924744, 0.7446742057800293, -0.5357214212417603, 0.0636499747633934, -0.69818514585495, -0.23387880623340607, -0.3790607750415802, -0.5633871555328369, 0.8109609484672546, 0.6037607192993164, -1.212510585784912, 1.2754873037338257, 1.2819494009017944, -0.15377351641654968, -0.336501806974411, 1.3684659004211426, -1.0531221628189087, -0.9257141947746277, -0.9805906414985657, -0.45904117822647095, 0.6133942604064941, 0.09438830614089966, -0.25690534710884094, 0.926418662071228, -0.10771499574184418, -0.13225287199020386, 0.08075538277626038, -0.11638672649860382, -0.6875171661376953, -0.19837266206741333, -1.2221089601516724, 0.028138354420661926, -0.3347960114479065, 0.8788279294967651, -0.7367660403251648, -0.3949703574180603, -0.38036105036735535, 0.8424033522605896, 1.5383409261703491, 0.44798439741134644, -0.6681362390518188, -0.13508783280849457, -0.5793524980545044, -0.5845319032669067, 1.1473395824432373, 0.9174931049346924, -1.134368896484375, -0.8930350542068481, 0.6015960574150085, -0.05606256425380707, 1.4954458475112915, -0.20337466895580292, -0.22598563134670258, 0.14095327258110046, 1.7601850032806396, -0.28818804025650024, -0.30339357256889343, -0.19976966083049774, 0.4591854214668274, -0.40725669264793396, -0.3980194926261902, -0.07341054081916809, 0.3785971403121948, 0.10671590268611908, -0.5309626460075378, 0.46175485849380493, 0.6572359204292297, -0.7595283389091492, 0.32662269473075867, -1.254319667816162, -1.1981568336486816, -0.3762049078941345, -0.702035665512085, 1.7167150974273682, 0.823233962059021, -0.4169423282146454, -1.1418147087097168, 0.2519647479057312, -0.19275520741939545, 0.46348753571510315, 0.2193848192691803, -0.19625744223594666, -0.2826746702194214, 0.07159024477005005, 0.4107610881328583, 0.46313631534576416, 0.20949624478816986, -0.29325366020202637, 2.050926685333252, 0.45274868607521057, -0.0945725068449974, -0.18312828242778778, 0.7083933353424072, -0.5772831439971924, -0.9344117641448975, -1.0654124021530151, -1.428938388824463, -0.23238718509674072, -0.42185741662979126, -0.10148230195045471, -1.0655226707458496, -1.2100707292556763, -0.1308743953704834, -0.5301483869552612, -0.6573096513748169, 0.7219451069831848, 0.10464227199554443, 1.2104368209838867, 0.13239164650440216, 0.5342744588851929, 0.7741756439208984, -0.1738426238298416, -0.8769837021827698, 0.7059598565101624, 0.6176819205284119, -1.2915222644805908, -0.0960104763507843, 1.0733788013458252, 0.019770383834838867, 1.1136984825134277, 0.6295790076255798, 0.2836592495441437, 1.3725531101226807, 1.760665774345398, 0.7068142294883728, -0.848366916179657, -0.7280641794204712, -0.029780516400933266, -0.939609706401825, -1.5032362937927246, 0.9597957134246826, 0.2356308251619339, 0.9574288725852966, -0.18732482194900513, 0.24354496598243713, 0.42350149154663086, -1.282392978668213, 0.5631569623947144, -1.5458357334136963, -0.362466037273407, -2.1217732429504395, 0.5961065888404846, 1.0116888284683228, 0.2456907331943512, -0.08438356220722198, -0.09321839362382889, 0.3111360967159271, -0.4042530059814453, 0.279839426279068, 1.1676301956176758, -0.5612457990646362, -0.6882487535476685, -1.3799418210983276, -0.42758238315582275, -0.8006378412246704, -0.3062330186367035, -0.7541067600250244, -0.6232143640518188, 0.6899076700210571, 0.3815614581108093, -0.4612855017185211, -0.4694393575191498, -0.4039333760738373, 0.3283628225326538, 0.22867697477340698, -0.998582661151886, -0.8202286958694458, 0.7389382123947144, 0.13998977839946747, -0.5989295840263367, 0.10186218470335007, -0.06412703543901443, 0.22721554338932037, -0.1025242954492569, -0.5745911002159119, -0.8824555277824402, -1.4676311016082764, 0.0360632985830307, 0.0704323798418045, -0.7420341372489929, -1.9083127975463867, -0.7809816598892212, 0.1266552209854126, -1.3843865394592285, -0.502707839012146, -2.092006206512451, -0.3431909680366516, -0.8685550689697266, -0.7875019311904907, 1.379936933517456, 0.20013439655303955, -0.409157395362854, -0.10260280221700668, -1.010050892829895, -0.8003713488578796, 0.6342618465423584, -0.9352685213088989, -0.8054077625274658, -0.6774305701255798, -0.1633298546075821, 0.26838240027427673, -0.22031326591968536, 0.09943555295467377, -0.4479933977127075, 0.49505260586738586, -0.4756651520729065, -1.8185676336288452, 0.7146346569061279, 0.5443581938743591, -0.4527009129524231, -0.9488489627838135, -0.4188644289970398, 0.03668481111526489, 0.4883078336715698, -0.41663968563079834, 0.32446256279945374, 0.9410426616668701, -1.5097182989120483, -0.9746657609939575, 1.036712884902954, -0.05842003971338272, -1.150546908378601, 0.12328571081161499, 0.6263373494148254, 0.5267901420593262, -0.4512306749820709, -0.5473760962486267, -0.8468388915061951, -0.734479546546936, 0.028942270204424858, 1.5154259204864502, 1.0393022298812866, -0.7304840087890625, -0.10216269642114639, 0.8597062230110168, 0.2694685459136963, -0.3669619560241699, 0.1640254408121109, -0.18297824263572693, -0.18368928134441376, -0.15922102332115173, -0.5353041887283325, 2.204646587371826, -0.3864095211029053, -0.48203831911087036, 0.49322694540023804, -1.3307119607925415, -0.8878533840179443, 0.9202544689178467, 0.6321145296096802, -1.0673032999038696, -0.43992286920547485, 0.7944413423538208, 0.1871202290058136, -0.34492772817611694, -1.3211359977722168, -0.2529517710208893, -0.5798245072364807, 0.9380377531051636, 0.2680928409099579, -0.41008177399635315, -0.20518682897090912, 0.03224153071641922, -0.8528676629066467, -0.26664748787879944, -0.9090014100074768, 0.006702445447444916, 0.018840834498405457, 0.7619516849517822, 0.09982676804065704, 0.6152387857437134, -0.39881446957588196, 0.26706820726394653, -0.8930907845497131, -1.0606396198272705, -0.9970542788505554, 0.09028208255767822, -0.6800531148910522, -0.17291098833084106, -0.9437508583068848, -1.3499914407730103, 0.8089933395385742, 0.22992874681949615, -0.49720457196235657, 0.7935209274291992, -1.0662410259246826, -0.4586387872695923, 1.2754442691802979, 0.9319220781326294, 0.41064000129699707, -0.16698101162910461, 1.2928296327590942, -0.6559143662452698, 0.84245765209198, 0.18510127067565918, -1.734954595565796, -1.4759763479232788, 0.10186821222305298, 1.0816147327423096, -0.9454119205474854, 0.4756332039833069, -0.4575883150100708, -0.36314743757247925, -0.5522514581680298, 0.4713766276836395, -0.6703476309776306, -0.3152976930141449, 0.9097915887832642, 0.9631943702697754, 0.4792745113372803, -0.27910396456718445, 1.309269666671753, 0.8594891428947449, -0.2718106210231781, 0.735579252243042, 2.0573439598083496, -0.9140017032623291]","[0.6895422339439392, 1.63227379322052, 2.401238203048706, -1.8142063617706299, 2.7599213123321533, 2.389755964279175, -0.9137172102928162, -0.675025224685669, -0.8887636661529541, 0.5518273115158081, 0.6537972688674927, -0.7689900398254395, -0.5792527198791504, -1.9913603067398071, -0.4487878978252411, -0.9333269000053406, 0.3270924687385559, -2.626361846923828, 0.029762813821434975, 1.1025192737579346, -0.2720920741558075, 1.2467477321624756, 0.8549597859382629, -2.210268497467041, -2.3651814460754395, -0.9788835644721985, -0.8189879655838013, 2.7964563369750977, 0.10358752310276031, 0.9946120977401733, -2.2970731258392334, -0.14532098174095154, -0.5627866983413696, 0.2869478464126587, 1.3016008138656616, 0.2771371603012085, -1.4811757802963257, -0.6735424995422363, -0.5308725237846375, 0.6046046018600464, -0.4856499135494232, -0.7403983473777771, -0.6479455232620239, -0.4477926790714264, 1.4301621913909912, 0.14838899672031403, -1.457898736000061, 0.12808817625045776, -1.9105430841445923, 0.8704299926757812, 2.163943290710449, -0.5759785771369934, -0.9506256580352783, -1.5118708610534668, 0.6925795078277588, 0.24166005849838257, -1.4691327810287476, 0.07383741438388824, 0.8356871604919434, -1.5056262016296387, -0.9631145000457764, -2.0561649799346924, 0.1669088751077652, -1.1725292205810547, 0.7426475286483765, 0.5216248631477356, -1.742818832397461, 0.4888191223144531, -1.012467384338379, -2.709177255630493, 0.5582475066184998, -0.48416566848754883, -0.15372797846794128, 0.7056015133857727, -0.6350651383399963, -0.0693654865026474, 0.21117976307868958, -1.7157177925109863, -0.6233543157577515, -1.7931947708129883, 1.1790111064910889, 0.2723667621612549, 1.9289095401763916, -2.7994956970214844, 1.4124277830123901, 3.273401975631714, 1.6122897863388062, 0.9975866675376892, -2.2172367572784424, 0.788663387298584, -1.0984280109405518, 0.3882434070110321, 2.3581643104553223, 2.191129207611084, -0.9269086718559265, -2.465268611907959, -0.6063689589500427, 0.5859007239341736, 0.03749684616923332, -0.6437183618545532, -0.485795259475708, -1.7671878337860107, -3.2793474197387695, -2.4732282161712646, 0.16365398466587067, 2.874706506729126, -1.4994893074035645, 1.8365559577941895, -1.3451443910598755, -0.07236038893461227, 3.307018280029297, -1.1715459823608398, 1.9793566465377808, -3.2824225425720215, 2.3191421031951904, -0.01447220891714096, -2.4312169551849365, 0.33643588423728943, 0.6369001865386963, 2.5364866256713867, 2.2429800033569336, 2.709322214126587, 1.3415607213974, -0.351335734128952, -1.537172794342041, -0.6858071088790894, 2.253465175628662, -0.6929024457931519]","[0.34783461689949036, 1.9146894216537476, 1.4346158504486084, -0.10746291279792786, 0.6257763504981995, 0.7799136638641357, -0.04723082482814789, 1.1470028162002563, -0.5333425402641296, -0.7811106443405151, -0.5984651446342468, -0.510488748550415, -0.5076944231987, 0.16613301634788513, 0.414021372795105, 0.659371018409729, 1.9455400705337524, 0.40335240960121155, -0.4149225950241089, 0.35830429196357727, 0.26287510991096497, -0.25275981426239014, -0.14279437065124512, 0.502753734588623, 0.3996700346469879, -0.4272681474685669, 0.07879325747489929, 0.2018921971321106, -0.20010632276535034, -0.7619459629058838, 0.36283546686172485, 0.9366604685783386, -1.0007184743881226, 0.6621406078338623, -0.45087116956710815, -1.2426444292068481, 0.33349019289016724, 0.6405351758003235, -1.0312203168869019, -1.111498236656189, -0.5179141759872437, -1.6898078918457031, -0.9718903303146362, 0.399652898311615, -1.5949923992156982, 0.4150884747505188, 0.7487015128135681, 0.5448525547981262, -0.4439370632171631, 1.9512836933135986, 0.0190497487783432, 0.04615764319896698, 0.13437718152999878, -0.3391689360141754, 0.16910704970359802, -0.1991513967514038, -0.010365486145019531, -0.6290998458862305, -0.6961816549301147, -0.6806648373603821, -0.32020801305770874, -0.30497413873672485, -0.6364859342575073, -0.3189453184604645, 0.3109651803970337, -0.02232140302658081, 0.7398881316184998, -0.5577341318130493, -0.6343664526939392, 0.7232041358947754, 0.04581492394208908, 0.25551629066467285, 0.3717019855976105, 0.4407910406589508, -0.3214988708496094, -0.987510621547699, -0.4988802969455719, 0.16763518750667572, 0.026926472783088684, 0.5408244729042053, -0.835898220539093, 0.4480079710483551, -0.9742376804351807, -0.5047703385353088, 0.7605586647987366, -0.28488773107528687, 0.1044837087392807, 0.017819447442889214, 1.4601762294769287, 0.11780926585197449, 0.05595538020133972, 0.9139813780784607, 0.018597140908241272, 0.1380980908870697, -0.3270609974861145, 0.16304214298725128, 0.21917985379695892, -0.3889978528022766, -0.5591716170310974, -0.5135836601257324, 1.5466042757034302, -0.8059466481208801, 0.6771828532218933, 0.0587756484746933, 0.3347124457359314, 0.8692857623100281, -0.21883127093315125, 0.8473465442657471, 0.31341105699539185, -6.450368404388428, 0.8114379048347473, -0.2433447241783142, -0.15328046679496765, 0.13659220933914185, -0.622389018535614, 0.3015117049217224, 0.730067789554596, 0.039145588874816895, 0.19100531935691833, 0.4119705259799957, 0.3070564270019531, -1.182945728302002, -1.6462892293930054, -0.11972975730895996, -0.9263274073600769, 1.027103304862976, 0.11595190316438675, -0.2781253159046173, 0.3582019805908203, 0.09175989776849747, 1.1083744764328003, -0.7370741963386536, -0.6683354377746582, -0.2967020273208618, 0.8597722053527832, -1.3254868984222412, 0.47914576530456543, -1.8581486940383911, 1.070279598236084, 0.6225187182426453, 0.41587090492248535, 1.1296515464782715, 0.8106607794761658, -0.8131628036499023, 1.2968225479125977, 0.2443200647830963, -0.24564823508262634, 0.08784261345863342, 1.4299607276916504, 0.3211773931980133, -0.38736477494239807, -0.8559104800224304, -0.5835375189781189, -0.49979346990585327, 9.13766860961914, 0.057368259876966476, 0.06499965488910675, -0.06400856375694275, -0.344729483127594, 1.6686592102050781, 0.06743369996547699, 0.6403468251228333, -0.9194521903991699, 1.1681429147720337, -0.1922975778579712, -1.0372333526611328, -0.5833996534347534, -0.9437552690505981, -0.23734953999519348, 0.4779377281665802, -0.2881254553794861, 0.06629535555839539, 0.6550893783569336, -0.28867605328559875, -0.23323389887809753, 0.5199012756347656, -1.5805295705795288, 0.9909349083900452, -1.3164384365081787, -0.7713589072227478, -0.09114032983779907, 0.09050716459751129, -0.578765869140625, 1.5442711114883423, -0.6125155687332153, 0.1497012972831726, -0.12684085965156555, -0.17146076261997223, 0.5789373517036438, 1.1418074369430542, 0.7693565487861633, 1.620280146598816, 0.0354510098695755, 0.2679796814918518, -0.6073020696640015, 0.16693200170993805, -1.0149343013763428, -0.35446205735206604, -0.434122234582901, -0.5739960670471191, 0.07946233451366425, -0.6786785125732422, -0.07861779630184174, -0.1930493414402008, 1.4254668951034546, 0.11557455360889435, -0.9880813956260681, -1.0835665464401245, -0.6268253326416016, -1.0639171600341797, -0.12740103900432587, -0.18359209597110748, -1.1174808740615845, 0.8411145806312561, 0.17044824361801147, -0.32462528347969055, -0.13631413877010345, 0.6307140588760376, -1.0951898097991943, -1.219647765159607, 1.502655267715454, 0.4014567732810974, 0.08582283556461334, 0.3038175404071808, 1.720956563949585, -0.25027257204055786, 0.029064089059829712, 0.1935039907693863, -0.5406439900398254, -0.7145746350288391, 0.6226345300674438, -0.009202904999256134, 1.0857481956481934, 0.7452490925788879, 0.8826964497566223, -0.8764616847038269, -0.7253509759902954, 0.6566324234008789, 0.18737001717090607, 0.09358152747154236, -0.4027043581008911, 1.1829873323440552, -1.7212352752685547, -0.577113687992096, -0.28216230869293213, 1.0972583293914795, -0.5418680310249329, -0.8131631016731262, -0.4229210317134857, 0.008227430284023285, 1.2430438995361328, 0.10946387052536011, -0.6053441762924194, -0.4926762878894806, -2.7641284465789795, 0.18897081911563873, -0.2585156559944153, -0.04540795832872391, 0.06786159425973892, 0.6885533332824707, 0.19262030720710754, 0.194303497672081, -0.011245056986808777, 0.4618934988975525, 1.1743398904800415, -0.07647020369768143, -0.194930762052536, -0.9728415608406067, -0.834913969039917, 0.6092069745063782, -0.6693640351295471, -0.1106196790933609, 0.7021857500076294, 1.6088392734527588, -1.7930779457092285, -1.2226730585098267, -0.025972768664360046, 0.6314375996589661, 0.43672800064086914, -1.179334044456482, -0.6101721525192261, -0.49958616495132446, 0.3994455337524414, 0.812766969203949, 0.5172175765037537, 0.04292851686477661, 0.25766515731811523, 0.43911734223365784, 0.46202394366264343, -0.31559592485427856, 0.8586875200271606, -0.03141240030527115, 0.43280884623527527, -0.7480480074882507, -0.2454284280538559, -0.7196862697601318, 0.5272352695465088, -0.498859703540802, 0.19310063123703003, 0.33067333698272705, -0.22445476055145264, -1.3145415782928467, 0.36385416984558105, 1.0358988046646118, 0.1634279489517212, -0.921055793762207, 0.37125906348228455, -1.3200368881225586, 0.5040455460548401, -0.6311715841293335, -0.6585909128189087, 0.010718047618865967, -0.8555945158004761, 3.5250279903411865, -0.3278036415576935, 0.28412023186683655, -0.09601446986198425, 1.04098641872406, 1.5384719371795654, -0.4010070860385895, -0.09572620689868927, -0.2941615581512451, 0.9525919556617737, -0.14990301430225372, 0.5356646776199341, -1.1515910625457764, 0.14665155112743378, -0.08934826403856277, 0.14951388537883759, -0.3807452321052551, -0.014470621943473816, 0.857895016670227, -0.5487018823623657, -0.6705315709114075, 0.6491037607192993, -0.11044196784496307, -0.20589974522590637, 0.10542179644107819, -0.12854677438735962, 0.881843090057373, -0.16002649068832397, -0.36445263028144836, 0.1664741039276123, 0.33052802085876465, 0.7276808619499207, 0.7904760241508484, -0.24258649349212646, -1.8851656913757324, -0.24189406633377075, -0.5913563966751099, -1.5871375799179077, -0.8459829092025757, -0.25041529536247253, 0.4334062337875366, -0.38452768325805664, 0.04195054620504379, -0.800894021987915, 1.1000819206237793, 0.3308629095554352, -0.11166481673717499, -0.7998608350753784, 1.3011499643325806, -0.2062494307756424, -0.03207419812679291, -0.24296578764915466, -0.42478346824645996, -0.6916387677192688, 0.49699944257736206, 0.07066623866558075, -1.1102954149246216, -1.315266728401184, 0.5150144100189209, 0.28553280234336853, -0.27460187673568726, 0.46382302045822144, 0.3912981152534485, 0.7249909043312073, -1.0557210445404053, -0.96317458152771, -1.4005839824676514, 0.1419089287519455, 0.16629880666732788, -0.8963425159454346, 0.2437210977077484, 1.6962010860443115, -1.1122294664382935, 0.3050352931022644, -0.04160313680768013, -0.053011029958724976, 0.6474088430404663, 0.9987170696258545, -0.30560964345932007, -0.5688793659210205, -0.5065120458602905, -0.738987147808075, -0.03915519267320633, -1.4879783391952515, 0.18055079877376556, 0.21286384761333466, 0.8216426968574524, -0.40919601917266846, 0.18000103533267975, -0.777187705039978, 0.6189379096031189, 0.3406613767147064, -0.4544523358345032, -0.8552840948104858, -0.32305634021759033, 0.5550352334976196, 0.9870185852050781, 1.6519924402236938, 0.5351775884628296, -0.29055365920066833, -0.34762945771217346, 0.3361736238002777, -0.29133662581443787, -0.14806519448757172, -0.045423492789268494, 0.03384346514940262, 0.5839570760726929, 0.1906253844499588, 0.7719202041625977, -0.3522404134273529, -0.15730299055576324, 0.8746502995491028, -0.44973224401474, -0.3953377902507782, 0.3473988175392151, 0.9071186184883118, -0.39215099811553955, -0.9454195499420166, -0.3100431561470032, -0.7099238634109497, -0.30912137031555176, 0.007428290322422981, -1.3809229135513306, -0.15240980684757233, 0.5513929128646851, -2.098571538925171, -0.8787166476249695, 0.0664784237742424, 0.5447996258735657, -0.6012201905250549, -0.8245627880096436, 0.4486105740070343, -0.3190433979034424, 0.03678024187684059, -0.8969691395759583, 0.11031441390514374, 1.2922700643539429, -1.3032935857772827, 0.7102264761924744, 0.7446742057800293, -0.5357214212417603, 0.0636499747633934, -0.69818514585495, -0.23387880623340607, -0.3790607750415802, -0.5633871555328369, 0.8109609484672546, 0.6037607192993164, -1.212510585784912, 1.2754873037338257, 1.2819494009017944, -0.15377351641654968, -0.336501806974411, 1.3684659004211426, -1.0531221628189087, -0.9257141947746277, -0.9805906414985657, -0.45904117822647095, 0.6133942604064941, 0.09438830614089966, -0.25690534710884094, 0.926418662071228, -0.10771499574184418, -0.13225287199020386, 0.08075538277626038, -0.11638672649860382, -0.6875171661376953, -0.19837266206741333, -1.2221089601516724, 0.028138354420661926, -0.3347960114479065, 0.8788279294967651, -0.7367660403251648, -0.3949703574180603, -0.38036105036735535, 0.8424033522605896, 1.5383409261703491, 0.44798439741134644, -0.6681362390518188, -0.13508783280849457, -0.5793524980545044, -0.5845319032669067, 1.1473395824432373, 0.9174931049346924, -1.134368896484375, -0.8930350542068481, 0.6015960574150085, -0.05606256425380707, 1.4954458475112915, -0.20337466895580292, -0.22598563134670258, 0.14095327258110046, 1.7601850032806396, -0.28818804025650024, -0.30339357256889343, -0.19976966083049774, 0.4591854214668274, -0.40725669264793396, -0.3980194926261902, -0.07341054081916809, 0.3785971403121948, 0.10671590268611908, -0.5309626460075378, 0.46175485849380493, 0.6572359204292297, -0.7595283389091492, 0.32662269473075867, -1.254319667816162, -1.1981568336486816, -0.3762049078941345, -0.702035665512085, 1.7167150974273682, 0.823233962059021, -0.4169423282146454, -1.1418147087097168, 0.2519647479057312, -0.19275520741939545, 0.46348753571510315, 0.2193848192691803, -0.19625744223594666, -0.2826746702194214, 0.07159024477005005, 0.4107610881328583, 0.46313631534576416, 0.20949624478816986, -0.29325366020202637, 2.050926685333252, 0.45274868607521057, -0.0945725068449974, -0.18312828242778778, 0.7083933353424072, -0.5772831439971924, -0.9344117641448975, -1.0654124021530151, -1.428938388824463, -0.23238718509674072, -0.42185741662979126, -0.10148230195045471, -1.0655226707458496, -1.2100707292556763, -0.1308743953704834, -0.5301483869552612, -0.6573096513748169, 0.7219451069831848, 0.10464227199554443, 1.2104368209838867, 0.13239164650440216, 0.5342744588851929, 0.7741756439208984, -0.1738426238298416, -0.8769837021827698, 0.7059598565101624, 0.6176819205284119, -1.2915222644805908, -0.0960104763507843, 1.0733788013458252, 0.019770383834838867, 1.1136984825134277, 0.6295790076255798, 0.2836592495441437, 1.3725531101226807, 1.760665774345398, 0.7068142294883728, -0.848366916179657, -0.7280641794204712, -0.029780516400933266, -0.939609706401825, -1.5032362937927246, 0.9597957134246826, 0.2356308251619339, 0.9574288725852966, -0.18732482194900513, 0.24354496598243713, 0.42350149154663086, -1.282392978668213, 0.5631569623947144, -1.5458357334136963, -0.362466037273407, -2.1217732429504395, 0.5961065888404846, 1.0116888284683228, 0.2456907331943512, -0.08438356220722198, -0.09321839362382889, 0.3111360967159271, -0.4042530059814453, 0.279839426279068, 1.1676301956176758, -0.5612457990646362, -0.6882487535476685, -1.3799418210983276, -0.42758238315582275, -0.8006378412246704, -0.3062330186367035, -0.7541067600250244, -0.6232143640518188, 0.6899076700210571, 0.3815614581108093, -0.4612855017185211, -0.4694393575191498, -0.4039333760738373, 0.3283628225326538, 0.22867697477340698, -0.998582661151886, -0.8202286958694458, 0.7389382123947144, 0.13998977839946747, -0.5989295840263367, 0.10186218470335007, -0.06412703543901443, 0.22721554338932037, -0.1025242954492569, -0.5745911002159119, -0.8824555277824402, -1.4676311016082764, 0.0360632985830307, 0.0704323798418045, -0.7420341372489929, -1.9083127975463867, -0.7809816598892212, 0.1266552209854126, -1.3843865394592285, -0.502707839012146, -2.092006206512451, -0.3431909680366516, -0.8685550689697266, -0.7875019311904907, 1.379936933517456, 0.20013439655303955, -0.409157395362854, -0.10260280221700668, -1.010050892829895, -0.8003713488578796, 0.6342618465423584, -0.9352685213088989, -0.8054077625274658, -0.6774305701255798, -0.1633298546075821, 0.26838240027427673, -0.22031326591968536, 0.09943555295467377, -0.4479933977127075, 0.49505260586738586, -0.4756651520729065, -1.8185676336288452, 0.7146346569061279, 0.5443581938743591, -0.4527009129524231, -0.9488489627838135, -0.4188644289970398, 0.03668481111526489, 0.4883078336715698, -0.41663968563079834, 0.32446256279945374, 0.9410426616668701, -1.5097182989120483, -0.9746657609939575, 1.036712884902954, -0.05842003971338272, -1.150546908378601, 0.12328571081161499, 0.6263373494148254, 0.5267901420593262, -0.4512306749820709, -0.5473760962486267, -0.8468388915061951, -0.734479546546936, 0.028942270204424858, 1.5154259204864502, 1.0393022298812866, -0.7304840087890625, -0.10216269642114639, 0.8597062230110168, 0.2694685459136963, -0.3669619560241699, 0.1640254408121109, -0.18297824263572693, -0.18368928134441376, -0.15922102332115173, -0.5353041887283325, 2.204646587371826, -0.3864095211029053, -0.48203831911087036, 0.49322694540023804, -1.3307119607925415, -0.8878533840179443, 0.9202544689178467, 0.6321145296096802, -1.0673032999038696, -0.43992286920547485, 0.7944413423538208, 0.1871202290058136, -0.34492772817611694, -1.3211359977722168, -0.2529517710208893, -0.5798245072364807, 0.9380377531051636, 0.2680928409099579, -0.41008177399635315, -0.20518682897090912, 0.03224153071641922, -0.8528676629066467, -0.26664748787879944, -0.9090014100074768, 0.006702445447444916, 0.018840834498405457, 0.7619516849517822, 0.09982676804065704, 0.6152387857437134, -0.39881446957588196, 0.26706820726394653, -0.8930907845497131, -1.0606396198272705, -0.9970542788505554, 0.09028208255767822, -0.6800531148910522, -0.17291098833084106, -0.9437508583068848, -1.3499914407730103, 0.8089933395385742, 0.22992874681949615, -0.49720457196235657, 0.7935209274291992, -1.0662410259246826, -0.4586387872695923, 1.2754442691802979, 0.9319220781326294, 0.41064000129699707, -0.16698101162910461, 1.2928296327590942, -0.6559143662452698, 0.84245765209198, 0.18510127067565918, -1.734954595565796, -1.4759763479232788, 0.10186821222305298, 1.0816147327423096, -0.9454119205474854, 0.4756332039833069, -0.4575883150100708, -0.36314743757247925, -0.5522514581680298, 0.4713766276836395, -0.6703476309776306, -0.3152976930141449, 0.9097915887832642, 0.9631943702697754, 0.4792745113372803, -0.27910396456718445, 1.309269666671753, 0.8594891428947449, -0.2718106210231781, 0.735579252243042, 2.0573439598083496, -0.9140017032623291, 0.6895422339439392, 1.63227379322052, 2.401238203048706, -1.8142063617706299, 2.7599213123321533, 2.389755964279175, -0.9137172102928162, -0.675025224685669, -0.8887636661529541, 0.5518273115158081, 0.6537972688674927, -0.7689900398254395, -0.5792527198791504, -1.9913603067398071, -0.4487878978252411, -0.9333269000053406, 0.3270924687385559, -2.626361846923828, 0.029762813821434975, 1.1025192737579346, -0.2720920741558075, 1.2467477321624756, 0.8549597859382629, -2.210268497467041, -2.3651814460754395, -0.9788835644721985, -0.8189879655838013, 2.7964563369750977, 0.10358752310276031, 0.9946120977401733, -2.2970731258392334, -0.14532098174095154, -0.5627866983413696, 0.2869478464126587, 1.3016008138656616, 0.2771371603012085, -1.4811757802963257, -0.6735424995422363, -0.5308725237846375, 0.6046046018600464, -0.4856499135494232, -0.7403983473777771, -0.6479455232620239, -0.4477926790714264, 1.4301621913909912, 0.14838899672031403, -1.457898736000061, 0.12808817625045776, -1.9105430841445923, 0.8704299926757812, 2.163943290710449, -0.5759785771369934, -0.9506256580352783, -1.5118708610534668, 0.6925795078277588, 0.24166005849838257, -1.4691327810287476, 0.07383741438388824, 0.8356871604919434, -1.5056262016296387, -0.9631145000457764, -2.0561649799346924, 0.1669088751077652, -1.1725292205810547, 0.7426475286483765, 0.5216248631477356, -1.742818832397461, 0.4888191223144531, -1.012467384338379, -2.709177255630493, 0.5582475066184998, -0.48416566848754883, -0.15372797846794128, 0.7056015133857727, -0.6350651383399963, -0.0693654865026474, 0.21117976307868958, -1.7157177925109863, -0.6233543157577515, -1.7931947708129883, 1.1790111064910889, 0.2723667621612549, 1.9289095401763916, -2.7994956970214844, 1.4124277830123901, 3.273401975631714, 1.6122897863388062, 0.9975866675376892, -2.2172367572784424, 0.788663387298584, -1.0984280109405518, 0.3882434070110321, 2.3581643104553223, 2.191129207611084, -0.9269086718559265, -2.465268611907959, -0.6063689589500427, 0.5859007239341736, 0.03749684616923332, -0.6437183618545532, -0.485795259475708, -1.7671878337860107, -3.2793474197387695, -2.4732282161712646, 0.16365398466587067, 2.874706506729126, -1.4994893074035645, 1.8365559577941895, -1.3451443910598755, -0.07236038893461227, 3.307018280029297, -1.1715459823608398, 1.9793566465377808, -3.2824225425720215, 2.3191421031951904, -0.01447220891714096, -2.4312169551849365, 0.33643588423728943, 0.6369001865386963, 2.5364866256713867, 2.2429800033569336, 2.709322214126587, 1.3415607213974, -0.351335734128952, -1.537172794342041, -0.6858071088790894, 2.253465175628662, -0.6929024457931519]"
19,2,إخراج قيد,personal,"سسيانا يعض الث اللاي ‎١١!!!‏ باينا
شن الأ ال ا

‎٠‏ للى مديرية الرى العام لحوش الساحل
م «الشودون الاداريه والقانونية

‏اشارة الى الامر الاداري السادر عن السيد المغير العام رقم ‎/١771/‏ تاريخ 1117/8/15 المنشمن
م السسسيده سمر وقاف العامه لدينا اجازه امومه اشافيه استكمالا لاجازة الامومه وذلك
اعتبارا من تاريسسسخ ‎7/0/٠‏ ولمدة شهر واحد

‏يرجى أخذ السعلم بأن الموما اليها باشرت العمل لدينا في بداية دوام 1117/1/16

‏سداد","[0.34783461689949036, 1.9146894216537476, 1.4346158504486084, -0.10746291279792786, 0.6257763504981995, 0.7799136638641357, -0.04723082482814789, 1.1470028162002563, -0.5333425402641296, -0.7811106443405151, -0.5984651446342468, -0.510488748550415, -0.5076944231987, 0.16613301634788513, 0.414021372795105, 0.659371018409729, 1.9455400705337524, 0.40335240960121155, -0.4149225950241089, 0.35830429196357727, 0.26287510991096497, -0.25275981426239014, -0.14279437065124512, 0.502753734588623, 0.3996700346469879, -0.4272681474685669, 0.07879325747489929, 0.2018921971321106, -0.20010632276535034, -0.7619459629058838, 0.36283546686172485, 0.9366604685783386, -1.0007184743881226, 0.6621406078338623, -0.45087116956710815, -1.2426444292068481, 0.33349019289016724, 0.6405351758003235, -1.0312203168869019, -1.111498236656189, -0.5179141759872437, -1.6898078918457031, -0.9718903303146362, 0.399652898311615, -1.5949923992156982, 0.4150884747505188, 0.7487015128135681, 0.5448525547981262, -0.4439370632171631, 1.9512836933135986, 0.0190497487783432, 0.04615764319896698, 0.13437718152999878, -0.3391689360141754, 0.16910704970359802, -0.1991513967514038, -0.010365486145019531, -0.6290998458862305, -0.6961816549301147, -0.6806648373603821, -0.32020801305770874, -0.30497413873672485, -0.6364859342575073, -0.3189453184604645, 0.3109651803970337, -0.02232140302658081, 0.7398881316184998, -0.5577341318130493, -0.6343664526939392, 0.7232041358947754, 0.04581492394208908, 0.25551629066467285, 0.3717019855976105, 0.4407910406589508, -0.3214988708496094, -0.987510621547699, -0.4988802969455719, 0.16763518750667572, 0.026926472783088684, 0.5408244729042053, -0.835898220539093, 0.4480079710483551, -0.9742376804351807, -0.5047703385353088, 0.7605586647987366, -0.28488773107528687, 0.1044837087392807, 0.017819447442889214, 1.4601762294769287, 0.11780926585197449, 0.05595538020133972, 0.9139813780784607, 0.018597140908241272, 0.1380980908870697, -0.3270609974861145, 0.16304214298725128, 0.21917985379695892, -0.3889978528022766, -0.5591716170310974, -0.5135836601257324, 1.5466042757034302, -0.8059466481208801, 0.6771828532218933, 0.0587756484746933, 0.3347124457359314, 0.8692857623100281, -0.21883127093315125, 0.8473465442657471, 0.31341105699539185, -6.450368404388428, 0.8114379048347473, -0.2433447241783142, -0.15328046679496765, 0.13659220933914185, -0.622389018535614, 0.3015117049217224, 0.730067789554596, 0.039145588874816895, 0.19100531935691833, 0.4119705259799957, 0.3070564270019531, -1.182945728302002, -1.6462892293930054, -0.11972975730895996, -0.9263274073600769, 1.027103304862976, 0.11595190316438675, -0.2781253159046173, 0.3582019805908203, 0.09175989776849747, 1.1083744764328003, -0.7370741963386536, -0.6683354377746582, -0.2967020273208618, 0.8597722053527832, -1.3254868984222412, 0.47914576530456543, -1.8581486940383911, 1.070279598236084, 0.6225187182426453, 0.41587090492248535, 1.1296515464782715, 0.8106607794761658, -0.8131628036499023, 1.2968225479125977, 0.2443200647830963, -0.24564823508262634, 0.08784261345863342, 1.4299607276916504, 0.3211773931980133, -0.38736477494239807, -0.8559104800224304, -0.5835375189781189, -0.49979346990585327, 9.13766860961914, 0.057368259876966476, 0.06499965488910675, -0.06400856375694275, -0.344729483127594, 1.6686592102050781, 0.06743369996547699, 0.6403468251228333, -0.9194521903991699, 1.1681429147720337, -0.1922975778579712, -1.0372333526611328, -0.5833996534347534, -0.9437552690505981, -0.23734953999519348, 0.4779377281665802, -0.2881254553794861, 0.06629535555839539, 0.6550893783569336, -0.28867605328559875, -0.23323389887809753, 0.5199012756347656, -1.5805295705795288, 0.9909349083900452, -1.3164384365081787, -0.7713589072227478, -0.09114032983779907, 0.09050716459751129, -0.578765869140625, 1.5442711114883423, -0.6125155687332153, 0.1497012972831726, -0.12684085965156555, -0.17146076261997223, 0.5789373517036438, 1.1418074369430542, 0.7693565487861633, 1.620280146598816, 0.0354510098695755, 0.2679796814918518, -0.6073020696640015, 0.16693200170993805, -1.0149343013763428, -0.35446205735206604, -0.434122234582901, -0.5739960670471191, 0.07946233451366425, -0.6786785125732422, -0.07861779630184174, -0.1930493414402008, 1.4254668951034546, 0.11557455360889435, -0.9880813956260681, -1.0835665464401245, -0.6268253326416016, -1.0639171600341797, -0.12740103900432587, -0.18359209597110748, -1.1174808740615845, 0.8411145806312561, 0.17044824361801147, -0.32462528347969055, -0.13631413877010345, 0.6307140588760376, -1.0951898097991943, -1.219647765159607, 1.502655267715454, 0.4014567732810974, 0.08582283556461334, 0.3038175404071808, 1.720956563949585, -0.25027257204055786, 0.029064089059829712, 0.1935039907693863, -0.5406439900398254, -0.7145746350288391, 0.6226345300674438, -0.009202904999256134, 1.0857481956481934, 0.7452490925788879, 0.8826964497566223, -0.8764616847038269, -0.7253509759902954, 0.6566324234008789, 0.18737001717090607, 0.09358152747154236, -0.4027043581008911, 1.1829873323440552, -1.7212352752685547, -0.577113687992096, -0.28216230869293213, 1.0972583293914795, -0.5418680310249329, -0.8131631016731262, -0.4229210317134857, 0.008227430284023285, 1.2430438995361328, 0.10946387052536011, -0.6053441762924194, -0.4926762878894806, -2.7641284465789795, 0.18897081911563873, -0.2585156559944153, -0.04540795832872391, 0.06786159425973892, 0.6885533332824707, 0.19262030720710754, 0.194303497672081, -0.011245056986808777, 0.4618934988975525, 1.1743398904800415, -0.07647020369768143, -0.194930762052536, -0.9728415608406067, -0.834913969039917, 0.6092069745063782, -0.6693640351295471, -0.1106196790933609, 0.7021857500076294, 1.6088392734527588, -1.7930779457092285, -1.2226730585098267, -0.025972768664360046, 0.6314375996589661, 0.43672800064086914, -1.179334044456482, -0.6101721525192261, -0.49958616495132446, 0.3994455337524414, 0.812766969203949, 0.5172175765037537, 0.04292851686477661, 0.25766515731811523, 0.43911734223365784, 0.46202394366264343, -0.31559592485427856, 0.8586875200271606, -0.03141240030527115, 0.43280884623527527, -0.7480480074882507, -0.2454284280538559, -0.7196862697601318, 0.5272352695465088, -0.498859703540802, 0.19310063123703003, 0.33067333698272705, -0.22445476055145264, -1.3145415782928467, 0.36385416984558105, 1.0358988046646118, 0.1634279489517212, -0.921055793762207, 0.37125906348228455, -1.3200368881225586, 0.5040455460548401, -0.6311715841293335, -0.6585909128189087, 0.010718047618865967, -0.8555945158004761, 3.5250279903411865, -0.3278036415576935, 0.28412023186683655, -0.09601446986198425, 1.04098641872406, 1.5384719371795654, -0.4010070860385895, -0.09572620689868927, -0.2941615581512451, 0.9525919556617737, -0.14990301430225372, 0.5356646776199341, -1.1515910625457764, 0.14665155112743378, -0.08934826403856277, 0.14951388537883759, -0.3807452321052551, -0.014470621943473816, 0.857895016670227, -0.5487018823623657, -0.6705315709114075, 0.6491037607192993, -0.11044196784496307, -0.20589974522590637, 0.10542179644107819, -0.12854677438735962, 0.881843090057373, -0.16002649068832397, -0.36445263028144836, 0.1664741039276123, 0.33052802085876465, 0.7276808619499207, 0.7904760241508484, -0.24258649349212646, -1.8851656913757324, -0.24189406633377075, -0.5913563966751099, -1.5871375799179077, -0.8459829092025757, -0.25041529536247253, 0.4334062337875366, -0.38452768325805664, 0.04195054620504379, -0.800894021987915, 1.1000819206237793, 0.3308629095554352, -0.11166481673717499, -0.7998608350753784, 1.3011499643325806, -0.2062494307756424, -0.03207419812679291, -0.24296578764915466, -0.42478346824645996, -0.6916387677192688, 0.49699944257736206, 0.07066623866558075, -1.1102954149246216, -1.315266728401184, 0.5150144100189209, 0.28553280234336853, -0.27460187673568726, 0.46382302045822144, 0.3912981152534485, 0.7249909043312073, -1.0557210445404053, -0.96317458152771, -1.4005839824676514, 0.1419089287519455, 0.16629880666732788, -0.8963425159454346, 0.2437210977077484, 1.6962010860443115, -1.1122294664382935, 0.3050352931022644, -0.04160313680768013, -0.053011029958724976, 0.6474088430404663, 0.9987170696258545, -0.30560964345932007, -0.5688793659210205, -0.5065120458602905, -0.738987147808075, -0.03915519267320633, -1.4879783391952515, 0.18055079877376556, 0.21286384761333466, 0.8216426968574524, -0.40919601917266846, 0.18000103533267975, -0.777187705039978, 0.6189379096031189, 0.3406613767147064, -0.4544523358345032, -0.8552840948104858, -0.32305634021759033, 0.5550352334976196, 0.9870185852050781, 1.6519924402236938, 0.5351775884628296, -0.29055365920066833, -0.34762945771217346, 0.3361736238002777, -0.29133662581443787, -0.14806519448757172, -0.045423492789268494, 0.03384346514940262, 0.5839570760726929, 0.1906253844499588, 0.7719202041625977, -0.3522404134273529, -0.15730299055576324, 0.8746502995491028, -0.44973224401474, -0.3953377902507782, 0.3473988175392151, 0.9071186184883118, -0.39215099811553955, -0.9454195499420166, -0.3100431561470032, -0.7099238634109497, -0.30912137031555176, 0.007428290322422981, -1.3809229135513306, -0.15240980684757233, 0.5513929128646851, -2.098571538925171, -0.8787166476249695, 0.0664784237742424, 0.5447996258735657, -0.6012201905250549, -0.8245627880096436, 0.4486105740070343, -0.3190433979034424, 0.03678024187684059, -0.8969691395759583, 0.11031441390514374, 1.2922700643539429, -1.3032935857772827, 0.7102264761924744, 0.7446742057800293, -0.5357214212417603, 0.0636499747633934, -0.69818514585495, -0.23387880623340607, -0.3790607750415802, -0.5633871555328369, 0.8109609484672546, 0.6037607192993164, -1.212510585784912, 1.2754873037338257, 1.2819494009017944, -0.15377351641654968, -0.336501806974411, 1.3684659004211426, -1.0531221628189087, -0.9257141947746277, -0.9805906414985657, -0.45904117822647095, 0.6133942604064941, 0.09438830614089966, -0.25690534710884094, 0.926418662071228, -0.10771499574184418, -0.13225287199020386, 0.08075538277626038, -0.11638672649860382, -0.6875171661376953, -0.19837266206741333, -1.2221089601516724, 0.028138354420661926, -0.3347960114479065, 0.8788279294967651, -0.7367660403251648, -0.3949703574180603, -0.38036105036735535, 0.8424033522605896, 1.5383409261703491, 0.44798439741134644, -0.6681362390518188, -0.13508783280849457, -0.5793524980545044, -0.5845319032669067, 1.1473395824432373, 0.9174931049346924, -1.134368896484375, -0.8930350542068481, 0.6015960574150085, -0.05606256425380707, 1.4954458475112915, -0.20337466895580292, -0.22598563134670258, 0.14095327258110046, 1.7601850032806396, -0.28818804025650024, -0.30339357256889343, -0.19976966083049774, 0.4591854214668274, -0.40725669264793396, -0.3980194926261902, -0.07341054081916809, 0.3785971403121948, 0.10671590268611908, -0.5309626460075378, 0.46175485849380493, 0.6572359204292297, -0.7595283389091492, 0.32662269473075867, -1.254319667816162, -1.1981568336486816, -0.3762049078941345, -0.702035665512085, 1.7167150974273682, 0.823233962059021, -0.4169423282146454, -1.1418147087097168, 0.2519647479057312, -0.19275520741939545, 0.46348753571510315, 0.2193848192691803, -0.19625744223594666, -0.2826746702194214, 0.07159024477005005, 0.4107610881328583, 0.46313631534576416, 0.20949624478816986, -0.29325366020202637, 2.050926685333252, 0.45274868607521057, -0.0945725068449974, -0.18312828242778778, 0.7083933353424072, -0.5772831439971924, -0.9344117641448975, -1.0654124021530151, -1.428938388824463, -0.23238718509674072, -0.42185741662979126, -0.10148230195045471, -1.0655226707458496, -1.2100707292556763, -0.1308743953704834, -0.5301483869552612, -0.6573096513748169, 0.7219451069831848, 0.10464227199554443, 1.2104368209838867, 0.13239164650440216, 0.5342744588851929, 0.7741756439208984, -0.1738426238298416, -0.8769837021827698, 0.7059598565101624, 0.6176819205284119, -1.2915222644805908, -0.0960104763507843, 1.0733788013458252, 0.019770383834838867, 1.1136984825134277, 0.6295790076255798, 0.2836592495441437, 1.3725531101226807, 1.760665774345398, 0.7068142294883728, -0.848366916179657, -0.7280641794204712, -0.029780516400933266, -0.939609706401825, -1.5032362937927246, 0.9597957134246826, 0.2356308251619339, 0.9574288725852966, -0.18732482194900513, 0.24354496598243713, 0.42350149154663086, -1.282392978668213, 0.5631569623947144, -1.5458357334136963, -0.362466037273407, -2.1217732429504395, 0.5961065888404846, 1.0116888284683228, 0.2456907331943512, -0.08438356220722198, -0.09321839362382889, 0.3111360967159271, -0.4042530059814453, 0.279839426279068, 1.1676301956176758, -0.5612457990646362, -0.6882487535476685, -1.3799418210983276, -0.42758238315582275, -0.8006378412246704, -0.3062330186367035, -0.7541067600250244, -0.6232143640518188, 0.6899076700210571, 0.3815614581108093, -0.4612855017185211, -0.4694393575191498, -0.4039333760738373, 0.3283628225326538, 0.22867697477340698, -0.998582661151886, -0.8202286958694458, 0.7389382123947144, 0.13998977839946747, -0.5989295840263367, 0.10186218470335007, -0.06412703543901443, 0.22721554338932037, -0.1025242954492569, -0.5745911002159119, -0.8824555277824402, -1.4676311016082764, 0.0360632985830307, 0.0704323798418045, -0.7420341372489929, -1.9083127975463867, -0.7809816598892212, 0.1266552209854126, -1.3843865394592285, -0.502707839012146, -2.092006206512451, -0.3431909680366516, -0.8685550689697266, -0.7875019311904907, 1.379936933517456, 0.20013439655303955, -0.409157395362854, -0.10260280221700668, -1.010050892829895, -0.8003713488578796, 0.6342618465423584, -0.9352685213088989, -0.8054077625274658, -0.6774305701255798, -0.1633298546075821, 0.26838240027427673, -0.22031326591968536, 0.09943555295467377, -0.4479933977127075, 0.49505260586738586, -0.4756651520729065, -1.8185676336288452, 0.7146346569061279, 0.5443581938743591, -0.4527009129524231, -0.9488489627838135, -0.4188644289970398, 0.03668481111526489, 0.4883078336715698, -0.41663968563079834, 0.32446256279945374, 0.9410426616668701, -1.5097182989120483, -0.9746657609939575, 1.036712884902954, -0.05842003971338272, -1.150546908378601, 0.12328571081161499, 0.6263373494148254, 0.5267901420593262, -0.4512306749820709, -0.5473760962486267, -0.8468388915061951, -0.734479546546936, 0.028942270204424858, 1.5154259204864502, 1.0393022298812866, -0.7304840087890625, -0.10216269642114639, 0.8597062230110168, 0.2694685459136963, -0.3669619560241699, 0.1640254408121109, -0.18297824263572693, -0.18368928134441376, -0.15922102332115173, -0.5353041887283325, 2.204646587371826, -0.3864095211029053, -0.48203831911087036, 0.49322694540023804, -1.3307119607925415, -0.8878533840179443, 0.9202544689178467, 0.6321145296096802, -1.0673032999038696, -0.43992286920547485, 0.7944413423538208, 0.1871202290058136, -0.34492772817611694, -1.3211359977722168, -0.2529517710208893, -0.5798245072364807, 0.9380377531051636, 0.2680928409099579, -0.41008177399635315, -0.20518682897090912, 0.03224153071641922, -0.8528676629066467, -0.26664748787879944, -0.9090014100074768, 0.006702445447444916, 0.018840834498405457, 0.7619516849517822, 0.09982676804065704, 0.6152387857437134, -0.39881446957588196, 0.26706820726394653, -0.8930907845497131, -1.0606396198272705, -0.9970542788505554, 0.09028208255767822, -0.6800531148910522, -0.17291098833084106, -0.9437508583068848, -1.3499914407730103, 0.8089933395385742, 0.22992874681949615, -0.49720457196235657, 0.7935209274291992, -1.0662410259246826, -0.4586387872695923, 1.2754442691802979, 0.9319220781326294, 0.41064000129699707, -0.16698101162910461, 1.2928296327590942, -0.6559143662452698, 0.84245765209198, 0.18510127067565918, -1.734954595565796, -1.4759763479232788, 0.10186821222305298, 1.0816147327423096, -0.9454119205474854, 0.4756332039833069, -0.4575883150100708, -0.36314743757247925, -0.5522514581680298, 0.4713766276836395, -0.6703476309776306, -0.3152976930141449, 0.9097915887832642, 0.9631943702697754, 0.4792745113372803, -0.27910396456718445, 1.309269666671753, 0.8594891428947449, -0.2718106210231781, 0.735579252243042, 2.0573439598083496, -0.9140017032623291]","[0.6895422339439392, 1.63227379322052, 2.401238203048706, -1.8142063617706299, 2.7599213123321533, 2.389755964279175, -0.9137172102928162, -0.675025224685669, -0.8887636661529541, 0.5518273115158081, 0.6537972688674927, -0.7689900398254395, -0.5792527198791504, -1.9913603067398071, -0.4487878978252411, -0.9333269000053406, 0.3270924687385559, -2.626361846923828, 0.029762813821434975, 1.1025192737579346, -0.2720920741558075, 1.2467477321624756, 0.8549597859382629, -2.210268497467041, -2.3651814460754395, -0.9788835644721985, -0.8189879655838013, 2.7964563369750977, 0.10358752310276031, 0.9946120977401733, -2.2970731258392334, -0.14532098174095154, -0.5627866983413696, 0.2869478464126587, 1.3016008138656616, 0.2771371603012085, -1.4811757802963257, -0.6735424995422363, -0.5308725237846375, 0.6046046018600464, -0.4856499135494232, -0.7403983473777771, -0.6479455232620239, -0.4477926790714264, 1.4301621913909912, 0.14838899672031403, -1.457898736000061, 0.12808817625045776, -1.9105430841445923, 0.8704299926757812, 2.163943290710449, -0.5759785771369934, -0.9506256580352783, -1.5118708610534668, 0.6925795078277588, 0.24166005849838257, -1.4691327810287476, 0.07383741438388824, 0.8356871604919434, -1.5056262016296387, -0.9631145000457764, -2.0561649799346924, 0.1669088751077652, -1.1725292205810547, 0.7426475286483765, 0.5216248631477356, -1.742818832397461, 0.4888191223144531, -1.012467384338379, -2.709177255630493, 0.5582475066184998, -0.48416566848754883, -0.15372797846794128, 0.7056015133857727, -0.6350651383399963, -0.0693654865026474, 0.21117976307868958, -1.7157177925109863, -0.6233543157577515, -1.7931947708129883, 1.1790111064910889, 0.2723667621612549, 1.9289095401763916, -2.7994956970214844, 1.4124277830123901, 3.273401975631714, 1.6122897863388062, 0.9975866675376892, -2.2172367572784424, 0.788663387298584, -1.0984280109405518, 0.3882434070110321, 2.3581643104553223, 2.191129207611084, -0.9269086718559265, -2.465268611907959, -0.6063689589500427, 0.5859007239341736, 0.03749684616923332, -0.6437183618545532, -0.485795259475708, -1.7671878337860107, -3.2793474197387695, -2.4732282161712646, 0.16365398466587067, 2.874706506729126, -1.4994893074035645, 1.8365559577941895, -1.3451443910598755, -0.07236038893461227, 3.307018280029297, -1.1715459823608398, 1.9793566465377808, -3.2824225425720215, 2.3191421031951904, -0.01447220891714096, -2.4312169551849365, 0.33643588423728943, 0.6369001865386963, 2.5364866256713867, 2.2429800033569336, 2.709322214126587, 1.3415607213974, -0.351335734128952, -1.537172794342041, -0.6858071088790894, 2.253465175628662, -0.6929024457931519]","[0.34783461689949036, 1.9146894216537476, 1.4346158504486084, -0.10746291279792786, 0.6257763504981995, 0.7799136638641357, -0.04723082482814789, 1.1470028162002563, -0.5333425402641296, -0.7811106443405151, -0.5984651446342468, -0.510488748550415, -0.5076944231987, 0.16613301634788513, 0.414021372795105, 0.659371018409729, 1.9455400705337524, 0.40335240960121155, -0.4149225950241089, 0.35830429196357727, 0.26287510991096497, -0.25275981426239014, -0.14279437065124512, 0.502753734588623, 0.3996700346469879, -0.4272681474685669, 0.07879325747489929, 0.2018921971321106, -0.20010632276535034, -0.7619459629058838, 0.36283546686172485, 0.9366604685783386, -1.0007184743881226, 0.6621406078338623, -0.45087116956710815, -1.2426444292068481, 0.33349019289016724, 0.6405351758003235, -1.0312203168869019, -1.111498236656189, -0.5179141759872437, -1.6898078918457031, -0.9718903303146362, 0.399652898311615, -1.5949923992156982, 0.4150884747505188, 0.7487015128135681, 0.5448525547981262, -0.4439370632171631, 1.9512836933135986, 0.0190497487783432, 0.04615764319896698, 0.13437718152999878, -0.3391689360141754, 0.16910704970359802, -0.1991513967514038, -0.010365486145019531, -0.6290998458862305, -0.6961816549301147, -0.6806648373603821, -0.32020801305770874, -0.30497413873672485, -0.6364859342575073, -0.3189453184604645, 0.3109651803970337, -0.02232140302658081, 0.7398881316184998, -0.5577341318130493, -0.6343664526939392, 0.7232041358947754, 0.04581492394208908, 0.25551629066467285, 0.3717019855976105, 0.4407910406589508, -0.3214988708496094, -0.987510621547699, -0.4988802969455719, 0.16763518750667572, 0.026926472783088684, 0.5408244729042053, -0.835898220539093, 0.4480079710483551, -0.9742376804351807, -0.5047703385353088, 0.7605586647987366, -0.28488773107528687, 0.1044837087392807, 0.017819447442889214, 1.4601762294769287, 0.11780926585197449, 0.05595538020133972, 0.9139813780784607, 0.018597140908241272, 0.1380980908870697, -0.3270609974861145, 0.16304214298725128, 0.21917985379695892, -0.3889978528022766, -0.5591716170310974, -0.5135836601257324, 1.5466042757034302, -0.8059466481208801, 0.6771828532218933, 0.0587756484746933, 0.3347124457359314, 0.8692857623100281, -0.21883127093315125, 0.8473465442657471, 0.31341105699539185, -6.450368404388428, 0.8114379048347473, -0.2433447241783142, -0.15328046679496765, 0.13659220933914185, -0.622389018535614, 0.3015117049217224, 0.730067789554596, 0.039145588874816895, 0.19100531935691833, 0.4119705259799957, 0.3070564270019531, -1.182945728302002, -1.6462892293930054, -0.11972975730895996, -0.9263274073600769, 1.027103304862976, 0.11595190316438675, -0.2781253159046173, 0.3582019805908203, 0.09175989776849747, 1.1083744764328003, -0.7370741963386536, -0.6683354377746582, -0.2967020273208618, 0.8597722053527832, -1.3254868984222412, 0.47914576530456543, -1.8581486940383911, 1.070279598236084, 0.6225187182426453, 0.41587090492248535, 1.1296515464782715, 0.8106607794761658, -0.8131628036499023, 1.2968225479125977, 0.2443200647830963, -0.24564823508262634, 0.08784261345863342, 1.4299607276916504, 0.3211773931980133, -0.38736477494239807, -0.8559104800224304, -0.5835375189781189, -0.49979346990585327, 9.13766860961914, 0.057368259876966476, 0.06499965488910675, -0.06400856375694275, -0.344729483127594, 1.6686592102050781, 0.06743369996547699, 0.6403468251228333, -0.9194521903991699, 1.1681429147720337, -0.1922975778579712, -1.0372333526611328, -0.5833996534347534, -0.9437552690505981, -0.23734953999519348, 0.4779377281665802, -0.2881254553794861, 0.06629535555839539, 0.6550893783569336, -0.28867605328559875, -0.23323389887809753, 0.5199012756347656, -1.5805295705795288, 0.9909349083900452, -1.3164384365081787, -0.7713589072227478, -0.09114032983779907, 0.09050716459751129, -0.578765869140625, 1.5442711114883423, -0.6125155687332153, 0.1497012972831726, -0.12684085965156555, -0.17146076261997223, 0.5789373517036438, 1.1418074369430542, 0.7693565487861633, 1.620280146598816, 0.0354510098695755, 0.2679796814918518, -0.6073020696640015, 0.16693200170993805, -1.0149343013763428, -0.35446205735206604, -0.434122234582901, -0.5739960670471191, 0.07946233451366425, -0.6786785125732422, -0.07861779630184174, -0.1930493414402008, 1.4254668951034546, 0.11557455360889435, -0.9880813956260681, -1.0835665464401245, -0.6268253326416016, -1.0639171600341797, -0.12740103900432587, -0.18359209597110748, -1.1174808740615845, 0.8411145806312561, 0.17044824361801147, -0.32462528347969055, -0.13631413877010345, 0.6307140588760376, -1.0951898097991943, -1.219647765159607, 1.502655267715454, 0.4014567732810974, 0.08582283556461334, 0.3038175404071808, 1.720956563949585, -0.25027257204055786, 0.029064089059829712, 0.1935039907693863, -0.5406439900398254, -0.7145746350288391, 0.6226345300674438, -0.009202904999256134, 1.0857481956481934, 0.7452490925788879, 0.8826964497566223, -0.8764616847038269, -0.7253509759902954, 0.6566324234008789, 0.18737001717090607, 0.09358152747154236, -0.4027043581008911, 1.1829873323440552, -1.7212352752685547, -0.577113687992096, -0.28216230869293213, 1.0972583293914795, -0.5418680310249329, -0.8131631016731262, -0.4229210317134857, 0.008227430284023285, 1.2430438995361328, 0.10946387052536011, -0.6053441762924194, -0.4926762878894806, -2.7641284465789795, 0.18897081911563873, -0.2585156559944153, -0.04540795832872391, 0.06786159425973892, 0.6885533332824707, 0.19262030720710754, 0.194303497672081, -0.011245056986808777, 0.4618934988975525, 1.1743398904800415, -0.07647020369768143, -0.194930762052536, -0.9728415608406067, -0.834913969039917, 0.6092069745063782, -0.6693640351295471, -0.1106196790933609, 0.7021857500076294, 1.6088392734527588, -1.7930779457092285, -1.2226730585098267, -0.025972768664360046, 0.6314375996589661, 0.43672800064086914, -1.179334044456482, -0.6101721525192261, -0.49958616495132446, 0.3994455337524414, 0.812766969203949, 0.5172175765037537, 0.04292851686477661, 0.25766515731811523, 0.43911734223365784, 0.46202394366264343, -0.31559592485427856, 0.8586875200271606, -0.03141240030527115, 0.43280884623527527, -0.7480480074882507, -0.2454284280538559, -0.7196862697601318, 0.5272352695465088, -0.498859703540802, 0.19310063123703003, 0.33067333698272705, -0.22445476055145264, -1.3145415782928467, 0.36385416984558105, 1.0358988046646118, 0.1634279489517212, -0.921055793762207, 0.37125906348228455, -1.3200368881225586, 0.5040455460548401, -0.6311715841293335, -0.6585909128189087, 0.010718047618865967, -0.8555945158004761, 3.5250279903411865, -0.3278036415576935, 0.28412023186683655, -0.09601446986198425, 1.04098641872406, 1.5384719371795654, -0.4010070860385895, -0.09572620689868927, -0.2941615581512451, 0.9525919556617737, -0.14990301430225372, 0.5356646776199341, -1.1515910625457764, 0.14665155112743378, -0.08934826403856277, 0.14951388537883759, -0.3807452321052551, -0.014470621943473816, 0.857895016670227, -0.5487018823623657, -0.6705315709114075, 0.6491037607192993, -0.11044196784496307, -0.20589974522590637, 0.10542179644107819, -0.12854677438735962, 0.881843090057373, -0.16002649068832397, -0.36445263028144836, 0.1664741039276123, 0.33052802085876465, 0.7276808619499207, 0.7904760241508484, -0.24258649349212646, -1.8851656913757324, -0.24189406633377075, -0.5913563966751099, -1.5871375799179077, -0.8459829092025757, -0.25041529536247253, 0.4334062337875366, -0.38452768325805664, 0.04195054620504379, -0.800894021987915, 1.1000819206237793, 0.3308629095554352, -0.11166481673717499, -0.7998608350753784, 1.3011499643325806, -0.2062494307756424, -0.03207419812679291, -0.24296578764915466, -0.42478346824645996, -0.6916387677192688, 0.49699944257736206, 0.07066623866558075, -1.1102954149246216, -1.315266728401184, 0.5150144100189209, 0.28553280234336853, -0.27460187673568726, 0.46382302045822144, 0.3912981152534485, 0.7249909043312073, -1.0557210445404053, -0.96317458152771, -1.4005839824676514, 0.1419089287519455, 0.16629880666732788, -0.8963425159454346, 0.2437210977077484, 1.6962010860443115, -1.1122294664382935, 0.3050352931022644, -0.04160313680768013, -0.053011029958724976, 0.6474088430404663, 0.9987170696258545, -0.30560964345932007, -0.5688793659210205, -0.5065120458602905, -0.738987147808075, -0.03915519267320633, -1.4879783391952515, 0.18055079877376556, 0.21286384761333466, 0.8216426968574524, -0.40919601917266846, 0.18000103533267975, -0.777187705039978, 0.6189379096031189, 0.3406613767147064, -0.4544523358345032, -0.8552840948104858, -0.32305634021759033, 0.5550352334976196, 0.9870185852050781, 1.6519924402236938, 0.5351775884628296, -0.29055365920066833, -0.34762945771217346, 0.3361736238002777, -0.29133662581443787, -0.14806519448757172, -0.045423492789268494, 0.03384346514940262, 0.5839570760726929, 0.1906253844499588, 0.7719202041625977, -0.3522404134273529, -0.15730299055576324, 0.8746502995491028, -0.44973224401474, -0.3953377902507782, 0.3473988175392151, 0.9071186184883118, -0.39215099811553955, -0.9454195499420166, -0.3100431561470032, -0.7099238634109497, -0.30912137031555176, 0.007428290322422981, -1.3809229135513306, -0.15240980684757233, 0.5513929128646851, -2.098571538925171, -0.8787166476249695, 0.0664784237742424, 0.5447996258735657, -0.6012201905250549, -0.8245627880096436, 0.4486105740070343, -0.3190433979034424, 0.03678024187684059, -0.8969691395759583, 0.11031441390514374, 1.2922700643539429, -1.3032935857772827, 0.7102264761924744, 0.7446742057800293, -0.5357214212417603, 0.0636499747633934, -0.69818514585495, -0.23387880623340607, -0.3790607750415802, -0.5633871555328369, 0.8109609484672546, 0.6037607192993164, -1.212510585784912, 1.2754873037338257, 1.2819494009017944, -0.15377351641654968, -0.336501806974411, 1.3684659004211426, -1.0531221628189087, -0.9257141947746277, -0.9805906414985657, -0.45904117822647095, 0.6133942604064941, 0.09438830614089966, -0.25690534710884094, 0.926418662071228, -0.10771499574184418, -0.13225287199020386, 0.08075538277626038, -0.11638672649860382, -0.6875171661376953, -0.19837266206741333, -1.2221089601516724, 0.028138354420661926, -0.3347960114479065, 0.8788279294967651, -0.7367660403251648, -0.3949703574180603, -0.38036105036735535, 0.8424033522605896, 1.5383409261703491, 0.44798439741134644, -0.6681362390518188, -0.13508783280849457, -0.5793524980545044, -0.5845319032669067, 1.1473395824432373, 0.9174931049346924, -1.134368896484375, -0.8930350542068481, 0.6015960574150085, -0.05606256425380707, 1.4954458475112915, -0.20337466895580292, -0.22598563134670258, 0.14095327258110046, 1.7601850032806396, -0.28818804025650024, -0.30339357256889343, -0.19976966083049774, 0.4591854214668274, -0.40725669264793396, -0.3980194926261902, -0.07341054081916809, 0.3785971403121948, 0.10671590268611908, -0.5309626460075378, 0.46175485849380493, 0.6572359204292297, -0.7595283389091492, 0.32662269473075867, -1.254319667816162, -1.1981568336486816, -0.3762049078941345, -0.702035665512085, 1.7167150974273682, 0.823233962059021, -0.4169423282146454, -1.1418147087097168, 0.2519647479057312, -0.19275520741939545, 0.46348753571510315, 0.2193848192691803, -0.19625744223594666, -0.2826746702194214, 0.07159024477005005, 0.4107610881328583, 0.46313631534576416, 0.20949624478816986, -0.29325366020202637, 2.050926685333252, 0.45274868607521057, -0.0945725068449974, -0.18312828242778778, 0.7083933353424072, -0.5772831439971924, -0.9344117641448975, -1.0654124021530151, -1.428938388824463, -0.23238718509674072, -0.42185741662979126, -0.10148230195045471, -1.0655226707458496, -1.2100707292556763, -0.1308743953704834, -0.5301483869552612, -0.6573096513748169, 0.7219451069831848, 0.10464227199554443, 1.2104368209838867, 0.13239164650440216, 0.5342744588851929, 0.7741756439208984, -0.1738426238298416, -0.8769837021827698, 0.7059598565101624, 0.6176819205284119, -1.2915222644805908, -0.0960104763507843, 1.0733788013458252, 0.019770383834838867, 1.1136984825134277, 0.6295790076255798, 0.2836592495441437, 1.3725531101226807, 1.760665774345398, 0.7068142294883728, -0.848366916179657, -0.7280641794204712, -0.029780516400933266, -0.939609706401825, -1.5032362937927246, 0.9597957134246826, 0.2356308251619339, 0.9574288725852966, -0.18732482194900513, 0.24354496598243713, 0.42350149154663086, -1.282392978668213, 0.5631569623947144, -1.5458357334136963, -0.362466037273407, -2.1217732429504395, 0.5961065888404846, 1.0116888284683228, 0.2456907331943512, -0.08438356220722198, -0.09321839362382889, 0.3111360967159271, -0.4042530059814453, 0.279839426279068, 1.1676301956176758, -0.5612457990646362, -0.6882487535476685, -1.3799418210983276, -0.42758238315582275, -0.8006378412246704, -0.3062330186367035, -0.7541067600250244, -0.6232143640518188, 0.6899076700210571, 0.3815614581108093, -0.4612855017185211, -0.4694393575191498, -0.4039333760738373, 0.3283628225326538, 0.22867697477340698, -0.998582661151886, -0.8202286958694458, 0.7389382123947144, 0.13998977839946747, -0.5989295840263367, 0.10186218470335007, -0.06412703543901443, 0.22721554338932037, -0.1025242954492569, -0.5745911002159119, -0.8824555277824402, -1.4676311016082764, 0.0360632985830307, 0.0704323798418045, -0.7420341372489929, -1.9083127975463867, -0.7809816598892212, 0.1266552209854126, -1.3843865394592285, -0.502707839012146, -2.092006206512451, -0.3431909680366516, -0.8685550689697266, -0.7875019311904907, 1.379936933517456, 0.20013439655303955, -0.409157395362854, -0.10260280221700668, -1.010050892829895, -0.8003713488578796, 0.6342618465423584, -0.9352685213088989, -0.8054077625274658, -0.6774305701255798, -0.1633298546075821, 0.26838240027427673, -0.22031326591968536, 0.09943555295467377, -0.4479933977127075, 0.49505260586738586, -0.4756651520729065, -1.8185676336288452, 0.7146346569061279, 0.5443581938743591, -0.4527009129524231, -0.9488489627838135, -0.4188644289970398, 0.03668481111526489, 0.4883078336715698, -0.41663968563079834, 0.32446256279945374, 0.9410426616668701, -1.5097182989120483, -0.9746657609939575, 1.036712884902954, -0.05842003971338272, -1.150546908378601, 0.12328571081161499, 0.6263373494148254, 0.5267901420593262, -0.4512306749820709, -0.5473760962486267, -0.8468388915061951, -0.734479546546936, 0.028942270204424858, 1.5154259204864502, 1.0393022298812866, -0.7304840087890625, -0.10216269642114639, 0.8597062230110168, 0.2694685459136963, -0.3669619560241699, 0.1640254408121109, -0.18297824263572693, -0.18368928134441376, -0.15922102332115173, -0.5353041887283325, 2.204646587371826, -0.3864095211029053, -0.48203831911087036, 0.49322694540023804, -1.3307119607925415, -0.8878533840179443, 0.9202544689178467, 0.6321145296096802, -1.0673032999038696, -0.43992286920547485, 0.7944413423538208, 0.1871202290058136, -0.34492772817611694, -1.3211359977722168, -0.2529517710208893, -0.5798245072364807, 0.9380377531051636, 0.2680928409099579, -0.41008177399635315, -0.20518682897090912, 0.03224153071641922, -0.8528676629066467, -0.26664748787879944, -0.9090014100074768, 0.006702445447444916, 0.018840834498405457, 0.7619516849517822, 0.09982676804065704, 0.6152387857437134, -0.39881446957588196, 0.26706820726394653, -0.8930907845497131, -1.0606396198272705, -0.9970542788505554, 0.09028208255767822, -0.6800531148910522, -0.17291098833084106, -0.9437508583068848, -1.3499914407730103, 0.8089933395385742, 0.22992874681949615, -0.49720457196235657, 0.7935209274291992, -1.0662410259246826, -0.4586387872695923, 1.2754442691802979, 0.9319220781326294, 0.41064000129699707, -0.16698101162910461, 1.2928296327590942, -0.6559143662452698, 0.84245765209198, 0.18510127067565918, -1.734954595565796, -1.4759763479232788, 0.10186821222305298, 1.0816147327423096, -0.9454119205474854, 0.4756332039833069, -0.4575883150100708, -0.36314743757247925, -0.5522514581680298, 0.4713766276836395, -0.6703476309776306, -0.3152976930141449, 0.9097915887832642, 0.9631943702697754, 0.4792745113372803, -0.27910396456718445, 1.309269666671753, 0.8594891428947449, -0.2718106210231781, 0.735579252243042, 2.0573439598083496, -0.9140017032623291, 0.6895422339439392, 1.63227379322052, 2.401238203048706, -1.8142063617706299, 2.7599213123321533, 2.389755964279175, -0.9137172102928162, -0.675025224685669, -0.8887636661529541, 0.5518273115158081, 0.6537972688674927, -0.7689900398254395, -0.5792527198791504, -1.9913603067398071, -0.4487878978252411, -0.9333269000053406, 0.3270924687385559, -2.626361846923828, 0.029762813821434975, 1.1025192737579346, -0.2720920741558075, 1.2467477321624756, 0.8549597859382629, -2.210268497467041, -2.3651814460754395, -0.9788835644721985, -0.8189879655838013, 2.7964563369750977, 0.10358752310276031, 0.9946120977401733, -2.2970731258392334, -0.14532098174095154, -0.5627866983413696, 0.2869478464126587, 1.3016008138656616, 0.2771371603012085, -1.4811757802963257, -0.6735424995422363, -0.5308725237846375, 0.6046046018600464, -0.4856499135494232, -0.7403983473777771, -0.6479455232620239, -0.4477926790714264, 1.4301621913909912, 0.14838899672031403, -1.457898736000061, 0.12808817625045776, -1.9105430841445923, 0.8704299926757812, 2.163943290710449, -0.5759785771369934, -0.9506256580352783, -1.5118708610534668, 0.6925795078277588, 0.24166005849838257, -1.4691327810287476, 0.07383741438388824, 0.8356871604919434, -1.5056262016296387, -0.9631145000457764, -2.0561649799346924, 0.1669088751077652, -1.1725292205810547, 0.7426475286483765, 0.5216248631477356, -1.742818832397461, 0.4888191223144531, -1.012467384338379, -2.709177255630493, 0.5582475066184998, -0.48416566848754883, -0.15372797846794128, 0.7056015133857727, -0.6350651383399963, -0.0693654865026474, 0.21117976307868958, -1.7157177925109863, -0.6233543157577515, -1.7931947708129883, 1.1790111064910889, 0.2723667621612549, 1.9289095401763916, -2.7994956970214844, 1.4124277830123901, 3.273401975631714, 1.6122897863388062, 0.9975866675376892, -2.2172367572784424, 0.788663387298584, -1.0984280109405518, 0.3882434070110321, 2.3581643104553223, 2.191129207611084, -0.9269086718559265, -2.465268611907959, -0.6063689589500427, 0.5859007239341736, 0.03749684616923332, -0.6437183618545532, -0.485795259475708, -1.7671878337860107, -3.2793474197387695, -2.4732282161712646, 0.16365398466587067, 2.874706506729126, -1.4994893074035645, 1.8365559577941895, -1.3451443910598755, -0.07236038893461227, 3.307018280029297, -1.1715459823608398, 1.9793566465377808, -3.2824225425720215, 2.3191421031951904, -0.01447220891714096, -2.4312169551849365, 0.33643588423728943, 0.6369001865386963, 2.5364866256713867, 2.2429800033569336, 2.709322214126587, 1.3415607213974, -0.351335734128952, -1.537172794342041, -0.6858071088790894, 2.253465175628662, -0.6929024457931519]"
20,2,ترفيعة,finan,"بسب

ا الام نحل دان الع
: د ررحم
زا ضير
نَْ ا
>
8

0 إْ 0

1 بجا على أأحكاام المتابتون الا سااسي للعاابطين بالمدولة رتم ب لام 126 ا 7 ب
١ل‏ ا عكايم المفاتون رقم 17ل لعام ‎١487‏ ب
‎١١‏ على ا سكام المقاتون رقم 177 لام 1181
وغل المرموم رغم 147 / تريح 171717171 أل
‎١‏ وعلى اخترا:م المذجنة المفرعية لتنييم اها المماطين المبشائلة التراز ,رقم 7367507 رب 297:71
0 والمتترن بمسادقة المذلجنة المرئزية لتتهيم اذا؛ العاطين في وزازة الرى المشكلةٌ بالثراز رشقم 7 ‎77١١8‏
‏ا الي ‎٠‏

ذم كل من المسافة الموازدة اإسمائغم هتاه والعاملين لدي وزازة المزن ‏ طمرة الزن المساجة

ار التااهل ترفيسا؛ اميا استبارا. من نارين 1117710 وق الااااا ب لله لارام
انه الرولفة الاجر مبة شتار الا الطليألتى اا صلاربء
قبل المتريم الدنا ا عت الترفيم | بد ز
1
ل
- - 1871 7/1 687 ا ل لاس
سا 1ل م ااا ‎١‏ 1679 البارة + غيازب جع
اح 716 لات ب 11 0 111
ااال 17 الفا ‎1١٠‏ اس 0 برجو الال ‎١‏
‏ل"" 4د 0 واه سا اا 7 1 اله ويا
اا 7/010 1 ل 0 آّ 1 ال ال
سبال دا ليش اا نك 7116 81 با الس 1 17 الع
د ح- اه 771 اد ااا ا دازرة
ال - 2 0 75 0 ه75 ‎1١‏ 1 ك1 لساك لحجي
الى اد ووم ارول الاج لم2 11 11 1 1117 غاسانا اب ا
ِ اا 0 7110 ا 4 ‎1١‏ ا 11+41 امسا ا احه ب
معين يوتس ع . 2 5 ضع 70 1 ل بد 1 ‎1١‏ له لنب“
«اعال محمك مول - ا 2 7 0 7/14 ا بس ل ً ارت
ميا سلمان اولاق ااا 4 74 م اا اللا ْ قيئه ال الي
ب كه 7/3 لام اا ااا ؟ زقرهم اللاي

ذا 2 4 ور 1 ااا ل عن الا ا

+","[-1.2966240644454956, 0.8167434930801392, 0.486279159784317, 0.03900653123855591, 0.33967292308807373, 0.10376466810703278, 0.38042089343070984, 0.8819825053215027, -0.8789399266242981, -0.08120661228895187, -0.20688477158546448, -0.41439497470855713, -0.644124448299408, -0.3342262804508209, 0.32405364513397217, 0.23706236481666565, 1.408501148223877, 0.7245312929153442, 0.27321022748947144, 0.49337151646614075, 0.29069051146507263, -1.0443201065063477, 0.17303988337516785, 0.27205535769462585, 0.18202747404575348, -0.336144357919693, -0.5373021960258484, -0.10994202643632889, 0.11578132212162018, 0.7838766574859619, 0.2511731684207916, 0.821079432964325, -1.0258346796035767, 0.2085506021976471, -0.2951472997665405, -0.9547967910766602, -1.4860565662384033, 1.0880111455917358, -0.22807468473911285, -0.4653155207633972, 0.06618288159370422, -0.3899105191230774, -0.9545271396636963, -0.3217674791812897, -0.9084651470184326, 0.6382042169570923, 0.6264758110046387, 1.4837238788604736, 0.2833764851093292, 1.4926413297653198, -0.38909128308296204, 0.057321980595588684, -0.6372820138931274, -0.03228357434272766, -0.5006327033042908, 0.6841355562210083, 0.7788912057876587, -0.389101505279541, -1.063747525215149, -0.990156888961792, -0.5431821942329407, -0.8228014707565308, 0.116846963763237, -0.31407514214515686, 0.4136652648448944, 0.4062482416629791, 0.4355119466781616, -1.3692736625671387, -0.6223235130310059, -0.10024645924568176, 0.8170593976974487, 0.043029963970184326, -0.5897502303123474, 0.8712956309318542, 0.016890648752450943, -1.1551178693771362, -1.1473702192306519, 0.13038596510887146, -0.08299887180328369, -0.29722386598587036, -0.06099863350391388, -0.4666370451450348, -0.5740020871162415, -0.03765293210744858, 0.6311894655227661, -0.4575146436691284, 1.3439037799835205, -0.7302489876747131, -0.22741290926933289, 0.2974603474140167, 1.1545358896255493, 1.0385277271270752, -0.051355600357055664, 0.6942130327224731, -0.5269997715950012, -0.3217455744743347, -0.38378995656967163, -0.291448175907135, -0.1227944865822792, 0.7672330737113953, 1.3637515306472778, -0.7404137253761292, 1.1593377590179443, 0.6813862919807434, 0.20570674538612366, 0.7694315910339355, -0.17291760444641113, -0.2590342164039612, -0.6113117933273315, -5.25378942489624, -0.7363943457603455, -0.5850675702095032, -0.008352786302566528, 0.7441361546516418, 0.1803557425737381, 0.5403527617454529, 0.6801230311393738, -0.8974092602729797, -0.4778940677642822, 0.018916890025138855, 0.7569019794464111, -1.60337233543396, -1.3652276992797852, 0.6012054681777954, -1.967363715171814, 0.8447507619857788, 0.9676056504249573, -0.6447906494140625, 0.0075711458921432495, 0.14774863421916962, 1.1168078184127808, -0.35966619849205017, 0.3435865044593811, -0.6706171035766602, 0.4806574881076813, -2.134021520614624, 0.29092609882354736, -1.502124547958374, 0.5349550843238831, 0.48915645480155945, 1.7033672332763672, 1.407119631767273, 0.5496770739555359, 0.22879283130168915, 1.4224753379821777, 0.6142664551734924, 0.09747181087732315, -0.8966518044471741, -0.76322340965271, 0.38909751176834106, -0.2126159965991974, -0.4154618978500366, 0.011822473257780075, 0.7901973724365234, 10.469175338745117, 0.3411681056022644, -0.36650919914245605, -0.46116653084754944, -0.4194687604904175, 0.4915069341659546, 1.0857019424438477, 0.5766064524650574, -0.5963501930236816, 1.1314756870269775, 0.04393206536769867, -1.9559012651443481, -1.1759116649627686, -1.7435129880905151, -0.2558095455169678, -0.03714904189109802, 0.32601433992385864, 0.17959052324295044, 0.1168624758720398, -0.7131369113922119, 0.44365599751472473, 1.3527268171310425, -1.5053050518035889, 0.30874723196029663, -1.204962968826294, 0.5259862542152405, 0.5430752038955688, 0.5470607876777649, -0.0946355015039444, -0.1409820169210434, -0.991203784942627, -1.0432274341583252, 0.08265091478824615, 0.27509525418281555, 0.9908521175384521, -0.05795691907405853, 1.3579343557357788, 1.476525902748108, 0.1569293588399887, 0.7999604940414429, -0.4787013828754425, 0.14392463862895966, -0.8453106880187988, 0.6908441781997681, 0.2924741506576538, 0.005202975124120712, -0.12111067771911621, -0.5494415163993835, -0.4697689414024353, 0.2844792902469635, -0.3751388192176819, 0.7467133402824402, -0.49512577056884766, -0.26539966464042664, -0.37161657214164734, -1.100492000579834, -0.8703709840774536, -0.2063238024711609, -1.3552894592285156, 0.5083772540092468, -0.36772438883781433, -0.1769551783800125, 0.05149951949715614, 0.5947690606117249, -0.5976633429527283, -0.49868011474609375, -0.15490448474884033, 1.3343639373779297, 0.13236743211746216, 0.8339681029319763, 1.0674612522125244, -0.7879167199134827, -0.2899990975856781, -0.045623719692230225, 0.143606036901474, -0.702400803565979, 0.7512564659118652, 0.17511466145515442, 0.6823704242706299, -0.2595500946044922, 0.6190387606620789, -0.5182064771652222, -0.7903882265090942, -0.4955795407295227, 0.4709366261959076, 0.07772955298423767, 0.14111393690109253, 0.3887527287006378, -1.453768253326416, 0.24756313860416412, -0.5452513694763184, 0.7427585124969482, -0.6096146106719971, -0.4440527558326721, -0.015291273593902588, -0.5700783133506775, 1.4337788820266724, -0.8767720460891724, -0.5550927519798279, -0.4932810366153717, -1.0781205892562866, 0.8570340275764465, 0.09557932615280151, 0.7168670892715454, 0.3947807848453522, -0.19251535832881927, 0.5367216467857361, 0.9682544469833374, -0.03551282733678818, 0.02732856199145317, 0.017208769917488098, -0.8117653727531433, -0.5070056915283203, -0.6419023871421814, 0.08745130151510239, 0.019816769286990166, -1.1984498500823975, -0.00977720320224762, 1.6809172630310059, 0.7429111003875732, -1.3580102920532227, 0.3882787823677063, 0.279666006565094, 0.38767656683921814, -0.10330881178379059, 0.27729400992393494, -1.443850040435791, -1.198997139930725, 0.49774080514907837, -0.5320000648498535, 1.665419101715088, -1.176582932472229, 0.17040646076202393, 0.3364001214504242, 0.037620484828948975, -0.4997982680797577, 0.33583974838256836, -0.13946983218193054, 0.7584657669067383, -1.4474892616271973, -0.4194754958152771, -0.34052178263664246, 1.4425253868103027, 0.22751489281654358, 0.5233536958694458, 0.15693020820617676, -0.2447156310081482, -1.8316314220428467, 0.13102328777313232, 1.9124033451080322, -0.37444937229156494, -0.518266499042511, 0.23599427938461304, -0.8543365001678467, -0.44567644596099854, -0.7714206576347351, -0.07766774296760559, -0.05061554163694382, -0.8063430190086365, 2.9527058601379395, -0.1732274889945984, 0.2327233999967575, -1.5970499515533447, 0.18431711196899414, 1.2850022315979004, 0.3327547311782837, 0.6697245836257935, -0.33485859632492065, 1.649837613105774, -0.9939253330230713, 0.9444223642349243, -1.6715811491012573, -0.33629828691482544, 0.7419784069061279, 0.8898881673812866, -0.28241798281669617, 0.34149646759033203, 0.2654697299003601, 1.1628508567810059, -0.6068517565727234, 0.17036612331867218, 0.14283165335655212, -0.07891644537448883, 0.7399319410324097, -0.0051971860229969025, 0.7747830152511597, -0.48755767941474915, -0.7448679208755493, 0.20545263588428497, 0.9198695421218872, 0.8522647023200989, 0.03441690281033516, -0.9360389113426208, -1.417420744895935, -0.2338496446609497, 0.5489482283592224, -0.6934324502944946, -0.5026330947875977, 0.6721228957176208, 0.527210533618927, -0.17515484988689423, 0.30037960410118103, 0.18957814574241638, 0.8311150074005127, 0.5709311366081238, 0.02127186954021454, -0.6232990026473999, 0.644161581993103, -0.31403204798698425, -0.5729784965515137, 0.1374543011188507, -1.2461440563201904, -0.8695138692855835, 0.23172225058078766, -0.5449978113174438, -1.3462061882019043, -1.0841563940048218, 0.926476776599884, -0.817488968372345, -0.7692579030990601, 0.5761007070541382, -0.5490002036094666, -0.8917436003684998, -1.0957157611846924, 0.28182488679885864, -1.0040918588638306, -1.0449254512786865, 0.5572220087051392, -0.21915222704410553, 0.3435436487197876, 0.4717477858066559, -0.16043806076049805, 0.8408440947532654, -0.4571952819824219, -0.43927454948425293, -0.0820455253124237, -0.46323707699775696, -0.37352681159973145, -0.1965036690235138, -0.02827826887369156, -0.49517250061035156, 0.7259954810142517, -1.26265549659729, -0.8949252367019653, -0.08984584361314774, 1.2514163255691528, 0.42826956510543823, 0.21789224445819855, -0.8013522624969482, 1.836139440536499, 0.8819177746772766, -0.8111215829849243, 0.40050551295280457, 0.33637839555740356, 0.8140732049942017, 0.36245477199554443, 1.4095605611801147, 0.24788790941238403, -0.150715172290802, 0.0647694319486618, -0.3727480173110962, -0.26924386620521545, -0.8130111694335938, -0.4403001666069031, 0.6427649855613708, 1.7732453346252441, 0.11262989044189453, 0.7351155281066895, -1.026801586151123, -0.8559519052505493, 1.3249564170837402, -0.5650785565376282, -0.1501159518957138, -0.3110768496990204, 1.389370083808899, -1.4664548635482788, -0.848891019821167, -0.5107992887496948, -0.17635329067707062, 0.02430526167154312, 0.6277459859848022, -0.16490063071250916, 0.7505851984024048, 1.0084620714187622, -0.9801453948020935, -0.203194260597229, 0.4549339711666107, 0.5196186304092407, -0.28317075967788696, 0.10630754381418228, 0.07587097585201263, 0.8564517498016357, -0.9349457025527954, -1.204331874847412, 0.0699339359998703, -0.0111374631524086, -0.2806223928928375, 0.920106828212738, 1.0398205518722534, -0.8966226577758789, 0.6102715730667114, -0.39962050318717957, 0.09580975770950317, -0.8520326614379883, -0.5189710855484009, 0.7199809551239014, -0.3541838228702545, -1.6366662979125977, 1.0330255031585693, 1.1960569620132446, -0.17476098239421844, -0.29821693897247314, 1.6192350387573242, -0.2713378369808197, -0.27397701144218445, -0.5205682516098022, 0.6128038167953491, 0.30014529824256897, 0.017863038927316666, -0.5228777527809143, 0.39593183994293213, 0.28666502237319946, -0.47221267223358154, -1.3614270687103271, 0.0763176828622818, -0.906976044178009, 0.554175078868866, -1.20961332321167, -0.443989634513855, 0.24217408895492554, 1.0658257007598877, -1.5278830528259277, -0.005598574876785278, 0.3903207778930664, 0.043164052069187164, 0.33362603187561035, -0.258767694234848, -0.46547043323516846, 0.2602284252643585, -1.1424120664596558, -0.8284889459609985, 1.264857530593872, 0.10518033802509308, -0.6433142423629761, -0.2347119152545929, -0.08082503080368042, 0.536512553691864, 1.9696059226989746, -0.03586910292506218, 0.15844424068927765, -0.34571602940559387, 1.018723964691162, 0.4947572946548462, -0.5437154769897461, -0.37833091616630554, -0.9524354934692383, -1.197880506515503, -1.376833200454712, 1.0981847047805786, 1.2177494764328003, -0.7510882019996643, 0.0507512241601944, 0.8278335928916931, 0.7864805459976196, -1.539964199066162, 0.1619219332933426, -0.7451183199882507, -0.7442314624786377, -0.05047784745693207, -0.22065408527851105, 1.265940546989441, 0.7867018580436707, -0.23764744400978088, 0.06521164625883102, -0.07510434836149216, 0.8485298156738281, 0.18573345243930817, -0.03445935994386673, 0.1440904438495636, 0.30069735646247864, 0.9653996825218201, 1.4227339029312134, 0.5943973660469055, -0.17666608095169067, -0.335422158241272, 1.9724599123001099, 0.9029617309570312, 0.32174646854400635, -0.563572883605957, -0.10306759178638458, -1.3069026470184326, -0.9415407180786133, -0.8617929220199585, -0.37873557209968567, -1.1041468381881714, -1.0507289171218872, 0.009646505117416382, -1.1598292589187622, -2.533381223678589, -0.8485486507415771, -0.7009648680686951, -0.6385743021965027, -0.0011684410274028778, -0.6500159502029419, 0.6804236173629761, 0.8154980540275574, 0.6190052032470703, -0.1057436391711235, 0.6367353200912476, -0.9315599203109741, -0.0008745100349187851, 0.27448928356170654, -1.8919941186904907, -0.1856749951839447, -0.5617167353630066, 0.49392592906951904, 1.0100843906402588, 0.5168172121047974, 0.8462101221084595, 0.32317861914634705, 1.796655535697937, 1.3110500574111938, -0.6794925332069397, -0.12245810031890869, -0.09994874894618988, -0.6531583666801453, -0.12206874787807465, 0.8384320735931396, -0.9367375373840332, -0.21373134851455688, 0.10238784551620483, 0.14337939023971558, -0.41403499245643616, -0.6259047985076904, 0.2991926372051239, -0.8903679251670837, 0.373336523771286, -2.949474811553955, 0.5852508544921875, 0.548831582069397, -0.4326074719429016, 0.025596894323825836, 0.5627316236495972, 0.9338846206665039, 0.5264782905578613, 0.15861192345619202, 0.6999505758285522, -0.2861441671848297, 0.6843162178993225, -1.5950239896774292, 0.9912329316139221, 0.31228339672088623, -0.44922325015068054, -0.4331020414829254, -0.09837144613265991, -0.030594825744628906, 0.03542648255825043, 0.02052583545446396, -1.0867743492126465, -0.5259020328521729, 0.15674863755702972, 0.09129974246025085, -1.7704224586486816, 0.5131585001945496, 0.5723970532417297, -0.7038769721984863, -0.4416004717350006, 0.5934918522834778, -0.12339682132005692, 0.09617291390895844, -0.7295889258384705, -0.35475245118141174, -0.6916042566299438, -0.7079235315322876, -0.506576657295227, -0.649393618106842, -0.49374353885650635, -1.9960662126541138, -0.3705137372016907, -0.4712800979614258, -0.0307571142911911, -0.6797719597816467, -1.9984099864959717, -0.09621784836053848, -0.6458507776260376, 1.122457504272461, 1.7888537645339966, 0.5306900143623352, 0.23533838987350464, 0.4695811867713928, -1.2760714292526245, -0.36060068011283875, 0.2876671552658081, -0.7228392958641052, -0.7289968132972717, -0.4796964228153229, 0.263077050447464, 0.2382957935333252, -0.336169958114624, -0.330751895904541, -0.12270379066467285, 0.04696589708328247, -1.0524624586105347, -0.32151979207992554, 1.0853430032730103, 0.553087592124939, 0.3434176743030548, -0.4782586395740509, -1.6209701299667358, 1.194853663444519, -0.7179688215255737, -0.7515565156936646, -0.8969302177429199, 0.5562312602996826, -1.3633137941360474, -1.5070710182189941, -0.13523148000240326, 0.8963639736175537, -0.20329099893569946, -0.09426704049110413, 0.459237664937973, -0.008170664310455322, -0.8237806558609009, -1.3779298067092896, -1.2239830493927002, -1.3937842845916748, 0.19860190153121948, 0.2562505006790161, 0.652391791343689, -0.08531849831342697, -0.45904770493507385, 0.8236032128334045, -0.33558547496795654, -0.31624552607536316, 1.1945860385894775, -0.2007487565279007, 0.0007880814373493195, -0.1958376169204712, -1.0899717807769775, 1.1572990417480469, 0.12801828980445862, 0.21362219750881195, 0.49484115839004517, -0.6599162817001343, 0.26742565631866455, 0.47239407896995544, 0.6355519890785217, -0.517095685005188, -0.9099715948104858, 0.23471762239933014, -0.8020060658454895, -0.46449798345565796, -0.49050775170326233, -0.5052251815795898, 0.30140841007232666, 0.2706007957458496, -0.8021624088287354, 0.008795715868473053, -0.3842490315437317, -0.013703408651053905, -0.9108039736747742, 0.8243817090988159, -1.2036586999893188, 0.24702808260917664, -0.042011573910713196, 0.714049756526947, 0.07956774532794952, -0.10838697850704193, -0.8269002437591553, -0.24711570143699646, -0.13254660367965698, -0.9603203535079956, 1.0510714054107666, -0.33599451184272766, -0.5669659376144409, -0.6475247144699097, -1.300065279006958, -1.62819504737854, -0.2218051254749298, -0.2069578319787979, -0.8811514377593994, 0.015129044651985168, -0.3585732579231262, 0.5945942997932434, 0.9821767210960388, 1.0323352813720703, -0.2892805337905884, -0.35416609048843384, 1.248595118522644, 0.732654333114624, 0.7462111115455627, -0.565534770488739, -0.7554330825805664, -2.0774638652801514, 0.31300094723701477, 0.6372814178466797, -1.3994171619415283, 0.29328271746635437, -0.8040439486503601, 0.16696640849113464, -0.9578086733818054, 0.7081781029701233, 0.3777328431606293, -0.9528248906135559, 0.3995651602745056, 0.5943759679794312, -0.21520665287971497, -0.1650509536266327, 1.2708731889724731, 1.182800054550171, -0.6165489554405212, 0.222500279545784, 1.018406867980957, -0.48265114426612854]","[0.8190237879753113, 1.3946856260299683, 1.8878707885742188, -2.1152400970458984, 2.2045810222625732, 1.8937177658081055, -0.8016011118888855, -0.3507012128829956, 0.6565378308296204, -0.14610587060451508, -1.0135902166366577, -0.10741488635540009, -0.07624227553606033, 0.23551395535469055, -0.21600404381752014, -0.08495492488145828, 1.048219084739685, -1.418581485748291, 0.06494806706905365, 0.144575297832489, -0.4845300316810608, 0.7619712352752686, -0.7520747184753418, -1.0691149234771729, -1.0881061553955078, -0.38683217763900757, -1.8721860647201538, 1.0317814350128174, -0.4408380091190338, 1.5105962753295898, -1.9138730764389038, 0.5629592537879944, -0.9658716917037964, -0.02415372245013714, 0.46167299151420593, 1.1298643350601196, -0.6923704147338867, -0.4500965476036072, -0.6789510846138, 0.37836533784866333, 0.6038655042648315, -0.14849123358726501, -0.21826507151126862, -0.8812483549118042, 1.0692375898361206, 1.329411506652832, -1.3753808736801147, 0.173211008310318, -1.3885722160339355, -0.1861468255519867, 1.533600091934204, -0.892737627029419, 0.13666750490665436, -0.15584149956703186, -0.29507869482040405, -0.5857273936271667, -1.121272325515747, 0.3936842083930969, 1.3043997287750244, -0.19770047068595886, -0.9071520566940308, -1.1400963068008423, 0.1165657788515091, 0.044985707849264145, 1.1408475637435913, 1.0607658624649048, -1.0645930767059326, 0.6859906911849976, -0.4655379056930542, -1.425781011581421, 0.3768843412399292, -0.22649498283863068, -0.3438676595687866, -0.10944177210330963, -0.6275075078010559, 0.045195337384939194, 0.8181793093681335, -0.5897164344787598, -0.9444352388381958, -1.0744305849075317, 0.5328747630119324, 0.13818305730819702, 1.6951782703399658, -1.5220248699188232, -0.10669165104627609, 1.4241838455200195, 0.9697775840759277, 0.017935682088136673, -1.6934407949447632, 1.264374852180481, -0.8162672519683838, -0.5045628547668457, 2.0532052516937256, 1.7124080657958984, 0.09544266015291214, -0.7703220248222351, -0.384033203125, 0.5930480360984802, 0.5050092339515686, -0.14684970676898956, 0.008709250018000603, -1.5033683776855469, -2.1301512718200684, -0.518345832824707, -0.5413753986358643, 1.7350645065307617, -1.3455612659454346, 0.7152675986289978, -0.5737135410308838, -0.7555882930755615, 1.512020468711853, 0.7467783093452454, 1.3025649785995483, -2.1994338035583496, 1.2006586790084839, -0.5691145062446594, -1.7280267477035522, 0.6451430916786194, 0.3413839638233185, 1.8424651622772217, 2.1412699222564697, 1.6647589206695557, 0.5317919850349426, 0.19107139110565186, -1.688980221748352, 0.7116877436637878, 1.6094669103622437, -0.5944145917892456]","[-1.2966240644454956, 0.8167434930801392, 0.486279159784317, 0.03900653123855591, 0.33967292308807373, 0.10376466810703278, 0.38042089343070984, 0.8819825053215027, -0.8789399266242981, -0.08120661228895187, -0.20688477158546448, -0.41439497470855713, -0.644124448299408, -0.3342262804508209, 0.32405364513397217, 0.23706236481666565, 1.408501148223877, 0.7245312929153442, 0.27321022748947144, 0.49337151646614075, 0.29069051146507263, -1.0443201065063477, 0.17303988337516785, 0.27205535769462585, 0.18202747404575348, -0.336144357919693, -0.5373021960258484, -0.10994202643632889, 0.11578132212162018, 0.7838766574859619, 0.2511731684207916, 0.821079432964325, -1.0258346796035767, 0.2085506021976471, -0.2951472997665405, -0.9547967910766602, -1.4860565662384033, 1.0880111455917358, -0.22807468473911285, -0.4653155207633972, 0.06618288159370422, -0.3899105191230774, -0.9545271396636963, -0.3217674791812897, -0.9084651470184326, 0.6382042169570923, 0.6264758110046387, 1.4837238788604736, 0.2833764851093292, 1.4926413297653198, -0.38909128308296204, 0.057321980595588684, -0.6372820138931274, -0.03228357434272766, -0.5006327033042908, 0.6841355562210083, 0.7788912057876587, -0.389101505279541, -1.063747525215149, -0.990156888961792, -0.5431821942329407, -0.8228014707565308, 0.116846963763237, -0.31407514214515686, 0.4136652648448944, 0.4062482416629791, 0.4355119466781616, -1.3692736625671387, -0.6223235130310059, -0.10024645924568176, 0.8170593976974487, 0.043029963970184326, -0.5897502303123474, 0.8712956309318542, 0.016890648752450943, -1.1551178693771362, -1.1473702192306519, 0.13038596510887146, -0.08299887180328369, -0.29722386598587036, -0.06099863350391388, -0.4666370451450348, -0.5740020871162415, -0.03765293210744858, 0.6311894655227661, -0.4575146436691284, 1.3439037799835205, -0.7302489876747131, -0.22741290926933289, 0.2974603474140167, 1.1545358896255493, 1.0385277271270752, -0.051355600357055664, 0.6942130327224731, -0.5269997715950012, -0.3217455744743347, -0.38378995656967163, -0.291448175907135, -0.1227944865822792, 0.7672330737113953, 1.3637515306472778, -0.7404137253761292, 1.1593377590179443, 0.6813862919807434, 0.20570674538612366, 0.7694315910339355, -0.17291760444641113, -0.2590342164039612, -0.6113117933273315, -5.25378942489624, -0.7363943457603455, -0.5850675702095032, -0.008352786302566528, 0.7441361546516418, 0.1803557425737381, 0.5403527617454529, 0.6801230311393738, -0.8974092602729797, -0.4778940677642822, 0.018916890025138855, 0.7569019794464111, -1.60337233543396, -1.3652276992797852, 0.6012054681777954, -1.967363715171814, 0.8447507619857788, 0.9676056504249573, -0.6447906494140625, 0.0075711458921432495, 0.14774863421916962, 1.1168078184127808, -0.35966619849205017, 0.3435865044593811, -0.6706171035766602, 0.4806574881076813, -2.134021520614624, 0.29092609882354736, -1.502124547958374, 0.5349550843238831, 0.48915645480155945, 1.7033672332763672, 1.407119631767273, 0.5496770739555359, 0.22879283130168915, 1.4224753379821777, 0.6142664551734924, 0.09747181087732315, -0.8966518044471741, -0.76322340965271, 0.38909751176834106, -0.2126159965991974, -0.4154618978500366, 0.011822473257780075, 0.7901973724365234, 10.469175338745117, 0.3411681056022644, -0.36650919914245605, -0.46116653084754944, -0.4194687604904175, 0.4915069341659546, 1.0857019424438477, 0.5766064524650574, -0.5963501930236816, 1.1314756870269775, 0.04393206536769867, -1.9559012651443481, -1.1759116649627686, -1.7435129880905151, -0.2558095455169678, -0.03714904189109802, 0.32601433992385864, 0.17959052324295044, 0.1168624758720398, -0.7131369113922119, 0.44365599751472473, 1.3527268171310425, -1.5053050518035889, 0.30874723196029663, -1.204962968826294, 0.5259862542152405, 0.5430752038955688, 0.5470607876777649, -0.0946355015039444, -0.1409820169210434, -0.991203784942627, -1.0432274341583252, 0.08265091478824615, 0.27509525418281555, 0.9908521175384521, -0.05795691907405853, 1.3579343557357788, 1.476525902748108, 0.1569293588399887, 0.7999604940414429, -0.4787013828754425, 0.14392463862895966, -0.8453106880187988, 0.6908441781997681, 0.2924741506576538, 0.005202975124120712, -0.12111067771911621, -0.5494415163993835, -0.4697689414024353, 0.2844792902469635, -0.3751388192176819, 0.7467133402824402, -0.49512577056884766, -0.26539966464042664, -0.37161657214164734, -1.100492000579834, -0.8703709840774536, -0.2063238024711609, -1.3552894592285156, 0.5083772540092468, -0.36772438883781433, -0.1769551783800125, 0.05149951949715614, 0.5947690606117249, -0.5976633429527283, -0.49868011474609375, -0.15490448474884033, 1.3343639373779297, 0.13236743211746216, 0.8339681029319763, 1.0674612522125244, -0.7879167199134827, -0.2899990975856781, -0.045623719692230225, 0.143606036901474, -0.702400803565979, 0.7512564659118652, 0.17511466145515442, 0.6823704242706299, -0.2595500946044922, 0.6190387606620789, -0.5182064771652222, -0.7903882265090942, -0.4955795407295227, 0.4709366261959076, 0.07772955298423767, 0.14111393690109253, 0.3887527287006378, -1.453768253326416, 0.24756313860416412, -0.5452513694763184, 0.7427585124969482, -0.6096146106719971, -0.4440527558326721, -0.015291273593902588, -0.5700783133506775, 1.4337788820266724, -0.8767720460891724, -0.5550927519798279, -0.4932810366153717, -1.0781205892562866, 0.8570340275764465, 0.09557932615280151, 0.7168670892715454, 0.3947807848453522, -0.19251535832881927, 0.5367216467857361, 0.9682544469833374, -0.03551282733678818, 0.02732856199145317, 0.017208769917488098, -0.8117653727531433, -0.5070056915283203, -0.6419023871421814, 0.08745130151510239, 0.019816769286990166, -1.1984498500823975, -0.00977720320224762, 1.6809172630310059, 0.7429111003875732, -1.3580102920532227, 0.3882787823677063, 0.279666006565094, 0.38767656683921814, -0.10330881178379059, 0.27729400992393494, -1.443850040435791, -1.198997139930725, 0.49774080514907837, -0.5320000648498535, 1.665419101715088, -1.176582932472229, 0.17040646076202393, 0.3364001214504242, 0.037620484828948975, -0.4997982680797577, 0.33583974838256836, -0.13946983218193054, 0.7584657669067383, -1.4474892616271973, -0.4194754958152771, -0.34052178263664246, 1.4425253868103027, 0.22751489281654358, 0.5233536958694458, 0.15693020820617676, -0.2447156310081482, -1.8316314220428467, 0.13102328777313232, 1.9124033451080322, -0.37444937229156494, -0.518266499042511, 0.23599427938461304, -0.8543365001678467, -0.44567644596099854, -0.7714206576347351, -0.07766774296760559, -0.05061554163694382, -0.8063430190086365, 2.9527058601379395, -0.1732274889945984, 0.2327233999967575, -1.5970499515533447, 0.18431711196899414, 1.2850022315979004, 0.3327547311782837, 0.6697245836257935, -0.33485859632492065, 1.649837613105774, -0.9939253330230713, 0.9444223642349243, -1.6715811491012573, -0.33629828691482544, 0.7419784069061279, 0.8898881673812866, -0.28241798281669617, 0.34149646759033203, 0.2654697299003601, 1.1628508567810059, -0.6068517565727234, 0.17036612331867218, 0.14283165335655212, -0.07891644537448883, 0.7399319410324097, -0.0051971860229969025, 0.7747830152511597, -0.48755767941474915, -0.7448679208755493, 0.20545263588428497, 0.9198695421218872, 0.8522647023200989, 0.03441690281033516, -0.9360389113426208, -1.417420744895935, -0.2338496446609497, 0.5489482283592224, -0.6934324502944946, -0.5026330947875977, 0.6721228957176208, 0.527210533618927, -0.17515484988689423, 0.30037960410118103, 0.18957814574241638, 0.8311150074005127, 0.5709311366081238, 0.02127186954021454, -0.6232990026473999, 0.644161581993103, -0.31403204798698425, -0.5729784965515137, 0.1374543011188507, -1.2461440563201904, -0.8695138692855835, 0.23172225058078766, -0.5449978113174438, -1.3462061882019043, -1.0841563940048218, 0.926476776599884, -0.817488968372345, -0.7692579030990601, 0.5761007070541382, -0.5490002036094666, -0.8917436003684998, -1.0957157611846924, 0.28182488679885864, -1.0040918588638306, -1.0449254512786865, 0.5572220087051392, -0.21915222704410553, 0.3435436487197876, 0.4717477858066559, -0.16043806076049805, 0.8408440947532654, -0.4571952819824219, -0.43927454948425293, -0.0820455253124237, -0.46323707699775696, -0.37352681159973145, -0.1965036690235138, -0.02827826887369156, -0.49517250061035156, 0.7259954810142517, -1.26265549659729, -0.8949252367019653, -0.08984584361314774, 1.2514163255691528, 0.42826956510543823, 0.21789224445819855, -0.8013522624969482, 1.836139440536499, 0.8819177746772766, -0.8111215829849243, 0.40050551295280457, 0.33637839555740356, 0.8140732049942017, 0.36245477199554443, 1.4095605611801147, 0.24788790941238403, -0.150715172290802, 0.0647694319486618, -0.3727480173110962, -0.26924386620521545, -0.8130111694335938, -0.4403001666069031, 0.6427649855613708, 1.7732453346252441, 0.11262989044189453, 0.7351155281066895, -1.026801586151123, -0.8559519052505493, 1.3249564170837402, -0.5650785565376282, -0.1501159518957138, -0.3110768496990204, 1.389370083808899, -1.4664548635482788, -0.848891019821167, -0.5107992887496948, -0.17635329067707062, 0.02430526167154312, 0.6277459859848022, -0.16490063071250916, 0.7505851984024048, 1.0084620714187622, -0.9801453948020935, -0.203194260597229, 0.4549339711666107, 0.5196186304092407, -0.28317075967788696, 0.10630754381418228, 0.07587097585201263, 0.8564517498016357, -0.9349457025527954, -1.204331874847412, 0.0699339359998703, -0.0111374631524086, -0.2806223928928375, 0.920106828212738, 1.0398205518722534, -0.8966226577758789, 0.6102715730667114, -0.39962050318717957, 0.09580975770950317, -0.8520326614379883, -0.5189710855484009, 0.7199809551239014, -0.3541838228702545, -1.6366662979125977, 1.0330255031585693, 1.1960569620132446, -0.17476098239421844, -0.29821693897247314, 1.6192350387573242, -0.2713378369808197, -0.27397701144218445, -0.5205682516098022, 0.6128038167953491, 0.30014529824256897, 0.017863038927316666, -0.5228777527809143, 0.39593183994293213, 0.28666502237319946, -0.47221267223358154, -1.3614270687103271, 0.0763176828622818, -0.906976044178009, 0.554175078868866, -1.20961332321167, -0.443989634513855, 0.24217408895492554, 1.0658257007598877, -1.5278830528259277, -0.005598574876785278, 0.3903207778930664, 0.043164052069187164, 0.33362603187561035, -0.258767694234848, -0.46547043323516846, 0.2602284252643585, -1.1424120664596558, -0.8284889459609985, 1.264857530593872, 0.10518033802509308, -0.6433142423629761, -0.2347119152545929, -0.08082503080368042, 0.536512553691864, 1.9696059226989746, -0.03586910292506218, 0.15844424068927765, -0.34571602940559387, 1.018723964691162, 0.4947572946548462, -0.5437154769897461, -0.37833091616630554, -0.9524354934692383, -1.197880506515503, -1.376833200454712, 1.0981847047805786, 1.2177494764328003, -0.7510882019996643, 0.0507512241601944, 0.8278335928916931, 0.7864805459976196, -1.539964199066162, 0.1619219332933426, -0.7451183199882507, -0.7442314624786377, -0.05047784745693207, -0.22065408527851105, 1.265940546989441, 0.7867018580436707, -0.23764744400978088, 0.06521164625883102, -0.07510434836149216, 0.8485298156738281, 0.18573345243930817, -0.03445935994386673, 0.1440904438495636, 0.30069735646247864, 0.9653996825218201, 1.4227339029312134, 0.5943973660469055, -0.17666608095169067, -0.335422158241272, 1.9724599123001099, 0.9029617309570312, 0.32174646854400635, -0.563572883605957, -0.10306759178638458, -1.3069026470184326, -0.9415407180786133, -0.8617929220199585, -0.37873557209968567, -1.1041468381881714, -1.0507289171218872, 0.009646505117416382, -1.1598292589187622, -2.533381223678589, -0.8485486507415771, -0.7009648680686951, -0.6385743021965027, -0.0011684410274028778, -0.6500159502029419, 0.6804236173629761, 0.8154980540275574, 0.6190052032470703, -0.1057436391711235, 0.6367353200912476, -0.9315599203109741, -0.0008745100349187851, 0.27448928356170654, -1.8919941186904907, -0.1856749951839447, -0.5617167353630066, 0.49392592906951904, 1.0100843906402588, 0.5168172121047974, 0.8462101221084595, 0.32317861914634705, 1.796655535697937, 1.3110500574111938, -0.6794925332069397, -0.12245810031890869, -0.09994874894618988, -0.6531583666801453, -0.12206874787807465, 0.8384320735931396, -0.9367375373840332, -0.21373134851455688, 0.10238784551620483, 0.14337939023971558, -0.41403499245643616, -0.6259047985076904, 0.2991926372051239, -0.8903679251670837, 0.373336523771286, -2.949474811553955, 0.5852508544921875, 0.548831582069397, -0.4326074719429016, 0.025596894323825836, 0.5627316236495972, 0.9338846206665039, 0.5264782905578613, 0.15861192345619202, 0.6999505758285522, -0.2861441671848297, 0.6843162178993225, -1.5950239896774292, 0.9912329316139221, 0.31228339672088623, -0.44922325015068054, -0.4331020414829254, -0.09837144613265991, -0.030594825744628906, 0.03542648255825043, 0.02052583545446396, -1.0867743492126465, -0.5259020328521729, 0.15674863755702972, 0.09129974246025085, -1.7704224586486816, 0.5131585001945496, 0.5723970532417297, -0.7038769721984863, -0.4416004717350006, 0.5934918522834778, -0.12339682132005692, 0.09617291390895844, -0.7295889258384705, -0.35475245118141174, -0.6916042566299438, -0.7079235315322876, -0.506576657295227, -0.649393618106842, -0.49374353885650635, -1.9960662126541138, -0.3705137372016907, -0.4712800979614258, -0.0307571142911911, -0.6797719597816467, -1.9984099864959717, -0.09621784836053848, -0.6458507776260376, 1.122457504272461, 1.7888537645339966, 0.5306900143623352, 0.23533838987350464, 0.4695811867713928, -1.2760714292526245, -0.36060068011283875, 0.2876671552658081, -0.7228392958641052, -0.7289968132972717, -0.4796964228153229, 0.263077050447464, 0.2382957935333252, -0.336169958114624, -0.330751895904541, -0.12270379066467285, 0.04696589708328247, -1.0524624586105347, -0.32151979207992554, 1.0853430032730103, 0.553087592124939, 0.3434176743030548, -0.4782586395740509, -1.6209701299667358, 1.194853663444519, -0.7179688215255737, -0.7515565156936646, -0.8969302177429199, 0.5562312602996826, -1.3633137941360474, -1.5070710182189941, -0.13523148000240326, 0.8963639736175537, -0.20329099893569946, -0.09426704049110413, 0.459237664937973, -0.008170664310455322, -0.8237806558609009, -1.3779298067092896, -1.2239830493927002, -1.3937842845916748, 0.19860190153121948, 0.2562505006790161, 0.652391791343689, -0.08531849831342697, -0.45904770493507385, 0.8236032128334045, -0.33558547496795654, -0.31624552607536316, 1.1945860385894775, -0.2007487565279007, 0.0007880814373493195, -0.1958376169204712, -1.0899717807769775, 1.1572990417480469, 0.12801828980445862, 0.21362219750881195, 0.49484115839004517, -0.6599162817001343, 0.26742565631866455, 0.47239407896995544, 0.6355519890785217, -0.517095685005188, -0.9099715948104858, 0.23471762239933014, -0.8020060658454895, -0.46449798345565796, -0.49050775170326233, -0.5052251815795898, 0.30140841007232666, 0.2706007957458496, -0.8021624088287354, 0.008795715868473053, -0.3842490315437317, -0.013703408651053905, -0.9108039736747742, 0.8243817090988159, -1.2036586999893188, 0.24702808260917664, -0.042011573910713196, 0.714049756526947, 0.07956774532794952, -0.10838697850704193, -0.8269002437591553, -0.24711570143699646, -0.13254660367965698, -0.9603203535079956, 1.0510714054107666, -0.33599451184272766, -0.5669659376144409, -0.6475247144699097, -1.300065279006958, -1.62819504737854, -0.2218051254749298, -0.2069578319787979, -0.8811514377593994, 0.015129044651985168, -0.3585732579231262, 0.5945942997932434, 0.9821767210960388, 1.0323352813720703, -0.2892805337905884, -0.35416609048843384, 1.248595118522644, 0.732654333114624, 0.7462111115455627, -0.565534770488739, -0.7554330825805664, -2.0774638652801514, 0.31300094723701477, 0.6372814178466797, -1.3994171619415283, 0.29328271746635437, -0.8040439486503601, 0.16696640849113464, -0.9578086733818054, 0.7081781029701233, 0.3777328431606293, -0.9528248906135559, 0.3995651602745056, 0.5943759679794312, -0.21520665287971497, -0.1650509536266327, 1.2708731889724731, 1.182800054550171, -0.6165489554405212, 0.222500279545784, 1.018406867980957, -0.48265114426612854, 0.8190237879753113, 1.3946856260299683, 1.8878707885742188, -2.1152400970458984, 2.2045810222625732, 1.8937177658081055, -0.8016011118888855, -0.3507012128829956, 0.6565378308296204, -0.14610587060451508, -1.0135902166366577, -0.10741488635540009, -0.07624227553606033, 0.23551395535469055, -0.21600404381752014, -0.08495492488145828, 1.048219084739685, -1.418581485748291, 0.06494806706905365, 0.144575297832489, -0.4845300316810608, 0.7619712352752686, -0.7520747184753418, -1.0691149234771729, -1.0881061553955078, -0.38683217763900757, -1.8721860647201538, 1.0317814350128174, -0.4408380091190338, 1.5105962753295898, -1.9138730764389038, 0.5629592537879944, -0.9658716917037964, -0.02415372245013714, 0.46167299151420593, 1.1298643350601196, -0.6923704147338867, -0.4500965476036072, -0.6789510846138, 0.37836533784866333, 0.6038655042648315, -0.14849123358726501, -0.21826507151126862, -0.8812483549118042, 1.0692375898361206, 1.329411506652832, -1.3753808736801147, 0.173211008310318, -1.3885722160339355, -0.1861468255519867, 1.533600091934204, -0.892737627029419, 0.13666750490665436, -0.15584149956703186, -0.29507869482040405, -0.5857273936271667, -1.121272325515747, 0.3936842083930969, 1.3043997287750244, -0.19770047068595886, -0.9071520566940308, -1.1400963068008423, 0.1165657788515091, 0.044985707849264145, 1.1408475637435913, 1.0607658624649048, -1.0645930767059326, 0.6859906911849976, -0.4655379056930542, -1.425781011581421, 0.3768843412399292, -0.22649498283863068, -0.3438676595687866, -0.10944177210330963, -0.6275075078010559, 0.045195337384939194, 0.8181793093681335, -0.5897164344787598, -0.9444352388381958, -1.0744305849075317, 0.5328747630119324, 0.13818305730819702, 1.6951782703399658, -1.5220248699188232, -0.10669165104627609, 1.4241838455200195, 0.9697775840759277, 0.017935682088136673, -1.6934407949447632, 1.264374852180481, -0.8162672519683838, -0.5045628547668457, 2.0532052516937256, 1.7124080657958984, 0.09544266015291214, -0.7703220248222351, -0.384033203125, 0.5930480360984802, 0.5050092339515686, -0.14684970676898956, 0.008709250018000603, -1.5033683776855469, -2.1301512718200684, -0.518345832824707, -0.5413753986358643, 1.7350645065307617, -1.3455612659454346, 0.7152675986289978, -0.5737135410308838, -0.7555882930755615, 1.512020468711853, 0.7467783093452454, 1.3025649785995483, -2.1994338035583496, 1.2006586790084839, -0.5691145062446594, -1.7280267477035522, 0.6451430916786194, 0.3413839638233185, 1.8424651622772217, 2.1412699222564697, 1.6647589206695557, 0.5317919850349426, 0.19107139110565186, -1.688980221748352, 0.7116877436637878, 1.6094669103622437, -0.5944145917892456]"
21,2,ترفيعة,finan,"بسب

ا الام نحل دان الع
: د ررحم
زا ضير
نَْ ا
>
8

0 إْ 0

1 بجا على أأحكاام المتابتون الا سااسي للعاابطين بالمدولة رتم ب لام 126 ا 7 ب
١ل‏ ا عكايم المفاتون رقم 17ل لعام ‎١487‏ ب
‎١١‏ على ا سكام المقاتون رقم 177 لام 1181
وغل المرموم رغم 147 / تريح 171717171 أل
‎١‏ وعلى اخترا:م المذجنة المفرعية لتنييم اها المماطين المبشائلة التراز ,رقم 7367507 رب 297:71
0 والمتترن بمسادقة المذلجنة المرئزية لتتهيم اذا؛ العاطين في وزازة الرى المشكلةٌ بالثراز رشقم 7 ‎77١١8‏
‏ا الي ‎٠‏

ذم كل من المسافة الموازدة اإسمائغم هتاه والعاملين لدي وزازة المزن ‏ طمرة الزن المساجة

ار التااهل ترفيسا؛ اميا استبارا. من نارين 1117710 وق الااااا ب لله لارام
انه الرولفة الاجر مبة شتار الا الطليألتى اا صلاربء
قبل المتريم الدنا ا عت الترفيم | بد ز
1
ل
- - 1871 7/1 687 ا ل لاس
سا 1ل م ااا ‎١‏ 1679 البارة + غيازب جع
اح 716 لات ب 11 0 111
ااال 17 الفا ‎1١٠‏ اس 0 برجو الال ‎١‏
‏ل"" 4د 0 واه سا اا 7 1 اله ويا
اا 7/010 1 ل 0 آّ 1 ال ال
سبال دا ليش اا نك 7116 81 با الس 1 17 الع
د ح- اه 771 اد ااا ا دازرة
ال - 2 0 75 0 ه75 ‎1١‏ 1 ك1 لساك لحجي
الى اد ووم ارول الاج لم2 11 11 1 1117 غاسانا اب ا
ِ اا 0 7110 ا 4 ‎1١‏ ا 11+41 امسا ا احه ب
معين يوتس ع . 2 5 ضع 70 1 ل بد 1 ‎1١‏ له لنب“
«اعال محمك مول - ا 2 7 0 7/14 ا بس ل ً ارت
ميا سلمان اولاق ااا 4 74 م اا اللا ْ قيئه ال الي
ب كه 7/3 لام اا ااا ؟ زقرهم اللاي

ذا 2 4 ور 1 ااا ل عن الا ا

+","[-1.2966240644454956, 0.8167434930801392, 0.486279159784317, 0.03900653123855591, 0.33967292308807373, 0.10376466810703278, 0.38042089343070984, 0.8819825053215027, -0.8789399266242981, -0.08120661228895187, -0.20688477158546448, -0.41439497470855713, -0.644124448299408, -0.3342262804508209, 0.32405364513397217, 0.23706236481666565, 1.408501148223877, 0.7245312929153442, 0.27321022748947144, 0.49337151646614075, 0.29069051146507263, -1.0443201065063477, 0.17303988337516785, 0.27205535769462585, 0.18202747404575348, -0.336144357919693, -0.5373021960258484, -0.10994202643632889, 0.11578132212162018, 0.7838766574859619, 0.2511731684207916, 0.821079432964325, -1.0258346796035767, 0.2085506021976471, -0.2951472997665405, -0.9547967910766602, -1.4860565662384033, 1.0880111455917358, -0.22807468473911285, -0.4653155207633972, 0.06618288159370422, -0.3899105191230774, -0.9545271396636963, -0.3217674791812897, -0.9084651470184326, 0.6382042169570923, 0.6264758110046387, 1.4837238788604736, 0.2833764851093292, 1.4926413297653198, -0.38909128308296204, 0.057321980595588684, -0.6372820138931274, -0.03228357434272766, -0.5006327033042908, 0.6841355562210083, 0.7788912057876587, -0.389101505279541, -1.063747525215149, -0.990156888961792, -0.5431821942329407, -0.8228014707565308, 0.116846963763237, -0.31407514214515686, 0.4136652648448944, 0.4062482416629791, 0.4355119466781616, -1.3692736625671387, -0.6223235130310059, -0.10024645924568176, 0.8170593976974487, 0.043029963970184326, -0.5897502303123474, 0.8712956309318542, 0.016890648752450943, -1.1551178693771362, -1.1473702192306519, 0.13038596510887146, -0.08299887180328369, -0.29722386598587036, -0.06099863350391388, -0.4666370451450348, -0.5740020871162415, -0.03765293210744858, 0.6311894655227661, -0.4575146436691284, 1.3439037799835205, -0.7302489876747131, -0.22741290926933289, 0.2974603474140167, 1.1545358896255493, 1.0385277271270752, -0.051355600357055664, 0.6942130327224731, -0.5269997715950012, -0.3217455744743347, -0.38378995656967163, -0.291448175907135, -0.1227944865822792, 0.7672330737113953, 1.3637515306472778, -0.7404137253761292, 1.1593377590179443, 0.6813862919807434, 0.20570674538612366, 0.7694315910339355, -0.17291760444641113, -0.2590342164039612, -0.6113117933273315, -5.25378942489624, -0.7363943457603455, -0.5850675702095032, -0.008352786302566528, 0.7441361546516418, 0.1803557425737381, 0.5403527617454529, 0.6801230311393738, -0.8974092602729797, -0.4778940677642822, 0.018916890025138855, 0.7569019794464111, -1.60337233543396, -1.3652276992797852, 0.6012054681777954, -1.967363715171814, 0.8447507619857788, 0.9676056504249573, -0.6447906494140625, 0.0075711458921432495, 0.14774863421916962, 1.1168078184127808, -0.35966619849205017, 0.3435865044593811, -0.6706171035766602, 0.4806574881076813, -2.134021520614624, 0.29092609882354736, -1.502124547958374, 0.5349550843238831, 0.48915645480155945, 1.7033672332763672, 1.407119631767273, 0.5496770739555359, 0.22879283130168915, 1.4224753379821777, 0.6142664551734924, 0.09747181087732315, -0.8966518044471741, -0.76322340965271, 0.38909751176834106, -0.2126159965991974, -0.4154618978500366, 0.011822473257780075, 0.7901973724365234, 10.469175338745117, 0.3411681056022644, -0.36650919914245605, -0.46116653084754944, -0.4194687604904175, 0.4915069341659546, 1.0857019424438477, 0.5766064524650574, -0.5963501930236816, 1.1314756870269775, 0.04393206536769867, -1.9559012651443481, -1.1759116649627686, -1.7435129880905151, -0.2558095455169678, -0.03714904189109802, 0.32601433992385864, 0.17959052324295044, 0.1168624758720398, -0.7131369113922119, 0.44365599751472473, 1.3527268171310425, -1.5053050518035889, 0.30874723196029663, -1.204962968826294, 0.5259862542152405, 0.5430752038955688, 0.5470607876777649, -0.0946355015039444, -0.1409820169210434, -0.991203784942627, -1.0432274341583252, 0.08265091478824615, 0.27509525418281555, 0.9908521175384521, -0.05795691907405853, 1.3579343557357788, 1.476525902748108, 0.1569293588399887, 0.7999604940414429, -0.4787013828754425, 0.14392463862895966, -0.8453106880187988, 0.6908441781997681, 0.2924741506576538, 0.005202975124120712, -0.12111067771911621, -0.5494415163993835, -0.4697689414024353, 0.2844792902469635, -0.3751388192176819, 0.7467133402824402, -0.49512577056884766, -0.26539966464042664, -0.37161657214164734, -1.100492000579834, -0.8703709840774536, -0.2063238024711609, -1.3552894592285156, 0.5083772540092468, -0.36772438883781433, -0.1769551783800125, 0.05149951949715614, 0.5947690606117249, -0.5976633429527283, -0.49868011474609375, -0.15490448474884033, 1.3343639373779297, 0.13236743211746216, 0.8339681029319763, 1.0674612522125244, -0.7879167199134827, -0.2899990975856781, -0.045623719692230225, 0.143606036901474, -0.702400803565979, 0.7512564659118652, 0.17511466145515442, 0.6823704242706299, -0.2595500946044922, 0.6190387606620789, -0.5182064771652222, -0.7903882265090942, -0.4955795407295227, 0.4709366261959076, 0.07772955298423767, 0.14111393690109253, 0.3887527287006378, -1.453768253326416, 0.24756313860416412, -0.5452513694763184, 0.7427585124969482, -0.6096146106719971, -0.4440527558326721, -0.015291273593902588, -0.5700783133506775, 1.4337788820266724, -0.8767720460891724, -0.5550927519798279, -0.4932810366153717, -1.0781205892562866, 0.8570340275764465, 0.09557932615280151, 0.7168670892715454, 0.3947807848453522, -0.19251535832881927, 0.5367216467857361, 0.9682544469833374, -0.03551282733678818, 0.02732856199145317, 0.017208769917488098, -0.8117653727531433, -0.5070056915283203, -0.6419023871421814, 0.08745130151510239, 0.019816769286990166, -1.1984498500823975, -0.00977720320224762, 1.6809172630310059, 0.7429111003875732, -1.3580102920532227, 0.3882787823677063, 0.279666006565094, 0.38767656683921814, -0.10330881178379059, 0.27729400992393494, -1.443850040435791, -1.198997139930725, 0.49774080514907837, -0.5320000648498535, 1.665419101715088, -1.176582932472229, 0.17040646076202393, 0.3364001214504242, 0.037620484828948975, -0.4997982680797577, 0.33583974838256836, -0.13946983218193054, 0.7584657669067383, -1.4474892616271973, -0.4194754958152771, -0.34052178263664246, 1.4425253868103027, 0.22751489281654358, 0.5233536958694458, 0.15693020820617676, -0.2447156310081482, -1.8316314220428467, 0.13102328777313232, 1.9124033451080322, -0.37444937229156494, -0.518266499042511, 0.23599427938461304, -0.8543365001678467, -0.44567644596099854, -0.7714206576347351, -0.07766774296760559, -0.05061554163694382, -0.8063430190086365, 2.9527058601379395, -0.1732274889945984, 0.2327233999967575, -1.5970499515533447, 0.18431711196899414, 1.2850022315979004, 0.3327547311782837, 0.6697245836257935, -0.33485859632492065, 1.649837613105774, -0.9939253330230713, 0.9444223642349243, -1.6715811491012573, -0.33629828691482544, 0.7419784069061279, 0.8898881673812866, -0.28241798281669617, 0.34149646759033203, 0.2654697299003601, 1.1628508567810059, -0.6068517565727234, 0.17036612331867218, 0.14283165335655212, -0.07891644537448883, 0.7399319410324097, -0.0051971860229969025, 0.7747830152511597, -0.48755767941474915, -0.7448679208755493, 0.20545263588428497, 0.9198695421218872, 0.8522647023200989, 0.03441690281033516, -0.9360389113426208, -1.417420744895935, -0.2338496446609497, 0.5489482283592224, -0.6934324502944946, -0.5026330947875977, 0.6721228957176208, 0.527210533618927, -0.17515484988689423, 0.30037960410118103, 0.18957814574241638, 0.8311150074005127, 0.5709311366081238, 0.02127186954021454, -0.6232990026473999, 0.644161581993103, -0.31403204798698425, -0.5729784965515137, 0.1374543011188507, -1.2461440563201904, -0.8695138692855835, 0.23172225058078766, -0.5449978113174438, -1.3462061882019043, -1.0841563940048218, 0.926476776599884, -0.817488968372345, -0.7692579030990601, 0.5761007070541382, -0.5490002036094666, -0.8917436003684998, -1.0957157611846924, 0.28182488679885864, -1.0040918588638306, -1.0449254512786865, 0.5572220087051392, -0.21915222704410553, 0.3435436487197876, 0.4717477858066559, -0.16043806076049805, 0.8408440947532654, -0.4571952819824219, -0.43927454948425293, -0.0820455253124237, -0.46323707699775696, -0.37352681159973145, -0.1965036690235138, -0.02827826887369156, -0.49517250061035156, 0.7259954810142517, -1.26265549659729, -0.8949252367019653, -0.08984584361314774, 1.2514163255691528, 0.42826956510543823, 0.21789224445819855, -0.8013522624969482, 1.836139440536499, 0.8819177746772766, -0.8111215829849243, 0.40050551295280457, 0.33637839555740356, 0.8140732049942017, 0.36245477199554443, 1.4095605611801147, 0.24788790941238403, -0.150715172290802, 0.0647694319486618, -0.3727480173110962, -0.26924386620521545, -0.8130111694335938, -0.4403001666069031, 0.6427649855613708, 1.7732453346252441, 0.11262989044189453, 0.7351155281066895, -1.026801586151123, -0.8559519052505493, 1.3249564170837402, -0.5650785565376282, -0.1501159518957138, -0.3110768496990204, 1.389370083808899, -1.4664548635482788, -0.848891019821167, -0.5107992887496948, -0.17635329067707062, 0.02430526167154312, 0.6277459859848022, -0.16490063071250916, 0.7505851984024048, 1.0084620714187622, -0.9801453948020935, -0.203194260597229, 0.4549339711666107, 0.5196186304092407, -0.28317075967788696, 0.10630754381418228, 0.07587097585201263, 0.8564517498016357, -0.9349457025527954, -1.204331874847412, 0.0699339359998703, -0.0111374631524086, -0.2806223928928375, 0.920106828212738, 1.0398205518722534, -0.8966226577758789, 0.6102715730667114, -0.39962050318717957, 0.09580975770950317, -0.8520326614379883, -0.5189710855484009, 0.7199809551239014, -0.3541838228702545, -1.6366662979125977, 1.0330255031585693, 1.1960569620132446, -0.17476098239421844, -0.29821693897247314, 1.6192350387573242, -0.2713378369808197, -0.27397701144218445, -0.5205682516098022, 0.6128038167953491, 0.30014529824256897, 0.017863038927316666, -0.5228777527809143, 0.39593183994293213, 0.28666502237319946, -0.47221267223358154, -1.3614270687103271, 0.0763176828622818, -0.906976044178009, 0.554175078868866, -1.20961332321167, -0.443989634513855, 0.24217408895492554, 1.0658257007598877, -1.5278830528259277, -0.005598574876785278, 0.3903207778930664, 0.043164052069187164, 0.33362603187561035, -0.258767694234848, -0.46547043323516846, 0.2602284252643585, -1.1424120664596558, -0.8284889459609985, 1.264857530593872, 0.10518033802509308, -0.6433142423629761, -0.2347119152545929, -0.08082503080368042, 0.536512553691864, 1.9696059226989746, -0.03586910292506218, 0.15844424068927765, -0.34571602940559387, 1.018723964691162, 0.4947572946548462, -0.5437154769897461, -0.37833091616630554, -0.9524354934692383, -1.197880506515503, -1.376833200454712, 1.0981847047805786, 1.2177494764328003, -0.7510882019996643, 0.0507512241601944, 0.8278335928916931, 0.7864805459976196, -1.539964199066162, 0.1619219332933426, -0.7451183199882507, -0.7442314624786377, -0.05047784745693207, -0.22065408527851105, 1.265940546989441, 0.7867018580436707, -0.23764744400978088, 0.06521164625883102, -0.07510434836149216, 0.8485298156738281, 0.18573345243930817, -0.03445935994386673, 0.1440904438495636, 0.30069735646247864, 0.9653996825218201, 1.4227339029312134, 0.5943973660469055, -0.17666608095169067, -0.335422158241272, 1.9724599123001099, 0.9029617309570312, 0.32174646854400635, -0.563572883605957, -0.10306759178638458, -1.3069026470184326, -0.9415407180786133, -0.8617929220199585, -0.37873557209968567, -1.1041468381881714, -1.0507289171218872, 0.009646505117416382, -1.1598292589187622, -2.533381223678589, -0.8485486507415771, -0.7009648680686951, -0.6385743021965027, -0.0011684410274028778, -0.6500159502029419, 0.6804236173629761, 0.8154980540275574, 0.6190052032470703, -0.1057436391711235, 0.6367353200912476, -0.9315599203109741, -0.0008745100349187851, 0.27448928356170654, -1.8919941186904907, -0.1856749951839447, -0.5617167353630066, 0.49392592906951904, 1.0100843906402588, 0.5168172121047974, 0.8462101221084595, 0.32317861914634705, 1.796655535697937, 1.3110500574111938, -0.6794925332069397, -0.12245810031890869, -0.09994874894618988, -0.6531583666801453, -0.12206874787807465, 0.8384320735931396, -0.9367375373840332, -0.21373134851455688, 0.10238784551620483, 0.14337939023971558, -0.41403499245643616, -0.6259047985076904, 0.2991926372051239, -0.8903679251670837, 0.373336523771286, -2.949474811553955, 0.5852508544921875, 0.548831582069397, -0.4326074719429016, 0.025596894323825836, 0.5627316236495972, 0.9338846206665039, 0.5264782905578613, 0.15861192345619202, 0.6999505758285522, -0.2861441671848297, 0.6843162178993225, -1.5950239896774292, 0.9912329316139221, 0.31228339672088623, -0.44922325015068054, -0.4331020414829254, -0.09837144613265991, -0.030594825744628906, 0.03542648255825043, 0.02052583545446396, -1.0867743492126465, -0.5259020328521729, 0.15674863755702972, 0.09129974246025085, -1.7704224586486816, 0.5131585001945496, 0.5723970532417297, -0.7038769721984863, -0.4416004717350006, 0.5934918522834778, -0.12339682132005692, 0.09617291390895844, -0.7295889258384705, -0.35475245118141174, -0.6916042566299438, -0.7079235315322876, -0.506576657295227, -0.649393618106842, -0.49374353885650635, -1.9960662126541138, -0.3705137372016907, -0.4712800979614258, -0.0307571142911911, -0.6797719597816467, -1.9984099864959717, -0.09621784836053848, -0.6458507776260376, 1.122457504272461, 1.7888537645339966, 0.5306900143623352, 0.23533838987350464, 0.4695811867713928, -1.2760714292526245, -0.36060068011283875, 0.2876671552658081, -0.7228392958641052, -0.7289968132972717, -0.4796964228153229, 0.263077050447464, 0.2382957935333252, -0.336169958114624, -0.330751895904541, -0.12270379066467285, 0.04696589708328247, -1.0524624586105347, -0.32151979207992554, 1.0853430032730103, 0.553087592124939, 0.3434176743030548, -0.4782586395740509, -1.6209701299667358, 1.194853663444519, -0.7179688215255737, -0.7515565156936646, -0.8969302177429199, 0.5562312602996826, -1.3633137941360474, -1.5070710182189941, -0.13523148000240326, 0.8963639736175537, -0.20329099893569946, -0.09426704049110413, 0.459237664937973, -0.008170664310455322, -0.8237806558609009, -1.3779298067092896, -1.2239830493927002, -1.3937842845916748, 0.19860190153121948, 0.2562505006790161, 0.652391791343689, -0.08531849831342697, -0.45904770493507385, 0.8236032128334045, -0.33558547496795654, -0.31624552607536316, 1.1945860385894775, -0.2007487565279007, 0.0007880814373493195, -0.1958376169204712, -1.0899717807769775, 1.1572990417480469, 0.12801828980445862, 0.21362219750881195, 0.49484115839004517, -0.6599162817001343, 0.26742565631866455, 0.47239407896995544, 0.6355519890785217, -0.517095685005188, -0.9099715948104858, 0.23471762239933014, -0.8020060658454895, -0.46449798345565796, -0.49050775170326233, -0.5052251815795898, 0.30140841007232666, 0.2706007957458496, -0.8021624088287354, 0.008795715868473053, -0.3842490315437317, -0.013703408651053905, -0.9108039736747742, 0.8243817090988159, -1.2036586999893188, 0.24702808260917664, -0.042011573910713196, 0.714049756526947, 0.07956774532794952, -0.10838697850704193, -0.8269002437591553, -0.24711570143699646, -0.13254660367965698, -0.9603203535079956, 1.0510714054107666, -0.33599451184272766, -0.5669659376144409, -0.6475247144699097, -1.300065279006958, -1.62819504737854, -0.2218051254749298, -0.2069578319787979, -0.8811514377593994, 0.015129044651985168, -0.3585732579231262, 0.5945942997932434, 0.9821767210960388, 1.0323352813720703, -0.2892805337905884, -0.35416609048843384, 1.248595118522644, 0.732654333114624, 0.7462111115455627, -0.565534770488739, -0.7554330825805664, -2.0774638652801514, 0.31300094723701477, 0.6372814178466797, -1.3994171619415283, 0.29328271746635437, -0.8040439486503601, 0.16696640849113464, -0.9578086733818054, 0.7081781029701233, 0.3777328431606293, -0.9528248906135559, 0.3995651602745056, 0.5943759679794312, -0.21520665287971497, -0.1650509536266327, 1.2708731889724731, 1.182800054550171, -0.6165489554405212, 0.222500279545784, 1.018406867980957, -0.48265114426612854]","[0.8190237879753113, 1.3946856260299683, 1.8878707885742188, -2.1152400970458984, 2.2045810222625732, 1.8937177658081055, -0.8016011118888855, -0.3507012128829956, 0.6565378308296204, -0.14610587060451508, -1.0135902166366577, -0.10741488635540009, -0.07624227553606033, 0.23551395535469055, -0.21600404381752014, -0.08495492488145828, 1.048219084739685, -1.418581485748291, 0.06494806706905365, 0.144575297832489, -0.4845300316810608, 0.7619712352752686, -0.7520747184753418, -1.0691149234771729, -1.0881061553955078, -0.38683217763900757, -1.8721860647201538, 1.0317814350128174, -0.4408380091190338, 1.5105962753295898, -1.9138730764389038, 0.5629592537879944, -0.9658716917037964, -0.02415372245013714, 0.46167299151420593, 1.1298643350601196, -0.6923704147338867, -0.4500965476036072, -0.6789510846138, 0.37836533784866333, 0.6038655042648315, -0.14849123358726501, -0.21826507151126862, -0.8812483549118042, 1.0692375898361206, 1.329411506652832, -1.3753808736801147, 0.173211008310318, -1.3885722160339355, -0.1861468255519867, 1.533600091934204, -0.892737627029419, 0.13666750490665436, -0.15584149956703186, -0.29507869482040405, -0.5857273936271667, -1.121272325515747, 0.3936842083930969, 1.3043997287750244, -0.19770047068595886, -0.9071520566940308, -1.1400963068008423, 0.1165657788515091, 0.044985707849264145, 1.1408475637435913, 1.0607658624649048, -1.0645930767059326, 0.6859906911849976, -0.4655379056930542, -1.425781011581421, 0.3768843412399292, -0.22649498283863068, -0.3438676595687866, -0.10944177210330963, -0.6275075078010559, 0.045195337384939194, 0.8181793093681335, -0.5897164344787598, -0.9444352388381958, -1.0744305849075317, 0.5328747630119324, 0.13818305730819702, 1.6951782703399658, -1.5220248699188232, -0.10669165104627609, 1.4241838455200195, 0.9697775840759277, 0.017935682088136673, -1.6934407949447632, 1.264374852180481, -0.8162672519683838, -0.5045628547668457, 2.0532052516937256, 1.7124080657958984, 0.09544266015291214, -0.7703220248222351, -0.384033203125, 0.5930480360984802, 0.5050092339515686, -0.14684970676898956, 0.008709250018000603, -1.5033683776855469, -2.1301512718200684, -0.518345832824707, -0.5413753986358643, 1.7350645065307617, -1.3455612659454346, 0.7152675986289978, -0.5737135410308838, -0.7555882930755615, 1.512020468711853, 0.7467783093452454, 1.3025649785995483, -2.1994338035583496, 1.2006586790084839, -0.5691145062446594, -1.7280267477035522, 0.6451430916786194, 0.3413839638233185, 1.8424651622772217, 2.1412699222564697, 1.6647589206695557, 0.5317919850349426, 0.19107139110565186, -1.688980221748352, 0.7116877436637878, 1.6094669103622437, -0.5944145917892456]","[-1.2966240644454956, 0.8167434930801392, 0.486279159784317, 0.03900653123855591, 0.33967292308807373, 0.10376466810703278, 0.38042089343070984, 0.8819825053215027, -0.8789399266242981, -0.08120661228895187, -0.20688477158546448, -0.41439497470855713, -0.644124448299408, -0.3342262804508209, 0.32405364513397217, 0.23706236481666565, 1.408501148223877, 0.7245312929153442, 0.27321022748947144, 0.49337151646614075, 0.29069051146507263, -1.0443201065063477, 0.17303988337516785, 0.27205535769462585, 0.18202747404575348, -0.336144357919693, -0.5373021960258484, -0.10994202643632889, 0.11578132212162018, 0.7838766574859619, 0.2511731684207916, 0.821079432964325, -1.0258346796035767, 0.2085506021976471, -0.2951472997665405, -0.9547967910766602, -1.4860565662384033, 1.0880111455917358, -0.22807468473911285, -0.4653155207633972, 0.06618288159370422, -0.3899105191230774, -0.9545271396636963, -0.3217674791812897, -0.9084651470184326, 0.6382042169570923, 0.6264758110046387, 1.4837238788604736, 0.2833764851093292, 1.4926413297653198, -0.38909128308296204, 0.057321980595588684, -0.6372820138931274, -0.03228357434272766, -0.5006327033042908, 0.6841355562210083, 0.7788912057876587, -0.389101505279541, -1.063747525215149, -0.990156888961792, -0.5431821942329407, -0.8228014707565308, 0.116846963763237, -0.31407514214515686, 0.4136652648448944, 0.4062482416629791, 0.4355119466781616, -1.3692736625671387, -0.6223235130310059, -0.10024645924568176, 0.8170593976974487, 0.043029963970184326, -0.5897502303123474, 0.8712956309318542, 0.016890648752450943, -1.1551178693771362, -1.1473702192306519, 0.13038596510887146, -0.08299887180328369, -0.29722386598587036, -0.06099863350391388, -0.4666370451450348, -0.5740020871162415, -0.03765293210744858, 0.6311894655227661, -0.4575146436691284, 1.3439037799835205, -0.7302489876747131, -0.22741290926933289, 0.2974603474140167, 1.1545358896255493, 1.0385277271270752, -0.051355600357055664, 0.6942130327224731, -0.5269997715950012, -0.3217455744743347, -0.38378995656967163, -0.291448175907135, -0.1227944865822792, 0.7672330737113953, 1.3637515306472778, -0.7404137253761292, 1.1593377590179443, 0.6813862919807434, 0.20570674538612366, 0.7694315910339355, -0.17291760444641113, -0.2590342164039612, -0.6113117933273315, -5.25378942489624, -0.7363943457603455, -0.5850675702095032, -0.008352786302566528, 0.7441361546516418, 0.1803557425737381, 0.5403527617454529, 0.6801230311393738, -0.8974092602729797, -0.4778940677642822, 0.018916890025138855, 0.7569019794464111, -1.60337233543396, -1.3652276992797852, 0.6012054681777954, -1.967363715171814, 0.8447507619857788, 0.9676056504249573, -0.6447906494140625, 0.0075711458921432495, 0.14774863421916962, 1.1168078184127808, -0.35966619849205017, 0.3435865044593811, -0.6706171035766602, 0.4806574881076813, -2.134021520614624, 0.29092609882354736, -1.502124547958374, 0.5349550843238831, 0.48915645480155945, 1.7033672332763672, 1.407119631767273, 0.5496770739555359, 0.22879283130168915, 1.4224753379821777, 0.6142664551734924, 0.09747181087732315, -0.8966518044471741, -0.76322340965271, 0.38909751176834106, -0.2126159965991974, -0.4154618978500366, 0.011822473257780075, 0.7901973724365234, 10.469175338745117, 0.3411681056022644, -0.36650919914245605, -0.46116653084754944, -0.4194687604904175, 0.4915069341659546, 1.0857019424438477, 0.5766064524650574, -0.5963501930236816, 1.1314756870269775, 0.04393206536769867, -1.9559012651443481, -1.1759116649627686, -1.7435129880905151, -0.2558095455169678, -0.03714904189109802, 0.32601433992385864, 0.17959052324295044, 0.1168624758720398, -0.7131369113922119, 0.44365599751472473, 1.3527268171310425, -1.5053050518035889, 0.30874723196029663, -1.204962968826294, 0.5259862542152405, 0.5430752038955688, 0.5470607876777649, -0.0946355015039444, -0.1409820169210434, -0.991203784942627, -1.0432274341583252, 0.08265091478824615, 0.27509525418281555, 0.9908521175384521, -0.05795691907405853, 1.3579343557357788, 1.476525902748108, 0.1569293588399887, 0.7999604940414429, -0.4787013828754425, 0.14392463862895966, -0.8453106880187988, 0.6908441781997681, 0.2924741506576538, 0.005202975124120712, -0.12111067771911621, -0.5494415163993835, -0.4697689414024353, 0.2844792902469635, -0.3751388192176819, 0.7467133402824402, -0.49512577056884766, -0.26539966464042664, -0.37161657214164734, -1.100492000579834, -0.8703709840774536, -0.2063238024711609, -1.3552894592285156, 0.5083772540092468, -0.36772438883781433, -0.1769551783800125, 0.05149951949715614, 0.5947690606117249, -0.5976633429527283, -0.49868011474609375, -0.15490448474884033, 1.3343639373779297, 0.13236743211746216, 0.8339681029319763, 1.0674612522125244, -0.7879167199134827, -0.2899990975856781, -0.045623719692230225, 0.143606036901474, -0.702400803565979, 0.7512564659118652, 0.17511466145515442, 0.6823704242706299, -0.2595500946044922, 0.6190387606620789, -0.5182064771652222, -0.7903882265090942, -0.4955795407295227, 0.4709366261959076, 0.07772955298423767, 0.14111393690109253, 0.3887527287006378, -1.453768253326416, 0.24756313860416412, -0.5452513694763184, 0.7427585124969482, -0.6096146106719971, -0.4440527558326721, -0.015291273593902588, -0.5700783133506775, 1.4337788820266724, -0.8767720460891724, -0.5550927519798279, -0.4932810366153717, -1.0781205892562866, 0.8570340275764465, 0.09557932615280151, 0.7168670892715454, 0.3947807848453522, -0.19251535832881927, 0.5367216467857361, 0.9682544469833374, -0.03551282733678818, 0.02732856199145317, 0.017208769917488098, -0.8117653727531433, -0.5070056915283203, -0.6419023871421814, 0.08745130151510239, 0.019816769286990166, -1.1984498500823975, -0.00977720320224762, 1.6809172630310059, 0.7429111003875732, -1.3580102920532227, 0.3882787823677063, 0.279666006565094, 0.38767656683921814, -0.10330881178379059, 0.27729400992393494, -1.443850040435791, -1.198997139930725, 0.49774080514907837, -0.5320000648498535, 1.665419101715088, -1.176582932472229, 0.17040646076202393, 0.3364001214504242, 0.037620484828948975, -0.4997982680797577, 0.33583974838256836, -0.13946983218193054, 0.7584657669067383, -1.4474892616271973, -0.4194754958152771, -0.34052178263664246, 1.4425253868103027, 0.22751489281654358, 0.5233536958694458, 0.15693020820617676, -0.2447156310081482, -1.8316314220428467, 0.13102328777313232, 1.9124033451080322, -0.37444937229156494, -0.518266499042511, 0.23599427938461304, -0.8543365001678467, -0.44567644596099854, -0.7714206576347351, -0.07766774296760559, -0.05061554163694382, -0.8063430190086365, 2.9527058601379395, -0.1732274889945984, 0.2327233999967575, -1.5970499515533447, 0.18431711196899414, 1.2850022315979004, 0.3327547311782837, 0.6697245836257935, -0.33485859632492065, 1.649837613105774, -0.9939253330230713, 0.9444223642349243, -1.6715811491012573, -0.33629828691482544, 0.7419784069061279, 0.8898881673812866, -0.28241798281669617, 0.34149646759033203, 0.2654697299003601, 1.1628508567810059, -0.6068517565727234, 0.17036612331867218, 0.14283165335655212, -0.07891644537448883, 0.7399319410324097, -0.0051971860229969025, 0.7747830152511597, -0.48755767941474915, -0.7448679208755493, 0.20545263588428497, 0.9198695421218872, 0.8522647023200989, 0.03441690281033516, -0.9360389113426208, -1.417420744895935, -0.2338496446609497, 0.5489482283592224, -0.6934324502944946, -0.5026330947875977, 0.6721228957176208, 0.527210533618927, -0.17515484988689423, 0.30037960410118103, 0.18957814574241638, 0.8311150074005127, 0.5709311366081238, 0.02127186954021454, -0.6232990026473999, 0.644161581993103, -0.31403204798698425, -0.5729784965515137, 0.1374543011188507, -1.2461440563201904, -0.8695138692855835, 0.23172225058078766, -0.5449978113174438, -1.3462061882019043, -1.0841563940048218, 0.926476776599884, -0.817488968372345, -0.7692579030990601, 0.5761007070541382, -0.5490002036094666, -0.8917436003684998, -1.0957157611846924, 0.28182488679885864, -1.0040918588638306, -1.0449254512786865, 0.5572220087051392, -0.21915222704410553, 0.3435436487197876, 0.4717477858066559, -0.16043806076049805, 0.8408440947532654, -0.4571952819824219, -0.43927454948425293, -0.0820455253124237, -0.46323707699775696, -0.37352681159973145, -0.1965036690235138, -0.02827826887369156, -0.49517250061035156, 0.7259954810142517, -1.26265549659729, -0.8949252367019653, -0.08984584361314774, 1.2514163255691528, 0.42826956510543823, 0.21789224445819855, -0.8013522624969482, 1.836139440536499, 0.8819177746772766, -0.8111215829849243, 0.40050551295280457, 0.33637839555740356, 0.8140732049942017, 0.36245477199554443, 1.4095605611801147, 0.24788790941238403, -0.150715172290802, 0.0647694319486618, -0.3727480173110962, -0.26924386620521545, -0.8130111694335938, -0.4403001666069031, 0.6427649855613708, 1.7732453346252441, 0.11262989044189453, 0.7351155281066895, -1.026801586151123, -0.8559519052505493, 1.3249564170837402, -0.5650785565376282, -0.1501159518957138, -0.3110768496990204, 1.389370083808899, -1.4664548635482788, -0.848891019821167, -0.5107992887496948, -0.17635329067707062, 0.02430526167154312, 0.6277459859848022, -0.16490063071250916, 0.7505851984024048, 1.0084620714187622, -0.9801453948020935, -0.203194260597229, 0.4549339711666107, 0.5196186304092407, -0.28317075967788696, 0.10630754381418228, 0.07587097585201263, 0.8564517498016357, -0.9349457025527954, -1.204331874847412, 0.0699339359998703, -0.0111374631524086, -0.2806223928928375, 0.920106828212738, 1.0398205518722534, -0.8966226577758789, 0.6102715730667114, -0.39962050318717957, 0.09580975770950317, -0.8520326614379883, -0.5189710855484009, 0.7199809551239014, -0.3541838228702545, -1.6366662979125977, 1.0330255031585693, 1.1960569620132446, -0.17476098239421844, -0.29821693897247314, 1.6192350387573242, -0.2713378369808197, -0.27397701144218445, -0.5205682516098022, 0.6128038167953491, 0.30014529824256897, 0.017863038927316666, -0.5228777527809143, 0.39593183994293213, 0.28666502237319946, -0.47221267223358154, -1.3614270687103271, 0.0763176828622818, -0.906976044178009, 0.554175078868866, -1.20961332321167, -0.443989634513855, 0.24217408895492554, 1.0658257007598877, -1.5278830528259277, -0.005598574876785278, 0.3903207778930664, 0.043164052069187164, 0.33362603187561035, -0.258767694234848, -0.46547043323516846, 0.2602284252643585, -1.1424120664596558, -0.8284889459609985, 1.264857530593872, 0.10518033802509308, -0.6433142423629761, -0.2347119152545929, -0.08082503080368042, 0.536512553691864, 1.9696059226989746, -0.03586910292506218, 0.15844424068927765, -0.34571602940559387, 1.018723964691162, 0.4947572946548462, -0.5437154769897461, -0.37833091616630554, -0.9524354934692383, -1.197880506515503, -1.376833200454712, 1.0981847047805786, 1.2177494764328003, -0.7510882019996643, 0.0507512241601944, 0.8278335928916931, 0.7864805459976196, -1.539964199066162, 0.1619219332933426, -0.7451183199882507, -0.7442314624786377, -0.05047784745693207, -0.22065408527851105, 1.265940546989441, 0.7867018580436707, -0.23764744400978088, 0.06521164625883102, -0.07510434836149216, 0.8485298156738281, 0.18573345243930817, -0.03445935994386673, 0.1440904438495636, 0.30069735646247864, 0.9653996825218201, 1.4227339029312134, 0.5943973660469055, -0.17666608095169067, -0.335422158241272, 1.9724599123001099, 0.9029617309570312, 0.32174646854400635, -0.563572883605957, -0.10306759178638458, -1.3069026470184326, -0.9415407180786133, -0.8617929220199585, -0.37873557209968567, -1.1041468381881714, -1.0507289171218872, 0.009646505117416382, -1.1598292589187622, -2.533381223678589, -0.8485486507415771, -0.7009648680686951, -0.6385743021965027, -0.0011684410274028778, -0.6500159502029419, 0.6804236173629761, 0.8154980540275574, 0.6190052032470703, -0.1057436391711235, 0.6367353200912476, -0.9315599203109741, -0.0008745100349187851, 0.27448928356170654, -1.8919941186904907, -0.1856749951839447, -0.5617167353630066, 0.49392592906951904, 1.0100843906402588, 0.5168172121047974, 0.8462101221084595, 0.32317861914634705, 1.796655535697937, 1.3110500574111938, -0.6794925332069397, -0.12245810031890869, -0.09994874894618988, -0.6531583666801453, -0.12206874787807465, 0.8384320735931396, -0.9367375373840332, -0.21373134851455688, 0.10238784551620483, 0.14337939023971558, -0.41403499245643616, -0.6259047985076904, 0.2991926372051239, -0.8903679251670837, 0.373336523771286, -2.949474811553955, 0.5852508544921875, 0.548831582069397, -0.4326074719429016, 0.025596894323825836, 0.5627316236495972, 0.9338846206665039, 0.5264782905578613, 0.15861192345619202, 0.6999505758285522, -0.2861441671848297, 0.6843162178993225, -1.5950239896774292, 0.9912329316139221, 0.31228339672088623, -0.44922325015068054, -0.4331020414829254, -0.09837144613265991, -0.030594825744628906, 0.03542648255825043, 0.02052583545446396, -1.0867743492126465, -0.5259020328521729, 0.15674863755702972, 0.09129974246025085, -1.7704224586486816, 0.5131585001945496, 0.5723970532417297, -0.7038769721984863, -0.4416004717350006, 0.5934918522834778, -0.12339682132005692, 0.09617291390895844, -0.7295889258384705, -0.35475245118141174, -0.6916042566299438, -0.7079235315322876, -0.506576657295227, -0.649393618106842, -0.49374353885650635, -1.9960662126541138, -0.3705137372016907, -0.4712800979614258, -0.0307571142911911, -0.6797719597816467, -1.9984099864959717, -0.09621784836053848, -0.6458507776260376, 1.122457504272461, 1.7888537645339966, 0.5306900143623352, 0.23533838987350464, 0.4695811867713928, -1.2760714292526245, -0.36060068011283875, 0.2876671552658081, -0.7228392958641052, -0.7289968132972717, -0.4796964228153229, 0.263077050447464, 0.2382957935333252, -0.336169958114624, -0.330751895904541, -0.12270379066467285, 0.04696589708328247, -1.0524624586105347, -0.32151979207992554, 1.0853430032730103, 0.553087592124939, 0.3434176743030548, -0.4782586395740509, -1.6209701299667358, 1.194853663444519, -0.7179688215255737, -0.7515565156936646, -0.8969302177429199, 0.5562312602996826, -1.3633137941360474, -1.5070710182189941, -0.13523148000240326, 0.8963639736175537, -0.20329099893569946, -0.09426704049110413, 0.459237664937973, -0.008170664310455322, -0.8237806558609009, -1.3779298067092896, -1.2239830493927002, -1.3937842845916748, 0.19860190153121948, 0.2562505006790161, 0.652391791343689, -0.08531849831342697, -0.45904770493507385, 0.8236032128334045, -0.33558547496795654, -0.31624552607536316, 1.1945860385894775, -0.2007487565279007, 0.0007880814373493195, -0.1958376169204712, -1.0899717807769775, 1.1572990417480469, 0.12801828980445862, 0.21362219750881195, 0.49484115839004517, -0.6599162817001343, 0.26742565631866455, 0.47239407896995544, 0.6355519890785217, -0.517095685005188, -0.9099715948104858, 0.23471762239933014, -0.8020060658454895, -0.46449798345565796, -0.49050775170326233, -0.5052251815795898, 0.30140841007232666, 0.2706007957458496, -0.8021624088287354, 0.008795715868473053, -0.3842490315437317, -0.013703408651053905, -0.9108039736747742, 0.8243817090988159, -1.2036586999893188, 0.24702808260917664, -0.042011573910713196, 0.714049756526947, 0.07956774532794952, -0.10838697850704193, -0.8269002437591553, -0.24711570143699646, -0.13254660367965698, -0.9603203535079956, 1.0510714054107666, -0.33599451184272766, -0.5669659376144409, -0.6475247144699097, -1.300065279006958, -1.62819504737854, -0.2218051254749298, -0.2069578319787979, -0.8811514377593994, 0.015129044651985168, -0.3585732579231262, 0.5945942997932434, 0.9821767210960388, 1.0323352813720703, -0.2892805337905884, -0.35416609048843384, 1.248595118522644, 0.732654333114624, 0.7462111115455627, -0.565534770488739, -0.7554330825805664, -2.0774638652801514, 0.31300094723701477, 0.6372814178466797, -1.3994171619415283, 0.29328271746635437, -0.8040439486503601, 0.16696640849113464, -0.9578086733818054, 0.7081781029701233, 0.3777328431606293, -0.9528248906135559, 0.3995651602745056, 0.5943759679794312, -0.21520665287971497, -0.1650509536266327, 1.2708731889724731, 1.182800054550171, -0.6165489554405212, 0.222500279545784, 1.018406867980957, -0.48265114426612854, 0.8190237879753113, 1.3946856260299683, 1.8878707885742188, -2.1152400970458984, 2.2045810222625732, 1.8937177658081055, -0.8016011118888855, -0.3507012128829956, 0.6565378308296204, -0.14610587060451508, -1.0135902166366577, -0.10741488635540009, -0.07624227553606033, 0.23551395535469055, -0.21600404381752014, -0.08495492488145828, 1.048219084739685, -1.418581485748291, 0.06494806706905365, 0.144575297832489, -0.4845300316810608, 0.7619712352752686, -0.7520747184753418, -1.0691149234771729, -1.0881061553955078, -0.38683217763900757, -1.8721860647201538, 1.0317814350128174, -0.4408380091190338, 1.5105962753295898, -1.9138730764389038, 0.5629592537879944, -0.9658716917037964, -0.02415372245013714, 0.46167299151420593, 1.1298643350601196, -0.6923704147338867, -0.4500965476036072, -0.6789510846138, 0.37836533784866333, 0.6038655042648315, -0.14849123358726501, -0.21826507151126862, -0.8812483549118042, 1.0692375898361206, 1.329411506652832, -1.3753808736801147, 0.173211008310318, -1.3885722160339355, -0.1861468255519867, 1.533600091934204, -0.892737627029419, 0.13666750490665436, -0.15584149956703186, -0.29507869482040405, -0.5857273936271667, -1.121272325515747, 0.3936842083930969, 1.3043997287750244, -0.19770047068595886, -0.9071520566940308, -1.1400963068008423, 0.1165657788515091, 0.044985707849264145, 1.1408475637435913, 1.0607658624649048, -1.0645930767059326, 0.6859906911849976, -0.4655379056930542, -1.425781011581421, 0.3768843412399292, -0.22649498283863068, -0.3438676595687866, -0.10944177210330963, -0.6275075078010559, 0.045195337384939194, 0.8181793093681335, -0.5897164344787598, -0.9444352388381958, -1.0744305849075317, 0.5328747630119324, 0.13818305730819702, 1.6951782703399658, -1.5220248699188232, -0.10669165104627609, 1.4241838455200195, 0.9697775840759277, 0.017935682088136673, -1.6934407949447632, 1.264374852180481, -0.8162672519683838, -0.5045628547668457, 2.0532052516937256, 1.7124080657958984, 0.09544266015291214, -0.7703220248222351, -0.384033203125, 0.5930480360984802, 0.5050092339515686, -0.14684970676898956, 0.008709250018000603, -1.5033683776855469, -2.1301512718200684, -0.518345832824707, -0.5413753986358643, 1.7350645065307617, -1.3455612659454346, 0.7152675986289978, -0.5737135410308838, -0.7555882930755615, 1.512020468711853, 0.7467783093452454, 1.3025649785995483, -2.1994338035583496, 1.2006586790084839, -0.5691145062446594, -1.7280267477035522, 0.6451430916786194, 0.3413839638233185, 1.8424651622772217, 2.1412699222564697, 1.6647589206695557, 0.5317919850349426, 0.19107139110565186, -1.688980221748352, 0.7116877436637878, 1.6094669103622437, -0.5944145917892456]"
23,1,ترفيعة,finan,"ل 35 5 ِ “ل بحي
ًّ بمبورية العربية السورية : حلم ] 0
وزارة الرى + زعي هي 6
رار رحد 7

ان وزير الرف
نا على ادا لانن را و الما 184

وعلى ١.حكام‏ العانون الأساي للا مايق بالمولق زعم ‎١7‏ العام 1185

وعلى احجام المرسوبرقم/1 ؟ اال دا أ

وعلى اقترامح اللجنة الغرعية لتتزيم اداء-المامليق)المشئلة بالقرار رعم /96 90 ارس

‎٠1‏ /197٠١والمترن‏ بمصادقة اللجنة ال«ركريك دونه لتعوين| داءالساملين في وزارة الرى

‏المشحلة بالقرار رقم د ار ل لا +

‏الدوام الصنحج

‏يوم +وشبر شد

‏ذلك اإعجايامن 1 11127171

‏الاح سا غنة

‏بعد,الترفيع

‏عياب

‏جاردا

‏يقمسسرر مايا!- -مسية
مادة زلاب حرق صرفيما 7 علديا كلم من السادة الواردة اسماوهم دناه والخاطين لس وزارة الرق
مديرية الرى العامة لحولم الساحن ”” الك ةالاولى
ميق الاح تت ؟
“الآ والمشه عرة الوظطقة السلة الليفغير؟ .سيد ودار
بزالتقق): الترضيك الزرليع
سميرا حمد هيفقا ممتتن دتي .الا ولق 0151 1 ا لاحت
سهيل حسن عيوش ‏ © ل . 17 7 1+1 اع
سمير محمد متوج ِ د َِ 7111 1 017 2
عيسلن: تلديم «انيوب ِِ ِ ِِ 7 0 017 ا ا
احك ابراهيم عبد 2 ِ - © ‎٠١‏ 7.1 ««ل>“ ا
دعد ابراسيم محمود مهندسة ميثية أل ا سا ا 1 011 0
طلاق. حلب ا رسي 2 ِ ٍٍ 1137 74 116 ل
سوران محمدمسعودالترث - ِ 17177 ب ايا د و
ممطا سين ملم مسرو تلاس تيأرل 0191 7.1 ات ا
سامي علي عاسي 3 37 ب 11 ا 017 5 31
صلا صا ل معلا ِ 2 ليه 71 7 د
أخرم علي حمادة ِِ د ك1 15 ‎١ 51١‏
مصطئ موه طفق - 5 ِِ 1177 71 0057 حنة ‎٠_‏
‏بها لان ٍِ ِِ ِِ 114 73 66ت ا
دور وا ادا ستل كز 2 ِِ 17 1 0 خا ا
)كمال محمد طويل ِ ِ ِ مله 1 01 ‎1١‏
‏محمد لكتااع بلي ِ ََ ِ مده 71 01 سوا
عماد صادج مسعود 2 2 ِ مكت 711 ‎07١‏ ل
مارو كاي ال - َ 2 حميزه 0 6 +
اا حيار د خا 107 11 011 كل
حسان ابراسيم شعيان < 2 1 71 08 ل ل
و لا ل اا ِ 3 ‎117١‏ ل ووه وخ 2
مارن ابراشيم تيد 2 ِ 2 ص0 74 5 ا
ل
7لا
ب
5","[-0.6525022983551025, 1.4256572723388672, 0.5658044815063477, -0.23100998997688293, 0.6742352843284607, 0.36900436878204346, -0.3559364676475525, 1.046188473701477, -0.4355000853538513, 0.02006223052740097, -0.34270232915878296, -0.553756594657898, -0.4151374101638794, -0.3875681161880493, 0.20165102183818817, 0.17759674787521362, 1.0387048721313477, 0.5874147415161133, 0.3572580814361572, 0.2888775169849396, 0.563075065612793, -0.6402028799057007, -0.4844443202018738, 0.3399071991443634, -0.12633784115314484, 0.04727892577648163, -0.579400897026062, -0.3834022879600525, 0.37541651725769043, 1.1107032299041748, 0.4567945599555969, 1.0241897106170654, -0.3750220239162445, -0.0017136503010988235, -0.5371526479721069, -0.9726487398147583, -1.5899652242660522, 1.3419758081436157, -0.7678585648536682, -0.6112839579582214, -0.14319467544555664, -0.16575655341148376, -0.5360357761383057, -0.3239695429801941, -0.9854101538658142, 0.1760159581899643, 1.0857897996902466, 1.7170110940933228, 0.37336859107017517, 0.9013497233390808, -0.11947795003652573, 0.006162405014038086, -0.7373250126838684, -0.11467688530683517, -0.17930524051189423, 0.4396859109401703, 0.46601343154907227, -0.4582732617855072, -0.8569489121437073, -0.7459608912467957, -0.287198007106781, -0.5249331593513489, -0.3307677209377289, 0.16341334581375122, 0.7572564482688904, 0.4856518805027008, 0.6847697496414185, -1.280469298362732, -0.7290806174278259, -0.08985376358032227, 1.1278471946716309, 0.29008638858795166, -0.7840191125869751, 0.42428696155548096, 0.012627702206373215, -1.019303798675537, -1.1429790258407593, 0.3159593343734741, 0.18757395446300507, 0.05564642325043678, 0.015810228884220123, -0.7544888854026794, -0.6948387622833252, -0.22174116969108582, 1.0486387014389038, -0.05799977481365204, 0.8375546932220459, -0.32881152629852295, -0.3332330584526062, 0.08845248818397522, 1.4810820817947388, 1.237439513206482, -0.41075193881988525, 0.8635507225990295, -0.5178794860839844, -0.15578721463680267, -0.4661731421947479, -0.34966325759887695, -0.09238003939390182, 0.5635514855384827, 0.9448599219322205, -1.0003645420074463, 1.0671995878219604, 0.5180910229682922, 0.5603382587432861, 0.7270758152008057, -0.28622692823410034, -0.052240729331970215, -0.5142641067504883, -5.70859432220459, -0.16229994595050812, -0.4399898052215576, 0.5387404561042786, 0.762427568435669, 0.02439267933368683, 0.7967613339424133, 0.8044140934944153, -1.6631171703338623, -0.33064740896224976, -0.2486572414636612, 0.323000431060791, -1.6485668420791626, -1.6301826238632202, 0.22227182984352112, -1.905836820602417, 1.1814693212509155, 0.5880610346794128, -0.28824684023857117, 0.4709765315055847, -0.032993048429489136, 1.256464958190918, -0.21181437373161316, 0.21545077860355377, -0.6930693984031677, 0.7991186380386353, -1.4292433261871338, 0.5294795036315918, -1.566491723060608, 0.8750002384185791, 0.7171322107315063, 1.4754024744033813, 1.0354437828063965, 0.7566185593605042, 0.43399113416671753, 1.5795289278030396, 0.2516486346721649, 0.4013140797615051, -1.0160365104675293, -0.5918201208114624, 0.2893214523792267, -0.43868792057037354, -0.6129001975059509, 0.20570142567157745, 0.25767993927001953, 9.991018295288086, 0.46986663341522217, -0.0200275257229805, -0.46928685903549194, -0.7324909567832947, 0.6761655211448669, 1.1209875345230103, 0.36122873425483704, -0.935750424861908, 1.1677049398422241, 0.18142476677894592, -1.9965964555740356, -0.9541678428649902, -1.7651798725128174, -0.5746092796325684, -0.08789625763893127, 0.4274323582649231, 0.64281165599823, 0.3029612600803375, -0.2132541984319687, 0.05090039223432541, 1.708505630493164, -1.7923892736434937, -0.009451538324356079, -1.0601446628570557, -0.1539146453142166, 0.5087447166442871, 0.08407314121723175, -0.16794393956661224, 0.37896475195884705, -0.800984263420105, -0.9632800817489624, 0.3120924234390259, 0.22598710656166077, 0.8301927447319031, 0.01033872365951538, 1.6739434003829956, 1.2001209259033203, 0.3618484139442444, 0.5187270641326904, -0.489140123128891, -0.4479268491268158, -0.45946332812309265, 0.651279866695404, 0.27653107047080994, -0.3575723171234131, -0.04951167851686478, -0.62119460105896, -0.5173144936561584, 0.05584578216075897, -0.18838675320148468, 0.23362980782985687, -0.3357190489768982, -0.16796070337295532, -0.2520751953125, -1.0240541696548462, -0.7974106073379517, -0.15287615358829498, -1.2690359354019165, 0.4470895528793335, -0.33722570538520813, -0.2037484049797058, 0.6433831453323364, 0.8929736614227295, -0.645187497138977, -0.5950483679771423, -0.10160509496927261, 1.0562220811843872, -0.11685183644294739, 1.0303573608398438, 1.308823585510254, -0.8665721416473389, -0.7602324485778809, 0.11377047002315521, -0.13838061690330505, -0.547217845916748, 0.021008312702178955, -0.0022930875420570374, 0.6682667136192322, 0.3644072711467743, 0.9153754115104675, -0.25874507427215576, -0.7299983501434326, -0.41529756784439087, 0.1952911615371704, 0.41269078850746155, -0.001973673701286316, 0.23152372241020203, -1.1118216514587402, -0.17775598168373108, -0.9118577241897583, 0.924005389213562, -0.3769541382789612, -0.749024510383606, 0.09085214138031006, -0.47883012890815735, 1.3038204908370972, -1.323094367980957, -0.31192517280578613, -0.2466052770614624, -0.7482558488845825, 1.131088137626648, 0.15058614313602448, 0.5678563117980957, 0.9011532068252563, -0.3489808440208435, 0.5968701243400574, 0.8829717040061951, -0.0014583468437194824, -0.27632877230644226, 0.699470043182373, -0.18486762046813965, -0.16772091388702393, -0.6269510388374329, -0.2442508041858673, 0.07824002206325531, -0.7288659811019897, 0.5099634528160095, 1.3013583421707153, 0.7034888863563538, -1.3470975160598755, 0.009703285992145538, 0.5183529853820801, 0.13579879701137543, -0.2225532978773117, 0.46657082438468933, -0.9591069221496582, -1.6080710887908936, -0.08824056386947632, 0.19885490834712982, 1.5364383459091187, -0.8461915850639343, 0.5979401469230652, 0.6651456356048584, 0.12340810894966125, -0.3486625850200653, 0.3999386727809906, 0.061427824199199677, 0.1875278204679489, -1.0394779443740845, -0.5965024828910828, -0.10565222799777985, 1.3452038764953613, -0.4466207027435303, 0.35532262921333313, 0.24956470727920532, -0.339973121881485, -1.8881124258041382, 0.18808434903621674, 1.9520149230957031, -0.10142482817173004, -0.5079551339149475, 0.5477170944213867, -0.46085208654403687, -0.6701303124427795, -0.7746205925941467, -0.4672069549560547, -0.17213985323905945, -0.9509466290473938, 3.1337661743164062, -0.39966195821762085, 0.22463662922382355, -1.37138032913208, -0.17950324714183807, 0.5677131414413452, 0.7354762554168701, 0.734816312789917, -0.1818973273038864, 1.3402860164642334, -0.8523924350738525, 0.9161791801452637, -2.17260479927063, -0.24606895446777344, 0.40343761444091797, 0.8767920136451721, -0.4531002342700958, 0.21719244122505188, 0.6106420159339905, 0.8993959426879883, -0.7770951986312866, 0.341815322637558, -0.29957151412963867, -0.17463265359401703, 0.3423464596271515, -0.12782131135463715, 0.6167544722557068, -0.7314539551734924, -0.9338569641113281, 0.5157822966575623, 0.927135705947876, 0.9392966032028198, 0.06746409833431244, -0.9295490980148315, -1.3404698371887207, 0.09321409463882446, 0.5127130150794983, -0.4562564492225647, -0.7545464038848877, 0.34789279103279114, 0.35750681161880493, -0.9818746447563171, 0.7471110820770264, -0.23199954628944397, 1.1122965812683105, 0.27970942854881287, -0.545437216758728, -0.8736839294433594, 1.1801224946975708, -0.46400439739227295, -0.7493743896484375, 0.03347071632742882, -1.0688440799713135, -0.4988343119621277, 0.3381866216659546, -0.6504210829734802, -1.8862916231155396, -1.4080171585083008, 0.5143805742263794, -0.5033829808235168, -0.41240835189819336, 0.2741571068763733, -0.29515784978866577, -0.6225303411483765, -1.6874442100524902, 0.037904202938079834, -0.5803900957107544, -0.6372959613800049, 0.6062047481536865, -0.5116544365882874, 0.3587000370025635, 0.6228989362716675, -0.24552354216575623, 0.5206407904624939, -0.3918885886669159, -0.1133556067943573, 0.1629408299922943, -0.5412087440490723, 0.16359907388687134, -0.06707330048084259, -0.4896649122238159, -0.9647671580314636, 0.9185262322425842, -0.9443356990814209, -0.8216325640678406, -0.3527511656284332, 0.925443172454834, 0.5976181030273438, 0.5789281129837036, -0.4800942540168762, 1.5505727529525757, 0.9107507467269897, -1.0060282945632935, 0.1765773594379425, 0.019836924970149994, 0.8184905052185059, 0.359521746635437, 1.3004093170166016, 0.5266677141189575, 0.007784798741340637, 0.12847693264484406, 0.04300859570503235, -0.28611770272254944, -0.9618433713912964, -0.367254376411438, 0.8960904479026794, 1.412444829940796, 0.1875351220369339, 0.7827948927879333, -0.8564538359642029, -0.877262532711029, 1.2639219760894775, -0.654386043548584, -0.10398730635643005, -0.35966089367866516, 1.6921560764312744, -1.2336071729660034, -0.5984295606613159, -0.5527974367141724, -0.15250489115715027, -0.11465867608785629, 0.04814428091049194, -0.617345929145813, 1.0512230396270752, 1.0219264030456543, -1.1987946033477783, -0.8792992234230042, 0.30471473932266235, 0.29181939363479614, 0.05285073071718216, 0.13709905743598938, -0.4193728268146515, 0.7413154244422913, -0.5605536103248596, -1.3774603605270386, 0.1826673150062561, 0.20825740694999695, 0.15756787359714508, 0.6727957129478455, 1.4432578086853027, -0.5382824540138245, 0.8457937836647034, -0.23397713899612427, 0.015361898578703403, -1.1024739742279053, -0.6850001811981201, 0.3273860216140747, 0.12882430851459503, -1.7732738256454468, 0.42084628343582153, 1.262553095817566, -0.3657943308353424, 0.09125703573226929, 1.5305192470550537, -0.2583702802658081, -0.46972185373306274, -0.26281967759132385, 0.48200953006744385, 0.3076370060443878, -0.008586915209889412, -0.35988858342170715, 0.4888923764228821, 0.09584859013557434, -0.9380649328231812, -1.2062134742736816, 0.08157671988010406, -0.5640408992767334, 0.002811521291732788, -1.3542592525482178, -0.184513658285141, 0.509819746017456, 0.2523253560066223, -1.5286811590194702, 0.2644866108894348, -0.0087948739528656, -0.3724202513694763, 0.42701077461242676, -0.32577434182167053, -0.5389573574066162, -0.17373864352703094, -0.819920003414154, -0.5365252494812012, 0.682136058807373, 0.3331192433834076, -0.9514063000679016, -0.39654046297073364, -0.5696187019348145, 0.783418595790863, 1.5817596912384033, 0.4213094115257263, 0.07259134948253632, 0.027799386531114578, 1.2136285305023193, 0.13202761113643646, -0.9598881006240845, -0.2745104432106018, -1.303131103515625, -1.2065412998199463, -1.2762060165405273, 0.37468504905700684, 0.8235673904418945, -0.4165297746658325, 0.6694812178611755, 0.12244413048028946, 0.4254918694496155, -1.2098867893218994, -0.18258510529994965, -0.8073756694793701, -0.6065574884414673, -0.18411065638065338, 0.22646969556808472, 1.150101661682129, 0.7924212217330933, -0.27929872274398804, 0.011734999716281891, 0.10871027410030365, 0.6282403469085693, 0.4058174192905426, 0.20857128500938416, 0.17947661876678467, -0.05129564553499222, 0.5062974095344543, 0.8760542869567871, 0.5226700901985168, 0.1575608104467392, -0.7120919227600098, 2.035888671875, 0.8463301658630371, 0.6085625290870667, -0.3394663631916046, -0.4967595338821411, -1.3537869453430176, -0.8761011958122253, -0.6570484638214111, -0.8314476013183594, -0.4586520195007324, -0.4793376326560974, 0.03679902106523514, -1.1541818380355835, -2.39569091796875, -0.39402395486831665, -0.2469162791967392, -0.6860728859901428, 0.0280607957392931, -0.3315722942352295, 0.5837081670761108, 0.7991105318069458, 0.3700096905231476, -0.08657745271921158, 0.8083842992782593, -0.39965325593948364, 0.25019052624702454, 0.8219754695892334, -1.4490838050842285, 0.02961347997188568, -0.07365705072879791, 0.3200644850730896, 1.0224878787994385, -0.19927182793617249, 0.7517536878585815, 0.33792102336883545, 1.4205282926559448, 1.5776547193527222, -1.1984182596206665, 0.08828571438789368, -0.09275264292955399, -1.140823483467102, -0.21951140463352203, 0.7486451864242554, -0.37483492493629456, -0.257816880941391, -0.35141369700431824, 0.2158941924571991, -0.46404191851615906, -0.9099656343460083, 0.09852822124958038, -1.4388010501861572, 0.7568951845169067, -3.092851161956787, 0.7912196516990662, 1.249564290046692, -0.2704450488090515, 0.41172388195991516, 0.7924859523773193, 0.8550857901573181, 0.2500409483909607, 0.26921382546424866, 1.103291392326355, -0.09024879336357117, 0.35125285387039185, -1.2248616218566895, 0.6807453632354736, -0.23712463676929474, -0.48565614223480225, -0.5141552686691284, 0.36586374044418335, 0.16649743914604187, 0.1471620351076126, 0.011184312403202057, -1.4624497890472412, -0.2554081976413727, -0.012334391474723816, 0.17901486158370972, -1.5483142137527466, 0.643499493598938, 0.7152612805366516, -0.5221351981163025, -0.6802090406417847, -0.07007823884487152, 0.1732630729675293, 0.7683441042900085, -0.6301178336143494, -0.3734983801841736, -0.5192811489105225, -0.47913286089897156, -0.30914193391799927, -0.819121778011322, -0.7774068713188171, -1.430984377861023, -0.10159163177013397, -0.48290741443634033, -0.2661142647266388, -0.8234784007072449, -1.733109474182129, -0.12521669268608093, -0.5207594633102417, 0.3672025203704834, 1.3327757120132446, 0.6028777956962585, -0.15281131863594055, 0.4036273956298828, -0.9733729362487793, -0.2383958101272583, 0.7485270500183105, -0.9902052879333496, -0.1284961998462677, -0.5165436267852783, -0.019226528704166412, -0.25707632303237915, -0.3944568634033203, -0.3496209383010864, -0.3373534083366394, -0.03800666332244873, -1.0370301008224487, -0.6332893371582031, 0.9723972082138062, 0.8270847201347351, 0.09534710645675659, -0.622760534286499, -1.163285255432129, 0.9504830837249756, -0.9468992948532104, -0.700356125831604, -0.4228031635284424, 0.8897279500961304, -1.3652468919754028, -1.3588693141937256, 0.4270836114883423, 1.0342243909835815, 0.23111137747764587, -0.09405161440372467, 0.4774886667728424, -0.005327530205249786, -1.3078263998031616, -2.1403322219848633, -0.9951649904251099, -0.7666327953338623, 0.34108272194862366, 0.6680105328559875, 0.5122454762458801, 0.07937383651733398, -0.7462498545646667, 1.081127405166626, -0.07033494114875793, -0.2621952295303345, 0.9847714900970459, 0.47821927070617676, -0.35718393325805664, -0.16147227585315704, -1.1200368404388428, 0.7475521564483643, 0.016460448503494263, 0.7855199575424194, 0.6353088617324829, -0.6358403563499451, 0.3350411057472229, -0.13238143920898438, 0.9672780632972717, -0.6675894260406494, -1.0004829168319702, 1.0391467809677124, -0.2142777144908905, -0.2821885943412781, -0.4331236481666565, -0.6097897887229919, -0.4167276918888092, 0.5057454705238342, -0.6975004076957703, 0.19709213078022003, -0.27099230885505676, -0.2337564080953598, -0.6987007260322571, 0.41760626435279846, -1.6126618385314941, -0.2522706687450409, -0.7614961862564087, 0.6405989527702332, 0.324077844619751, 0.4847531020641327, -1.0117331743240356, -0.028262387961149216, 0.03124338760972023, -1.2392185926437378, 1.2957215309143066, -0.13059385120868683, -0.7013132572174072, -0.5356682538986206, -1.1929807662963867, -1.853625774383545, -0.32687613368034363, 0.09510216116905212, -1.4217833280563354, 0.05993283540010452, -0.3297652006149292, 0.25549131631851196, 0.8520067930221558, 1.4766935110092163, 0.021636079996824265, -0.414787232875824, 1.2693053483963013, 0.5620158314704895, 0.8070074915885925, -0.90038001537323, -0.8274925351142883, -1.6711469888687134, 0.09598644077777863, 0.40738731622695923, -1.4644166231155396, 0.25251689553260803, -1.0502631664276123, -0.04870370030403137, -1.1477482318878174, 0.4320516884326935, 0.13919928669929504, -1.1824517250061035, 0.5581162571907043, 1.1178010702133179, -0.33678051829338074, -0.5025553703308105, 0.7171350717544556, 0.9588274955749512, -0.3610568046569824, 0.10067066550254822, 1.0125133991241455, -1.0534776449203491]","[0.8867979645729065, 1.6457092761993408, 2.256739854812622, -2.18086838722229, 2.7465062141418457, 2.2580671310424805, -0.9650523066520691, -0.557439923286438, 0.12008102238178253, 0.010169788263738155, -0.45703431963920593, -0.4572794735431671, -0.32389378547668457, -0.5034258365631104, -0.24647846817970276, -0.35342806577682495, 0.9155832529067993, -2.0606484413146973, 0.1285126954317093, 0.4894426167011261, -0.4796749949455261, 1.0798052549362183, 0.021389301866292953, -1.7246408462524414, -1.7756482362747192, -0.683843731880188, -1.7835074663162231, 1.8592665195465088, -0.13692577183246613, 1.4936373233795166, -2.3138668537139893, 0.31893789768218994, -1.1189764738082886, 0.09404946863651276, 0.7966275215148926, 0.9366117119789124, -1.0171842575073242, -0.5566881895065308, -0.6912969946861267, 0.47594398260116577, 0.26918548345565796, -0.5180119872093201, -0.5518384575843811, -0.5041615962982178, 1.2825978994369507, 0.9279733300209045, -1.5848867893218994, 0.09369517117738724, -1.7774417400360107, 0.4459269940853119, 2.09850811958313, -0.8861845135688782, -0.4231085479259491, -0.862324595451355, 0.009139567613601685, -0.2754317820072174, -1.3885889053344727, 0.20315131545066833, 1.3646411895751953, -0.7512434720993042, -1.0105056762695312, -1.8146559000015259, 0.26470789313316345, -0.35261988639831543, 1.2338820695877075, 1.0333349704742432, -1.6458966732025146, 0.6946305632591248, -0.7456040978431702, -2.0509917736053467, 0.49140340089797974, -0.30493900179862976, -0.33897578716278076, 0.06779026240110397, -0.7720422148704529, 0.03226442262530327, 0.5954799056053162, -1.0473508834838867, -1.0193883180618286, -1.4083446264266968, 0.9499064683914185, 0.321473091840744, 1.898536205291748, -2.1223390102386475, 0.6303632855415344, 2.401078462600708, 1.427830696105957, 0.6207340955734253, -2.124454975128174, 1.027288794517517, -0.785135805606842, -0.07385016977787018, 2.2468996047973633, 2.1794328689575195, -0.32809877395629883, -1.508541226387024, -0.5462544560432434, 0.7685609459877014, 0.29253089427948, -0.43429479002952576, -0.3813052773475647, -1.9442780017852783, -2.9436912536621094, -1.3777903318405151, -0.28480568528175354, 2.285250425338745, -1.5981061458587646, 1.4251197576522827, -1.1321133375167847, -0.43753594160079956, 2.513890266418457, 0.05651881545782089, 1.8792818784713745, -2.9389896392822266, 1.8390328884124756, -0.3108517527580261, -2.364562511444092, 0.4748491644859314, 0.7679545879364014, 2.3540842533111572, 2.5047144889831543, 2.2603089809417725, 0.7136963605880737, -0.1981905996799469, -1.7225489616394043, 0.16319721937179565, 2.0379137992858887, -0.8257653713226318]","[-0.6525022983551025, 1.4256572723388672, 0.5658044815063477, -0.23100998997688293, 0.6742352843284607, 0.36900436878204346, -0.3559364676475525, 1.046188473701477, -0.4355000853538513, 0.02006223052740097, -0.34270232915878296, -0.553756594657898, -0.4151374101638794, -0.3875681161880493, 0.20165102183818817, 0.17759674787521362, 1.0387048721313477, 0.5874147415161133, 0.3572580814361572, 0.2888775169849396, 0.563075065612793, -0.6402028799057007, -0.4844443202018738, 0.3399071991443634, -0.12633784115314484, 0.04727892577648163, -0.579400897026062, -0.3834022879600525, 0.37541651725769043, 1.1107032299041748, 0.4567945599555969, 1.0241897106170654, -0.3750220239162445, -0.0017136503010988235, -0.5371526479721069, -0.9726487398147583, -1.5899652242660522, 1.3419758081436157, -0.7678585648536682, -0.6112839579582214, -0.14319467544555664, -0.16575655341148376, -0.5360357761383057, -0.3239695429801941, -0.9854101538658142, 0.1760159581899643, 1.0857897996902466, 1.7170110940933228, 0.37336859107017517, 0.9013497233390808, -0.11947795003652573, 0.006162405014038086, -0.7373250126838684, -0.11467688530683517, -0.17930524051189423, 0.4396859109401703, 0.46601343154907227, -0.4582732617855072, -0.8569489121437073, -0.7459608912467957, -0.287198007106781, -0.5249331593513489, -0.3307677209377289, 0.16341334581375122, 0.7572564482688904, 0.4856518805027008, 0.6847697496414185, -1.280469298362732, -0.7290806174278259, -0.08985376358032227, 1.1278471946716309, 0.29008638858795166, -0.7840191125869751, 0.42428696155548096, 0.012627702206373215, -1.019303798675537, -1.1429790258407593, 0.3159593343734741, 0.18757395446300507, 0.05564642325043678, 0.015810228884220123, -0.7544888854026794, -0.6948387622833252, -0.22174116969108582, 1.0486387014389038, -0.05799977481365204, 0.8375546932220459, -0.32881152629852295, -0.3332330584526062, 0.08845248818397522, 1.4810820817947388, 1.237439513206482, -0.41075193881988525, 0.8635507225990295, -0.5178794860839844, -0.15578721463680267, -0.4661731421947479, -0.34966325759887695, -0.09238003939390182, 0.5635514855384827, 0.9448599219322205, -1.0003645420074463, 1.0671995878219604, 0.5180910229682922, 0.5603382587432861, 0.7270758152008057, -0.28622692823410034, -0.052240729331970215, -0.5142641067504883, -5.70859432220459, -0.16229994595050812, -0.4399898052215576, 0.5387404561042786, 0.762427568435669, 0.02439267933368683, 0.7967613339424133, 0.8044140934944153, -1.6631171703338623, -0.33064740896224976, -0.2486572414636612, 0.323000431060791, -1.6485668420791626, -1.6301826238632202, 0.22227182984352112, -1.905836820602417, 1.1814693212509155, 0.5880610346794128, -0.28824684023857117, 0.4709765315055847, -0.032993048429489136, 1.256464958190918, -0.21181437373161316, 0.21545077860355377, -0.6930693984031677, 0.7991186380386353, -1.4292433261871338, 0.5294795036315918, -1.566491723060608, 0.8750002384185791, 0.7171322107315063, 1.4754024744033813, 1.0354437828063965, 0.7566185593605042, 0.43399113416671753, 1.5795289278030396, 0.2516486346721649, 0.4013140797615051, -1.0160365104675293, -0.5918201208114624, 0.2893214523792267, -0.43868792057037354, -0.6129001975059509, 0.20570142567157745, 0.25767993927001953, 9.991018295288086, 0.46986663341522217, -0.0200275257229805, -0.46928685903549194, -0.7324909567832947, 0.6761655211448669, 1.1209875345230103, 0.36122873425483704, -0.935750424861908, 1.1677049398422241, 0.18142476677894592, -1.9965964555740356, -0.9541678428649902, -1.7651798725128174, -0.5746092796325684, -0.08789625763893127, 0.4274323582649231, 0.64281165599823, 0.3029612600803375, -0.2132541984319687, 0.05090039223432541, 1.708505630493164, -1.7923892736434937, -0.009451538324356079, -1.0601446628570557, -0.1539146453142166, 0.5087447166442871, 0.08407314121723175, -0.16794393956661224, 0.37896475195884705, -0.800984263420105, -0.9632800817489624, 0.3120924234390259, 0.22598710656166077, 0.8301927447319031, 0.01033872365951538, 1.6739434003829956, 1.2001209259033203, 0.3618484139442444, 0.5187270641326904, -0.489140123128891, -0.4479268491268158, -0.45946332812309265, 0.651279866695404, 0.27653107047080994, -0.3575723171234131, -0.04951167851686478, -0.62119460105896, -0.5173144936561584, 0.05584578216075897, -0.18838675320148468, 0.23362980782985687, -0.3357190489768982, -0.16796070337295532, -0.2520751953125, -1.0240541696548462, -0.7974106073379517, -0.15287615358829498, -1.2690359354019165, 0.4470895528793335, -0.33722570538520813, -0.2037484049797058, 0.6433831453323364, 0.8929736614227295, -0.645187497138977, -0.5950483679771423, -0.10160509496927261, 1.0562220811843872, -0.11685183644294739, 1.0303573608398438, 1.308823585510254, -0.8665721416473389, -0.7602324485778809, 0.11377047002315521, -0.13838061690330505, -0.547217845916748, 0.021008312702178955, -0.0022930875420570374, 0.6682667136192322, 0.3644072711467743, 0.9153754115104675, -0.25874507427215576, -0.7299983501434326, -0.41529756784439087, 0.1952911615371704, 0.41269078850746155, -0.001973673701286316, 0.23152372241020203, -1.1118216514587402, -0.17775598168373108, -0.9118577241897583, 0.924005389213562, -0.3769541382789612, -0.749024510383606, 0.09085214138031006, -0.47883012890815735, 1.3038204908370972, -1.323094367980957, -0.31192517280578613, -0.2466052770614624, -0.7482558488845825, 1.131088137626648, 0.15058614313602448, 0.5678563117980957, 0.9011532068252563, -0.3489808440208435, 0.5968701243400574, 0.8829717040061951, -0.0014583468437194824, -0.27632877230644226, 0.699470043182373, -0.18486762046813965, -0.16772091388702393, -0.6269510388374329, -0.2442508041858673, 0.07824002206325531, -0.7288659811019897, 0.5099634528160095, 1.3013583421707153, 0.7034888863563538, -1.3470975160598755, 0.009703285992145538, 0.5183529853820801, 0.13579879701137543, -0.2225532978773117, 0.46657082438468933, -0.9591069221496582, -1.6080710887908936, -0.08824056386947632, 0.19885490834712982, 1.5364383459091187, -0.8461915850639343, 0.5979401469230652, 0.6651456356048584, 0.12340810894966125, -0.3486625850200653, 0.3999386727809906, 0.061427824199199677, 0.1875278204679489, -1.0394779443740845, -0.5965024828910828, -0.10565222799777985, 1.3452038764953613, -0.4466207027435303, 0.35532262921333313, 0.24956470727920532, -0.339973121881485, -1.8881124258041382, 0.18808434903621674, 1.9520149230957031, -0.10142482817173004, -0.5079551339149475, 0.5477170944213867, -0.46085208654403687, -0.6701303124427795, -0.7746205925941467, -0.4672069549560547, -0.17213985323905945, -0.9509466290473938, 3.1337661743164062, -0.39966195821762085, 0.22463662922382355, -1.37138032913208, -0.17950324714183807, 0.5677131414413452, 0.7354762554168701, 0.734816312789917, -0.1818973273038864, 1.3402860164642334, -0.8523924350738525, 0.9161791801452637, -2.17260479927063, -0.24606895446777344, 0.40343761444091797, 0.8767920136451721, -0.4531002342700958, 0.21719244122505188, 0.6106420159339905, 0.8993959426879883, -0.7770951986312866, 0.341815322637558, -0.29957151412963867, -0.17463265359401703, 0.3423464596271515, -0.12782131135463715, 0.6167544722557068, -0.7314539551734924, -0.9338569641113281, 0.5157822966575623, 0.927135705947876, 0.9392966032028198, 0.06746409833431244, -0.9295490980148315, -1.3404698371887207, 0.09321409463882446, 0.5127130150794983, -0.4562564492225647, -0.7545464038848877, 0.34789279103279114, 0.35750681161880493, -0.9818746447563171, 0.7471110820770264, -0.23199954628944397, 1.1122965812683105, 0.27970942854881287, -0.545437216758728, -0.8736839294433594, 1.1801224946975708, -0.46400439739227295, -0.7493743896484375, 0.03347071632742882, -1.0688440799713135, -0.4988343119621277, 0.3381866216659546, -0.6504210829734802, -1.8862916231155396, -1.4080171585083008, 0.5143805742263794, -0.5033829808235168, -0.41240835189819336, 0.2741571068763733, -0.29515784978866577, -0.6225303411483765, -1.6874442100524902, 0.037904202938079834, -0.5803900957107544, -0.6372959613800049, 0.6062047481536865, -0.5116544365882874, 0.3587000370025635, 0.6228989362716675, -0.24552354216575623, 0.5206407904624939, -0.3918885886669159, -0.1133556067943573, 0.1629408299922943, -0.5412087440490723, 0.16359907388687134, -0.06707330048084259, -0.4896649122238159, -0.9647671580314636, 0.9185262322425842, -0.9443356990814209, -0.8216325640678406, -0.3527511656284332, 0.925443172454834, 0.5976181030273438, 0.5789281129837036, -0.4800942540168762, 1.5505727529525757, 0.9107507467269897, -1.0060282945632935, 0.1765773594379425, 0.019836924970149994, 0.8184905052185059, 0.359521746635437, 1.3004093170166016, 0.5266677141189575, 0.007784798741340637, 0.12847693264484406, 0.04300859570503235, -0.28611770272254944, -0.9618433713912964, -0.367254376411438, 0.8960904479026794, 1.412444829940796, 0.1875351220369339, 0.7827948927879333, -0.8564538359642029, -0.877262532711029, 1.2639219760894775, -0.654386043548584, -0.10398730635643005, -0.35966089367866516, 1.6921560764312744, -1.2336071729660034, -0.5984295606613159, -0.5527974367141724, -0.15250489115715027, -0.11465867608785629, 0.04814428091049194, -0.617345929145813, 1.0512230396270752, 1.0219264030456543, -1.1987946033477783, -0.8792992234230042, 0.30471473932266235, 0.29181939363479614, 0.05285073071718216, 0.13709905743598938, -0.4193728268146515, 0.7413154244422913, -0.5605536103248596, -1.3774603605270386, 0.1826673150062561, 0.20825740694999695, 0.15756787359714508, 0.6727957129478455, 1.4432578086853027, -0.5382824540138245, 0.8457937836647034, -0.23397713899612427, 0.015361898578703403, -1.1024739742279053, -0.6850001811981201, 0.3273860216140747, 0.12882430851459503, -1.7732738256454468, 0.42084628343582153, 1.262553095817566, -0.3657943308353424, 0.09125703573226929, 1.5305192470550537, -0.2583702802658081, -0.46972185373306274, -0.26281967759132385, 0.48200953006744385, 0.3076370060443878, -0.008586915209889412, -0.35988858342170715, 0.4888923764228821, 0.09584859013557434, -0.9380649328231812, -1.2062134742736816, 0.08157671988010406, -0.5640408992767334, 0.002811521291732788, -1.3542592525482178, -0.184513658285141, 0.509819746017456, 0.2523253560066223, -1.5286811590194702, 0.2644866108894348, -0.0087948739528656, -0.3724202513694763, 0.42701077461242676, -0.32577434182167053, -0.5389573574066162, -0.17373864352703094, -0.819920003414154, -0.5365252494812012, 0.682136058807373, 0.3331192433834076, -0.9514063000679016, -0.39654046297073364, -0.5696187019348145, 0.783418595790863, 1.5817596912384033, 0.4213094115257263, 0.07259134948253632, 0.027799386531114578, 1.2136285305023193, 0.13202761113643646, -0.9598881006240845, -0.2745104432106018, -1.303131103515625, -1.2065412998199463, -1.2762060165405273, 0.37468504905700684, 0.8235673904418945, -0.4165297746658325, 0.6694812178611755, 0.12244413048028946, 0.4254918694496155, -1.2098867893218994, -0.18258510529994965, -0.8073756694793701, -0.6065574884414673, -0.18411065638065338, 0.22646969556808472, 1.150101661682129, 0.7924212217330933, -0.27929872274398804, 0.011734999716281891, 0.10871027410030365, 0.6282403469085693, 0.4058174192905426, 0.20857128500938416, 0.17947661876678467, -0.05129564553499222, 0.5062974095344543, 0.8760542869567871, 0.5226700901985168, 0.1575608104467392, -0.7120919227600098, 2.035888671875, 0.8463301658630371, 0.6085625290870667, -0.3394663631916046, -0.4967595338821411, -1.3537869453430176, -0.8761011958122253, -0.6570484638214111, -0.8314476013183594, -0.4586520195007324, -0.4793376326560974, 0.03679902106523514, -1.1541818380355835, -2.39569091796875, -0.39402395486831665, -0.2469162791967392, -0.6860728859901428, 0.0280607957392931, -0.3315722942352295, 0.5837081670761108, 0.7991105318069458, 0.3700096905231476, -0.08657745271921158, 0.8083842992782593, -0.39965325593948364, 0.25019052624702454, 0.8219754695892334, -1.4490838050842285, 0.02961347997188568, -0.07365705072879791, 0.3200644850730896, 1.0224878787994385, -0.19927182793617249, 0.7517536878585815, 0.33792102336883545, 1.4205282926559448, 1.5776547193527222, -1.1984182596206665, 0.08828571438789368, -0.09275264292955399, -1.140823483467102, -0.21951140463352203, 0.7486451864242554, -0.37483492493629456, -0.257816880941391, -0.35141369700431824, 0.2158941924571991, -0.46404191851615906, -0.9099656343460083, 0.09852822124958038, -1.4388010501861572, 0.7568951845169067, -3.092851161956787, 0.7912196516990662, 1.249564290046692, -0.2704450488090515, 0.41172388195991516, 0.7924859523773193, 0.8550857901573181, 0.2500409483909607, 0.26921382546424866, 1.103291392326355, -0.09024879336357117, 0.35125285387039185, -1.2248616218566895, 0.6807453632354736, -0.23712463676929474, -0.48565614223480225, -0.5141552686691284, 0.36586374044418335, 0.16649743914604187, 0.1471620351076126, 0.011184312403202057, -1.4624497890472412, -0.2554081976413727, -0.012334391474723816, 0.17901486158370972, -1.5483142137527466, 0.643499493598938, 0.7152612805366516, -0.5221351981163025, -0.6802090406417847, -0.07007823884487152, 0.1732630729675293, 0.7683441042900085, -0.6301178336143494, -0.3734983801841736, -0.5192811489105225, -0.47913286089897156, -0.30914193391799927, -0.819121778011322, -0.7774068713188171, -1.430984377861023, -0.10159163177013397, -0.48290741443634033, -0.2661142647266388, -0.8234784007072449, -1.733109474182129, -0.12521669268608093, -0.5207594633102417, 0.3672025203704834, 1.3327757120132446, 0.6028777956962585, -0.15281131863594055, 0.4036273956298828, -0.9733729362487793, -0.2383958101272583, 0.7485270500183105, -0.9902052879333496, -0.1284961998462677, -0.5165436267852783, -0.019226528704166412, -0.25707632303237915, -0.3944568634033203, -0.3496209383010864, -0.3373534083366394, -0.03800666332244873, -1.0370301008224487, -0.6332893371582031, 0.9723972082138062, 0.8270847201347351, 0.09534710645675659, -0.622760534286499, -1.163285255432129, 0.9504830837249756, -0.9468992948532104, -0.700356125831604, -0.4228031635284424, 0.8897279500961304, -1.3652468919754028, -1.3588693141937256, 0.4270836114883423, 1.0342243909835815, 0.23111137747764587, -0.09405161440372467, 0.4774886667728424, -0.005327530205249786, -1.3078263998031616, -2.1403322219848633, -0.9951649904251099, -0.7666327953338623, 0.34108272194862366, 0.6680105328559875, 0.5122454762458801, 0.07937383651733398, -0.7462498545646667, 1.081127405166626, -0.07033494114875793, -0.2621952295303345, 0.9847714900970459, 0.47821927070617676, -0.35718393325805664, -0.16147227585315704, -1.1200368404388428, 0.7475521564483643, 0.016460448503494263, 0.7855199575424194, 0.6353088617324829, -0.6358403563499451, 0.3350411057472229, -0.13238143920898438, 0.9672780632972717, -0.6675894260406494, -1.0004829168319702, 1.0391467809677124, -0.2142777144908905, -0.2821885943412781, -0.4331236481666565, -0.6097897887229919, -0.4167276918888092, 0.5057454705238342, -0.6975004076957703, 0.19709213078022003, -0.27099230885505676, -0.2337564080953598, -0.6987007260322571, 0.41760626435279846, -1.6126618385314941, -0.2522706687450409, -0.7614961862564087, 0.6405989527702332, 0.324077844619751, 0.4847531020641327, -1.0117331743240356, -0.028262387961149216, 0.03124338760972023, -1.2392185926437378, 1.2957215309143066, -0.13059385120868683, -0.7013132572174072, -0.5356682538986206, -1.1929807662963867, -1.853625774383545, -0.32687613368034363, 0.09510216116905212, -1.4217833280563354, 0.05993283540010452, -0.3297652006149292, 0.25549131631851196, 0.8520067930221558, 1.4766935110092163, 0.021636079996824265, -0.414787232875824, 1.2693053483963013, 0.5620158314704895, 0.8070074915885925, -0.90038001537323, -0.8274925351142883, -1.6711469888687134, 0.09598644077777863, 0.40738731622695923, -1.4644166231155396, 0.25251689553260803, -1.0502631664276123, -0.04870370030403137, -1.1477482318878174, 0.4320516884326935, 0.13919928669929504, -1.1824517250061035, 0.5581162571907043, 1.1178010702133179, -0.33678051829338074, -0.5025553703308105, 0.7171350717544556, 0.9588274955749512, -0.3610568046569824, 0.10067066550254822, 1.0125133991241455, -1.0534776449203491, 0.8867979645729065, 1.6457092761993408, 2.256739854812622, -2.18086838722229, 2.7465062141418457, 2.2580671310424805, -0.9650523066520691, -0.557439923286438, 0.12008102238178253, 0.010169788263738155, -0.45703431963920593, -0.4572794735431671, -0.32389378547668457, -0.5034258365631104, -0.24647846817970276, -0.35342806577682495, 0.9155832529067993, -2.0606484413146973, 0.1285126954317093, 0.4894426167011261, -0.4796749949455261, 1.0798052549362183, 0.021389301866292953, -1.7246408462524414, -1.7756482362747192, -0.683843731880188, -1.7835074663162231, 1.8592665195465088, -0.13692577183246613, 1.4936373233795166, -2.3138668537139893, 0.31893789768218994, -1.1189764738082886, 0.09404946863651276, 0.7966275215148926, 0.9366117119789124, -1.0171842575073242, -0.5566881895065308, -0.6912969946861267, 0.47594398260116577, 0.26918548345565796, -0.5180119872093201, -0.5518384575843811, -0.5041615962982178, 1.2825978994369507, 0.9279733300209045, -1.5848867893218994, 0.09369517117738724, -1.7774417400360107, 0.4459269940853119, 2.09850811958313, -0.8861845135688782, -0.4231085479259491, -0.862324595451355, 0.009139567613601685, -0.2754317820072174, -1.3885889053344727, 0.20315131545066833, 1.3646411895751953, -0.7512434720993042, -1.0105056762695312, -1.8146559000015259, 0.26470789313316345, -0.35261988639831543, 1.2338820695877075, 1.0333349704742432, -1.6458966732025146, 0.6946305632591248, -0.7456040978431702, -2.0509917736053467, 0.49140340089797974, -0.30493900179862976, -0.33897578716278076, 0.06779026240110397, -0.7720422148704529, 0.03226442262530327, 0.5954799056053162, -1.0473508834838867, -1.0193883180618286, -1.4083446264266968, 0.9499064683914185, 0.321473091840744, 1.898536205291748, -2.1223390102386475, 0.6303632855415344, 2.401078462600708, 1.427830696105957, 0.6207340955734253, -2.124454975128174, 1.027288794517517, -0.785135805606842, -0.07385016977787018, 2.2468996047973633, 2.1794328689575195, -0.32809877395629883, -1.508541226387024, -0.5462544560432434, 0.7685609459877014, 0.29253089427948, -0.43429479002952576, -0.3813052773475647, -1.9442780017852783, -2.9436912536621094, -1.3777903318405151, -0.28480568528175354, 2.285250425338745, -1.5981061458587646, 1.4251197576522827, -1.1321133375167847, -0.43753594160079956, 2.513890266418457, 0.05651881545782089, 1.8792818784713745, -2.9389896392822266, 1.8390328884124756, -0.3108517527580261, -2.364562511444092, 0.4748491644859314, 0.7679545879364014, 2.3540842533111572, 2.5047144889831543, 2.2603089809417725, 0.7136963605880737, -0.1981905996799469, -1.7225489616394043, 0.16319721937179565, 2.0379137992858887, -0.8257653713226318]"
24,2,ترفيعة,personal,"لطالب الاستخدام فق :

لماي

- التعاقد مع 5 8 ِ,
الاسم والشبرة كحاض يوت 0

اسم الأب :| ل نوت ض اسم الأم نم مله

مكان وتاريخ الولادة سي بصن التبجر_ - | هحجكا
1 1 د
حزان اقامله الدائية سب عه ار ؛ اليس .""اق ل
ا )1
البلدة . «لبيسر راح تاحة لمجأ منطقة لاوس قضاء رص

© إل ,ساي باج الو وا

عنوان اقامّه الحالة . '
ٍ : ا ب
5 - 1 والدنة 1 5 0"" 0 قن جًَ 5 ‎١‏

الحي . لوضمتهين ارح ب« - د الاك لطر
وأحمل شهادة الدراسة اجا معه كير بيه ضح - َ
الثوادي والاحزاب التي كنت منتبا الها . هزت لت لعو اناك وياأالك -
وضعتى العائلية عبر رجه عدد الأولاد
احا الأخرة ‏ الأدرات . الها - قد ع و ا

موجز عن حياته بخط يده منذ نشأته شارحاً به وضعه واسماء المدارس التي درس فيها ,'

* قَ ا . :0 يي ا > زِ 0 0 بي 8 و ل
بات ي عائلد مورطه لذا ب نيح بعر ىر لله ره نصحت لديا سخ يو

/ 0 ا حر اص ل م 5 ّ ا ل 2 0 7 ا

ا ل ا 0

طابع مالي ب ‎١78‏ ق.س

نَّ +","[-0.7051418423652649, 1.6600120067596436, 0.6034362316131592, -0.4319944977760315, 0.6129701137542725, 0.18152980506420135, 0.7487233281135559, 1.2294343709945679, -0.4934512972831726, -0.4774547219276428, -0.0640643760561943, -0.41877251863479614, -0.20808742940425873, -0.3239831030368805, -0.7587472796440125, 0.7121497988700867, 1.3228873014450073, 0.3805941045284271, -0.027127116918563843, -0.2264857292175293, 0.03336447477340698, -1.405569314956665, 0.9151145815849304, 0.4470669627189636, 0.6048167943954468, 0.2754666209220886, -0.4937938451766968, -0.07656653970479965, 0.1268870085477829, -0.1814073771238327, 0.37390798330307007, -0.07606492936611176, -0.9184112548828125, 0.6802223324775696, -0.2999644875526428, -0.28354135155677795, -2.1312649250030518, 1.803203821182251, -0.6538472175598145, -0.8776736855506897, 0.571247398853302, -1.3603298664093018, 0.3087891638278961, 0.6943909525871277, -0.8331718444824219, 0.5532583594322205, 0.1663534939289093, 1.0898901224136353, 0.003185626119375229, 1.9819425344467163, -0.6493905782699585, 0.5120843648910522, -0.42496734857559204, -0.7824059724807739, -0.45372840762138367, 0.40714824199676514, 0.9230029582977295, -0.4498349130153656, -0.2942030429840088, -0.8396367430686951, -0.8529142141342163, -0.4822120666503906, -0.9755511283874512, 0.16045667231082916, 0.20486554503440857, -0.021414250135421753, 0.29516729712486267, -1.3265326023101807, -0.016474146395921707, 0.13824915885925293, 0.21948286890983582, 0.07045863568782806, -0.16833177208900452, 0.4253620207309723, 0.3640020191669464, -1.0307140350341797, -0.22934013605117798, 0.08484158664941788, -0.32601094245910645, 0.26584312319755554, 0.24864491820335388, -0.6239445209503174, -0.8664149641990662, -0.6816566586494446, 0.17103201150894165, 0.26574403047561646, 0.536342203617096, -0.30413538217544556, 0.3041446805000305, -0.002146020531654358, 0.4809574782848358, 0.6686776876449585, -0.10853684693574905, 0.6163315773010254, -0.37911781668663025, -0.897868275642395, -0.09887367486953735, -0.5700085163116455, -0.892930805683136, 0.22790391743183136, 0.6351789832115173, -0.20845291018486023, 0.7276403903961182, -0.06854121387004852, 0.6518481373786926, 0.09662067890167236, -0.1618296504020691, 1.1966090202331543, -0.28937917947769165, -6.267640113830566, 0.037710681557655334, -0.2934827506542206, 0.049832239747047424, 0.7052937150001526, -0.272761732339859, 0.42028704285621643, 0.5654763579368591, -1.1197596788406372, -0.2754937410354614, 0.8961545825004578, 0.16447757184505463, -0.9741560220718384, -1.6593304872512817, 0.2303508222103119, -1.9074467420578003, 0.5150968432426453, 0.9991722702980042, -0.8930334448814392, -0.10863678902387619, -0.016332104802131653, 0.915130078792572, -0.31886789202690125, 0.8679190874099731, -0.5540735125541687, 0.6884822845458984, -1.5993304252624512, 0.6720817685127258, -1.3232868909835815, 0.2933198809623718, 0.6740865707397461, 1.2786800861358643, 1.414063572883606, 1.1901966333389282, -0.2399713546037674, 0.986160159111023, 1.03142249584198, -0.4293476641178131, -0.3047599196434021, -0.7270463705062866, 0.6480806469917297, 0.37818312644958496, -0.06081773713231087, -0.49913865327835083, 0.19235946238040924, 10.87925910949707, 0.4039801359176636, -0.5666895508766174, -0.9602519869804382, -0.2690017521381378, 0.5453537702560425, 0.5696520805358887, 0.602737545967102, -0.5596275925636292, 0.8492347002029419, 0.2096024751663208, -1.1315982341766357, -0.9613838195800781, -0.9626802802085876, -0.3034694492816925, -0.17608444392681122, 0.309694766998291, -0.13902688026428223, 0.13321349024772644, -0.01703675091266632, -0.09598197788000107, 1.023209810256958, -1.1743007898330688, 0.24614179134368896, -1.270848274230957, 0.17351043224334717, 0.4967327415943146, -0.5962955951690674, -1.0747257471084595, 0.22403749823570251, -1.2326658964157104, -0.5423145294189453, 0.25794774293899536, 0.860697865486145, 0.5762605667114258, -0.5183285474777222, 0.4469306766986847, 1.3023042678833008, -0.22779813408851624, 0.3759143650531769, -0.2018624246120453, -0.1566491425037384, 0.4789629876613617, 0.3283819556236267, 0.685379683971405, 0.2592255473136902, 0.04288695752620697, -0.14331360161304474, -0.008276090025901794, 0.6483168601989746, -0.08100256323814392, 0.43590247631073, -1.1381134986877441, -0.19506877660751343, 0.14005354046821594, -1.213067889213562, -1.2363654375076294, -0.44265735149383545, -1.3599903583526611, 0.7020458579063416, -0.34731659293174744, -0.5440452098846436, 0.34223470091819763, 0.5422459840774536, -0.222054585814476, -0.7220311760902405, 1.242782473564148, 0.516865611076355, 0.2932155430316925, 0.12764957547187805, 1.4037065505981445, -1.047568678855896, -0.5799652934074402, 0.5429608821868896, -0.1220487430691719, -0.6683552861213684, 0.806265115737915, -0.07639169692993164, 0.8959554433822632, 0.2643345594406128, 0.515923261642456, 0.6087973117828369, -1.231390357017517, -0.35365283489227295, 0.9181863069534302, 0.48708635568618774, -0.60024094581604, 0.49024733901023865, -1.177323341369629, -0.43075913190841675, -0.3390686511993408, 1.3017597198486328, 0.02155017852783203, 0.07377412915229797, -0.6897515654563904, 0.05523822456598282, 0.8959748148918152, -1.0994106531143188, -0.39290085434913635, -0.7539066076278687, -1.3348283767700195, 1.462538242340088, -0.7697770595550537, 0.544991672039032, 0.6958089470863342, -0.0831092819571495, 0.6754933595657349, -0.019461914896965027, -0.2197299599647522, 0.09835254400968552, 0.4020722806453705, -0.019915126264095306, -0.009095646440982819, -0.13136258721351624, -0.15661901235580444, 1.215423345565796, -1.113498568534851, 0.3756074607372284, 1.1094753742218018, 0.9106379747390747, -1.597077488899231, -0.7821428775787354, 0.4707241356372833, 0.5939381718635559, -0.4243549704551697, -0.5173435807228088, -1.1273720264434814, -1.215097427368164, 0.7226569652557373, -0.1231086254119873, 1.3300861120224, -0.3548913598060608, 0.05101470649242401, 0.6191033124923706, 0.5995497703552246, -0.6696160435676575, -0.11996035277843475, 0.37125420570373535, 0.33653199672698975, -0.8378299474716187, -1.0000888109207153, -0.5574467182159424, 1.6568610668182373, 0.15667575597763062, 0.4358749985694885, -0.2714338004589081, -0.5528897047042847, -1.4552807807922363, 0.32839179039001465, 1.894844889640808, 0.021292418241500854, -0.46123194694519043, 0.5840088129043579, -0.5869637131690979, 0.8072710037231445, -1.299169659614563, -0.8782041072845459, 0.15437822043895721, -1.2117927074432373, 3.74412202835083, -0.7183962464332581, 0.13913540542125702, -0.5801204442977905, -0.19678078591823578, 1.3214678764343262, 0.2893238663673401, 0.6288481950759888, -0.5535368919372559, 1.6003358364105225, -1.044203758239746, 0.36434248089790344, -1.2129881381988525, 0.04364746809005737, 0.8846122026443481, 0.334791362285614, -0.22210054099559784, 0.29143133759498596, 0.7238998413085938, 0.6609410047531128, -0.2238224297761917, 0.22199058532714844, 0.8927459716796875, -0.1747615933418274, -0.1345708668231964, 0.4633738696575165, 0.8461883068084717, -0.36939167976379395, -0.7693109512329102, 0.6393316984176636, 0.8056879639625549, 0.7438313364982605, 0.21797308325767517, -0.31198757886886597, -1.3628517389297485, -0.48015180230140686, 0.285420298576355, -1.0259714126586914, 0.17211246490478516, 0.5652442574501038, 0.26182931661605835, -0.0014589428901672363, 0.05912921577692032, -0.28653305768966675, 1.1405155658721924, 0.611193060874939, -0.9180179834365845, -1.4585952758789062, 0.9955323338508606, 0.01376613974571228, -0.4646117091178894, 0.324878990650177, -1.2419078350067139, -0.4584258198738098, 0.5888252854347229, -0.1221485584974289, -1.049132227897644, -1.5557940006256104, 0.8498715758323669, 0.28215354681015015, -0.18607135117053986, 0.22497141361236572, 0.3570159077644348, -0.7961037755012512, -1.2219221591949463, -0.676974892616272, -0.7196952104568481, -0.8907120227813721, 0.641097903251648, -0.19503043591976166, 1.2083921432495117, 0.8530642986297607, -0.6759801506996155, 1.3426083326339722, -1.0298736095428467, -0.7623777389526367, 0.4606255292892456, -0.280016154050827, 0.07290074229240417, -0.37138739228248596, -0.33166855573654175, -1.093727707862854, 0.5511560440063477, -0.8001013398170471, -0.7017420530319214, -0.04359540343284607, 1.1976412534713745, 0.03761248290538788, 0.04974304884672165, -1.1365642547607422, 1.8189750909805298, 0.7545933723449707, -1.2130056619644165, 0.00544014573097229, 0.41992688179016113, 0.1513347625732422, 0.3322795629501343, 1.2040143013000488, -0.2240009307861328, -0.3536958694458008, -0.18058806657791138, 0.6041641235351562, 0.01039055734872818, -0.7554523348808289, -0.8189963698387146, 0.49759840965270996, 0.3608415126800537, 0.22580699622631073, 1.1753740310668945, -0.6283707022666931, -0.6146273016929626, 0.9879162311553955, -0.35345494747161865, -0.7722248435020447, -0.29661521315574646, 0.8752612471580505, -0.03955142945051193, -0.7768478393554688, -0.5988943576812744, -0.8766149282455444, -0.902223527431488, 0.11076105386018753, -0.06487905979156494, 0.9301071166992188, 1.1257655620574951, -1.5863075256347656, -0.9464292526245117, 0.33280646800994873, 0.41272345185279846, 0.4063664674758911, 0.0709775760769844, 0.10919579863548279, 0.11628608405590057, -0.5332257151603699, -0.8113236427307129, 0.16287560760974884, 0.04962540045380592, -0.04131472110748291, 0.21359920501708984, 0.8688459992408752, -1.2111387252807617, 0.5138100385665894, -0.4677625596523285, 0.4991782009601593, -0.6958532333374023, 0.18514466285705566, 0.3410910964012146, 0.15585696697235107, -1.6610125303268433, 1.4515798091888428, 1.4593690633773804, 0.2972562313079834, -0.13493603467941284, 1.1952641010284424, -0.4412881135940552, -0.07360979914665222, -0.6449651122093201, 0.987909734249115, 0.17980757355690002, -0.18690834939479828, -0.7614340782165527, 0.5315258502960205, 0.38854873180389404, -0.14100967347621918, -1.4679251909255981, 0.2037132829427719, -1.118462324142456, -0.08490900695323944, -1.9479713439941406, -0.5109430551528931, -0.3466440737247467, 0.42211252450942993, -1.2308286428451538, 0.0025334954261779785, 0.3670969605445862, 0.3512776792049408, 1.2920129299163818, -0.05591496825218201, -0.6223996877670288, -0.06326164305210114, -1.2357416152954102, -0.8463387489318848, 0.41890814900398254, 0.5631899237632751, -0.8327741622924805, -0.4089425206184387, 0.08322495222091675, -0.47064661979675293, 1.235840082168579, -0.5631760358810425, -0.033214911818504333, -0.2840990424156189, 1.3701095581054688, 0.040392570197582245, -1.2359119653701782, 0.3157801330089569, -1.100844144821167, -1.4144933223724365, -0.9560709595680237, 0.8410331010818481, 0.23394526541233063, -0.5992079973220825, 0.1802891492843628, 0.5550650358200073, 0.2958342432975769, -1.5679795742034912, 0.37254253029823303, -1.1535778045654297, -0.6995769739151001, -0.35509926080703735, -0.035854265093803406, 0.5706292390823364, 0.18264693021774292, -0.43361368775367737, -0.6242382526397705, 0.3791794180870056, 0.5643677711486816, 0.2597687542438507, -0.10882250964641571, 0.1562902331352234, 0.3566908836364746, 0.6444661617279053, 0.9735913276672363, 0.5018336176872253, -0.49088722467422485, -0.5866644382476807, 1.7998350858688354, 0.4148027002811432, 0.5438805818557739, -0.2539273798465729, 0.37553855776786804, -1.2099502086639404, -1.4710067510604858, -0.7839746475219727, -0.11274078488349915, -1.3145346641540527, -0.47816088795661926, 0.3407765030860901, -1.3139491081237793, -1.427899718284607, -0.24835965037345886, -0.731852650642395, -0.7995628714561462, 0.13915327191352844, -0.720838725566864, 0.041412871330976486, 0.3536071479320526, 0.9839303493499756, -0.028685420751571655, 0.2433328926563263, -0.6879298686981201, 0.3879360258579254, -0.19940723478794098, -1.586372971534729, 0.49304866790771484, 0.2966335415840149, 0.24931123852729797, 1.176543116569519, 0.21012094616889954, -0.10883322358131409, 1.0902693271636963, 1.6493356227874756, 1.0853863954544067, -0.8956588506698608, -0.27921900153160095, -0.5110312700271606, -0.9622205495834351, -0.5214064121246338, 0.6840031743049622, -0.5807719826698303, 0.7146341800689697, -0.5828555822372437, 0.42253339290618896, -0.3851920962333679, -0.7553637027740479, -0.21612206101417542, -0.8385831117630005, 0.2758983373641968, -1.5399515628814697, 0.523036539554596, 0.7886954545974731, -0.2600838541984558, 0.20749697089195251, 0.520942211151123, 0.4916684329509735, -0.6969956159591675, 0.5464279651641846, 0.5235956907272339, -0.19587835669517517, 0.0005941912531852722, -1.377814769744873, 0.4957357347011566, 0.1337500512599945, -1.027956485748291, -0.1931784749031067, 0.43940269947052, 0.5105792880058289, 0.42609673738479614, 0.3582540452480316, -0.21962913870811462, -0.865795373916626, 0.5659624934196472, 0.5754544734954834, -1.3741445541381836, -0.09770017862319946, 0.19713681936264038, -0.06579269468784332, -0.4819064736366272, 0.12011890113353729, -0.09594128280878067, 0.5906710028648376, -0.2184906005859375, -0.5719658136367798, -1.0373914241790771, -0.364263117313385, -0.037459805607795715, -0.8166581392288208, -0.371799111366272, -1.2767678499221802, -0.6764583587646484, -0.6073907017707825, -0.24499225616455078, -0.43756887316703796, -2.4942245483398438, 0.28131547570228577, -0.4930844008922577, 0.5099031925201416, 1.3601967096328735, 0.0837474837899208, 0.13068747520446777, -0.19312669336795807, -1.0488903522491455, -0.23501881957054138, 0.09359393268823624, -0.7942766547203064, -0.47477346658706665, -0.2950362265110016, 0.3934207558631897, 0.508685290813446, -0.369695246219635, 0.20742173492908478, 0.4576038122177124, 0.28754597902297974, -0.834694504737854, -1.5517935752868652, 1.1946933269500732, 0.46060502529144287, 0.0921887457370758, -1.5992381572723389, -2.050825595855713, 1.4820635318756104, 0.016481921076774597, -0.6313082575798035, -0.1371956616640091, 0.8505825400352478, -1.4825118780136108, -1.1585017442703247, 0.4920061230659485, 0.8240209817886353, 0.08988702297210693, -0.5753099918365479, 0.8114643692970276, 0.017887704074382782, 0.03623880445957184, -1.4260460138320923, -0.6077477335929871, -1.3093760013580322, 0.7060419321060181, 0.7214109897613525, 0.6901597380638123, 0.2537521719932556, -0.7104646563529968, 1.205201268196106, 0.06580033898353577, -0.7862727046012878, 0.4104798138141632, 0.24571079015731812, -0.16434507071971893, -0.41427475214004517, -0.624382734298706, 1.5809897184371948, -0.1313389092683792, 0.45773476362228394, -0.16531169414520264, -0.13170932233333588, -0.6273193955421448, 0.0561789944767952, 1.0329177379608154, -0.5223221182823181, -1.1437108516693115, 0.6416288614273071, -0.5327794551849365, 0.19647245109081268, -0.7800991535186768, -0.15516585111618042, 0.2858527898788452, 0.314736008644104, 0.06241682916879654, -0.45157676935195923, -0.6858875155448914, 0.27100878953933716, -1.0095289945602417, 0.17036519944667816, -1.2985998392105103, 0.01059616357088089, -0.5210208296775818, 0.21350738406181335, -0.3069254755973816, 0.17995771765708923, -0.2844812273979187, 0.12414607405662537, -0.1619422435760498, -0.8393033146858215, 0.8064042925834656, -0.3759183883666992, -0.568932294845581, -0.30552077293395996, -0.9846900701522827, -1.0976166725158691, 0.28460633754730225, 0.5836879014968872, -0.7212226986885071, -0.030129238963127136, 0.036793023347854614, 0.21690617501735687, 0.7500540614128113, 1.180389404296875, 0.587962806224823, -0.09367154538631439, 1.028760313987732, 0.7286303639411926, 0.7604389190673828, -1.3108261823654175, -1.160845398902893, -2.1364426612854004, 0.023354586213827133, 0.6276505589485168, -1.677694320678711, 0.621109127998352, -1.272282600402832, -0.009574107825756073, -0.7564653158187866, 0.034791331738233566, 0.017164239659905434, -0.8666978478431702, 0.43187493085861206, 1.1137160062789917, -0.5599724054336548, -0.5235906839370728, 0.8083958625793457, 1.1702219247817993, -1.1127883195877075, 0.48280778527259827, 1.0815914869308472, -0.2980550527572632]","[0.5323852896690369, 1.0400439500808716, 1.2769993543624878, -1.283845067024231, 1.4804108142852783, 1.1957985162734985, -0.7110984921455383, -0.027321171015501022, 0.006990004330873489, -0.18730062246322632, -0.3506738543510437, -0.31294557452201843, -0.2261117398738861, -0.5255323648452759, -0.09388723969459534, -0.20336852967739105, 0.36432725191116333, -1.2680160999298096, 0.15038661658763885, 0.3976422846317291, -0.40223729610443115, 0.4348946809768677, -0.0509386770427227, -0.937697172164917, -0.8908274173736572, -0.5215917825698853, -1.0324180126190186, 1.1303701400756836, -0.326273649930954, 0.9531072378158569, -1.2934755086898804, 0.025035884231328964, -0.5612106323242188, -0.04319070279598236, 0.4625968933105469, 0.8742963075637817, -0.9560123085975647, -0.30711260437965393, -0.5206310153007507, 0.5179824233055115, 0.21257393062114716, -0.1352521926164627, -0.2673065662384033, -0.690162181854248, 0.8037577867507935, 0.6704826951026917, -1.0248254537582397, 0.39244312047958374, -1.3288618326187134, -0.004857979714870453, 1.0803742408752441, -0.650216281414032, -0.16833971440792084, -0.27190878987312317, -0.10813829302787781, -0.19505012035369873, -0.7008099555969238, 0.3625074028968811, 0.7047602534294128, -0.133793905377388, -0.5553482174873352, -1.2645328044891357, 0.17720413208007812, -0.2867632210254669, 0.5811582803726196, 0.46011683344841003, -0.9371527433395386, 0.2362726777791977, -0.366205632686615, -1.3311794996261597, 0.2807765305042267, -0.08555431663990021, -0.11355382204055786, 0.23935024440288544, -0.38595885038375854, 0.04609598591923714, 0.366446852684021, -0.8610454201698303, -0.4214037358760834, -0.9278558492660522, 0.6149770021438599, 0.0029608532786369324, 1.228953242301941, -1.3756734132766724, 0.3478814363479614, 1.5251270532608032, 1.0406489372253418, 0.5746647119522095, -1.531482458114624, 0.6189375519752502, -0.5252172946929932, -0.06666597723960876, 1.6679917573928833, 1.48764967918396, 0.018333982676267624, -1.0567697286605835, -0.4167574346065521, 0.2957538366317749, 0.09130223095417023, -0.3761998116970062, -0.005567463114857674, -1.0202285051345825, -1.6569539308547974, -0.6968495845794678, -0.26132524013519287, 1.4318088293075562, -0.8673333525657654, 0.7726425528526306, -0.6438679099082947, -0.7698051929473877, 1.5148380994796753, -0.03422445058822632, 1.2316864728927612, -1.6108893156051636, 1.189182996749878, -0.5066245794296265, -1.4485782384872437, 0.3050362169742584, 0.6264687776565552, 1.5519921779632568, 1.4809304475784302, 1.471481442451477, 0.674261212348938, 0.2051372528076172, -1.0948928594589233, 0.1333061158657074, 1.3466874361038208, -0.5064734816551208]","[-0.7051418423652649, 1.6600120067596436, 0.6034362316131592, -0.4319944977760315, 0.6129701137542725, 0.18152980506420135, 0.7487233281135559, 1.2294343709945679, -0.4934512972831726, -0.4774547219276428, -0.0640643760561943, -0.41877251863479614, -0.20808742940425873, -0.3239831030368805, -0.7587472796440125, 0.7121497988700867, 1.3228873014450073, 0.3805941045284271, -0.027127116918563843, -0.2264857292175293, 0.03336447477340698, -1.405569314956665, 0.9151145815849304, 0.4470669627189636, 0.6048167943954468, 0.2754666209220886, -0.4937938451766968, -0.07656653970479965, 0.1268870085477829, -0.1814073771238327, 0.37390798330307007, -0.07606492936611176, -0.9184112548828125, 0.6802223324775696, -0.2999644875526428, -0.28354135155677795, -2.1312649250030518, 1.803203821182251, -0.6538472175598145, -0.8776736855506897, 0.571247398853302, -1.3603298664093018, 0.3087891638278961, 0.6943909525871277, -0.8331718444824219, 0.5532583594322205, 0.1663534939289093, 1.0898901224136353, 0.003185626119375229, 1.9819425344467163, -0.6493905782699585, 0.5120843648910522, -0.42496734857559204, -0.7824059724807739, -0.45372840762138367, 0.40714824199676514, 0.9230029582977295, -0.4498349130153656, -0.2942030429840088, -0.8396367430686951, -0.8529142141342163, -0.4822120666503906, -0.9755511283874512, 0.16045667231082916, 0.20486554503440857, -0.021414250135421753, 0.29516729712486267, -1.3265326023101807, -0.016474146395921707, 0.13824915885925293, 0.21948286890983582, 0.07045863568782806, -0.16833177208900452, 0.4253620207309723, 0.3640020191669464, -1.0307140350341797, -0.22934013605117798, 0.08484158664941788, -0.32601094245910645, 0.26584312319755554, 0.24864491820335388, -0.6239445209503174, -0.8664149641990662, -0.6816566586494446, 0.17103201150894165, 0.26574403047561646, 0.536342203617096, -0.30413538217544556, 0.3041446805000305, -0.002146020531654358, 0.4809574782848358, 0.6686776876449585, -0.10853684693574905, 0.6163315773010254, -0.37911781668663025, -0.897868275642395, -0.09887367486953735, -0.5700085163116455, -0.892930805683136, 0.22790391743183136, 0.6351789832115173, -0.20845291018486023, 0.7276403903961182, -0.06854121387004852, 0.6518481373786926, 0.09662067890167236, -0.1618296504020691, 1.1966090202331543, -0.28937917947769165, -6.267640113830566, 0.037710681557655334, -0.2934827506542206, 0.049832239747047424, 0.7052937150001526, -0.272761732339859, 0.42028704285621643, 0.5654763579368591, -1.1197596788406372, -0.2754937410354614, 0.8961545825004578, 0.16447757184505463, -0.9741560220718384, -1.6593304872512817, 0.2303508222103119, -1.9074467420578003, 0.5150968432426453, 0.9991722702980042, -0.8930334448814392, -0.10863678902387619, -0.016332104802131653, 0.915130078792572, -0.31886789202690125, 0.8679190874099731, -0.5540735125541687, 0.6884822845458984, -1.5993304252624512, 0.6720817685127258, -1.3232868909835815, 0.2933198809623718, 0.6740865707397461, 1.2786800861358643, 1.414063572883606, 1.1901966333389282, -0.2399713546037674, 0.986160159111023, 1.03142249584198, -0.4293476641178131, -0.3047599196434021, -0.7270463705062866, 0.6480806469917297, 0.37818312644958496, -0.06081773713231087, -0.49913865327835083, 0.19235946238040924, 10.87925910949707, 0.4039801359176636, -0.5666895508766174, -0.9602519869804382, -0.2690017521381378, 0.5453537702560425, 0.5696520805358887, 0.602737545967102, -0.5596275925636292, 0.8492347002029419, 0.2096024751663208, -1.1315982341766357, -0.9613838195800781, -0.9626802802085876, -0.3034694492816925, -0.17608444392681122, 0.309694766998291, -0.13902688026428223, 0.13321349024772644, -0.01703675091266632, -0.09598197788000107, 1.023209810256958, -1.1743007898330688, 0.24614179134368896, -1.270848274230957, 0.17351043224334717, 0.4967327415943146, -0.5962955951690674, -1.0747257471084595, 0.22403749823570251, -1.2326658964157104, -0.5423145294189453, 0.25794774293899536, 0.860697865486145, 0.5762605667114258, -0.5183285474777222, 0.4469306766986847, 1.3023042678833008, -0.22779813408851624, 0.3759143650531769, -0.2018624246120453, -0.1566491425037384, 0.4789629876613617, 0.3283819556236267, 0.685379683971405, 0.2592255473136902, 0.04288695752620697, -0.14331360161304474, -0.008276090025901794, 0.6483168601989746, -0.08100256323814392, 0.43590247631073, -1.1381134986877441, -0.19506877660751343, 0.14005354046821594, -1.213067889213562, -1.2363654375076294, -0.44265735149383545, -1.3599903583526611, 0.7020458579063416, -0.34731659293174744, -0.5440452098846436, 0.34223470091819763, 0.5422459840774536, -0.222054585814476, -0.7220311760902405, 1.242782473564148, 0.516865611076355, 0.2932155430316925, 0.12764957547187805, 1.4037065505981445, -1.047568678855896, -0.5799652934074402, 0.5429608821868896, -0.1220487430691719, -0.6683552861213684, 0.806265115737915, -0.07639169692993164, 0.8959554433822632, 0.2643345594406128, 0.515923261642456, 0.6087973117828369, -1.231390357017517, -0.35365283489227295, 0.9181863069534302, 0.48708635568618774, -0.60024094581604, 0.49024733901023865, -1.177323341369629, -0.43075913190841675, -0.3390686511993408, 1.3017597198486328, 0.02155017852783203, 0.07377412915229797, -0.6897515654563904, 0.05523822456598282, 0.8959748148918152, -1.0994106531143188, -0.39290085434913635, -0.7539066076278687, -1.3348283767700195, 1.462538242340088, -0.7697770595550537, 0.544991672039032, 0.6958089470863342, -0.0831092819571495, 0.6754933595657349, -0.019461914896965027, -0.2197299599647522, 0.09835254400968552, 0.4020722806453705, -0.019915126264095306, -0.009095646440982819, -0.13136258721351624, -0.15661901235580444, 1.215423345565796, -1.113498568534851, 0.3756074607372284, 1.1094753742218018, 0.9106379747390747, -1.597077488899231, -0.7821428775787354, 0.4707241356372833, 0.5939381718635559, -0.4243549704551697, -0.5173435807228088, -1.1273720264434814, -1.215097427368164, 0.7226569652557373, -0.1231086254119873, 1.3300861120224, -0.3548913598060608, 0.05101470649242401, 0.6191033124923706, 0.5995497703552246, -0.6696160435676575, -0.11996035277843475, 0.37125420570373535, 0.33653199672698975, -0.8378299474716187, -1.0000888109207153, -0.5574467182159424, 1.6568610668182373, 0.15667575597763062, 0.4358749985694885, -0.2714338004589081, -0.5528897047042847, -1.4552807807922363, 0.32839179039001465, 1.894844889640808, 0.021292418241500854, -0.46123194694519043, 0.5840088129043579, -0.5869637131690979, 0.8072710037231445, -1.299169659614563, -0.8782041072845459, 0.15437822043895721, -1.2117927074432373, 3.74412202835083, -0.7183962464332581, 0.13913540542125702, -0.5801204442977905, -0.19678078591823578, 1.3214678764343262, 0.2893238663673401, 0.6288481950759888, -0.5535368919372559, 1.6003358364105225, -1.044203758239746, 0.36434248089790344, -1.2129881381988525, 0.04364746809005737, 0.8846122026443481, 0.334791362285614, -0.22210054099559784, 0.29143133759498596, 0.7238998413085938, 0.6609410047531128, -0.2238224297761917, 0.22199058532714844, 0.8927459716796875, -0.1747615933418274, -0.1345708668231964, 0.4633738696575165, 0.8461883068084717, -0.36939167976379395, -0.7693109512329102, 0.6393316984176636, 0.8056879639625549, 0.7438313364982605, 0.21797308325767517, -0.31198757886886597, -1.3628517389297485, -0.48015180230140686, 0.285420298576355, -1.0259714126586914, 0.17211246490478516, 0.5652442574501038, 0.26182931661605835, -0.0014589428901672363, 0.05912921577692032, -0.28653305768966675, 1.1405155658721924, 0.611193060874939, -0.9180179834365845, -1.4585952758789062, 0.9955323338508606, 0.01376613974571228, -0.4646117091178894, 0.324878990650177, -1.2419078350067139, -0.4584258198738098, 0.5888252854347229, -0.1221485584974289, -1.049132227897644, -1.5557940006256104, 0.8498715758323669, 0.28215354681015015, -0.18607135117053986, 0.22497141361236572, 0.3570159077644348, -0.7961037755012512, -1.2219221591949463, -0.676974892616272, -0.7196952104568481, -0.8907120227813721, 0.641097903251648, -0.19503043591976166, 1.2083921432495117, 0.8530642986297607, -0.6759801506996155, 1.3426083326339722, -1.0298736095428467, -0.7623777389526367, 0.4606255292892456, -0.280016154050827, 0.07290074229240417, -0.37138739228248596, -0.33166855573654175, -1.093727707862854, 0.5511560440063477, -0.8001013398170471, -0.7017420530319214, -0.04359540343284607, 1.1976412534713745, 0.03761248290538788, 0.04974304884672165, -1.1365642547607422, 1.8189750909805298, 0.7545933723449707, -1.2130056619644165, 0.00544014573097229, 0.41992688179016113, 0.1513347625732422, 0.3322795629501343, 1.2040143013000488, -0.2240009307861328, -0.3536958694458008, -0.18058806657791138, 0.6041641235351562, 0.01039055734872818, -0.7554523348808289, -0.8189963698387146, 0.49759840965270996, 0.3608415126800537, 0.22580699622631073, 1.1753740310668945, -0.6283707022666931, -0.6146273016929626, 0.9879162311553955, -0.35345494747161865, -0.7722248435020447, -0.29661521315574646, 0.8752612471580505, -0.03955142945051193, -0.7768478393554688, -0.5988943576812744, -0.8766149282455444, -0.902223527431488, 0.11076105386018753, -0.06487905979156494, 0.9301071166992188, 1.1257655620574951, -1.5863075256347656, -0.9464292526245117, 0.33280646800994873, 0.41272345185279846, 0.4063664674758911, 0.0709775760769844, 0.10919579863548279, 0.11628608405590057, -0.5332257151603699, -0.8113236427307129, 0.16287560760974884, 0.04962540045380592, -0.04131472110748291, 0.21359920501708984, 0.8688459992408752, -1.2111387252807617, 0.5138100385665894, -0.4677625596523285, 0.4991782009601593, -0.6958532333374023, 0.18514466285705566, 0.3410910964012146, 0.15585696697235107, -1.6610125303268433, 1.4515798091888428, 1.4593690633773804, 0.2972562313079834, -0.13493603467941284, 1.1952641010284424, -0.4412881135940552, -0.07360979914665222, -0.6449651122093201, 0.987909734249115, 0.17980757355690002, -0.18690834939479828, -0.7614340782165527, 0.5315258502960205, 0.38854873180389404, -0.14100967347621918, -1.4679251909255981, 0.2037132829427719, -1.118462324142456, -0.08490900695323944, -1.9479713439941406, -0.5109430551528931, -0.3466440737247467, 0.42211252450942993, -1.2308286428451538, 0.0025334954261779785, 0.3670969605445862, 0.3512776792049408, 1.2920129299163818, -0.05591496825218201, -0.6223996877670288, -0.06326164305210114, -1.2357416152954102, -0.8463387489318848, 0.41890814900398254, 0.5631899237632751, -0.8327741622924805, -0.4089425206184387, 0.08322495222091675, -0.47064661979675293, 1.235840082168579, -0.5631760358810425, -0.033214911818504333, -0.2840990424156189, 1.3701095581054688, 0.040392570197582245, -1.2359119653701782, 0.3157801330089569, -1.100844144821167, -1.4144933223724365, -0.9560709595680237, 0.8410331010818481, 0.23394526541233063, -0.5992079973220825, 0.1802891492843628, 0.5550650358200073, 0.2958342432975769, -1.5679795742034912, 0.37254253029823303, -1.1535778045654297, -0.6995769739151001, -0.35509926080703735, -0.035854265093803406, 0.5706292390823364, 0.18264693021774292, -0.43361368775367737, -0.6242382526397705, 0.3791794180870056, 0.5643677711486816, 0.2597687542438507, -0.10882250964641571, 0.1562902331352234, 0.3566908836364746, 0.6444661617279053, 0.9735913276672363, 0.5018336176872253, -0.49088722467422485, -0.5866644382476807, 1.7998350858688354, 0.4148027002811432, 0.5438805818557739, -0.2539273798465729, 0.37553855776786804, -1.2099502086639404, -1.4710067510604858, -0.7839746475219727, -0.11274078488349915, -1.3145346641540527, -0.47816088795661926, 0.3407765030860901, -1.3139491081237793, -1.427899718284607, -0.24835965037345886, -0.731852650642395, -0.7995628714561462, 0.13915327191352844, -0.720838725566864, 0.041412871330976486, 0.3536071479320526, 0.9839303493499756, -0.028685420751571655, 0.2433328926563263, -0.6879298686981201, 0.3879360258579254, -0.19940723478794098, -1.586372971534729, 0.49304866790771484, 0.2966335415840149, 0.24931123852729797, 1.176543116569519, 0.21012094616889954, -0.10883322358131409, 1.0902693271636963, 1.6493356227874756, 1.0853863954544067, -0.8956588506698608, -0.27921900153160095, -0.5110312700271606, -0.9622205495834351, -0.5214064121246338, 0.6840031743049622, -0.5807719826698303, 0.7146341800689697, -0.5828555822372437, 0.42253339290618896, -0.3851920962333679, -0.7553637027740479, -0.21612206101417542, -0.8385831117630005, 0.2758983373641968, -1.5399515628814697, 0.523036539554596, 0.7886954545974731, -0.2600838541984558, 0.20749697089195251, 0.520942211151123, 0.4916684329509735, -0.6969956159591675, 0.5464279651641846, 0.5235956907272339, -0.19587835669517517, 0.0005941912531852722, -1.377814769744873, 0.4957357347011566, 0.1337500512599945, -1.027956485748291, -0.1931784749031067, 0.43940269947052, 0.5105792880058289, 0.42609673738479614, 0.3582540452480316, -0.21962913870811462, -0.865795373916626, 0.5659624934196472, 0.5754544734954834, -1.3741445541381836, -0.09770017862319946, 0.19713681936264038, -0.06579269468784332, -0.4819064736366272, 0.12011890113353729, -0.09594128280878067, 0.5906710028648376, -0.2184906005859375, -0.5719658136367798, -1.0373914241790771, -0.364263117313385, -0.037459805607795715, -0.8166581392288208, -0.371799111366272, -1.2767678499221802, -0.6764583587646484, -0.6073907017707825, -0.24499225616455078, -0.43756887316703796, -2.4942245483398438, 0.28131547570228577, -0.4930844008922577, 0.5099031925201416, 1.3601967096328735, 0.0837474837899208, 0.13068747520446777, -0.19312669336795807, -1.0488903522491455, -0.23501881957054138, 0.09359393268823624, -0.7942766547203064, -0.47477346658706665, -0.2950362265110016, 0.3934207558631897, 0.508685290813446, -0.369695246219635, 0.20742173492908478, 0.4576038122177124, 0.28754597902297974, -0.834694504737854, -1.5517935752868652, 1.1946933269500732, 0.46060502529144287, 0.0921887457370758, -1.5992381572723389, -2.050825595855713, 1.4820635318756104, 0.016481921076774597, -0.6313082575798035, -0.1371956616640091, 0.8505825400352478, -1.4825118780136108, -1.1585017442703247, 0.4920061230659485, 0.8240209817886353, 0.08988702297210693, -0.5753099918365479, 0.8114643692970276, 0.017887704074382782, 0.03623880445957184, -1.4260460138320923, -0.6077477335929871, -1.3093760013580322, 0.7060419321060181, 0.7214109897613525, 0.6901597380638123, 0.2537521719932556, -0.7104646563529968, 1.205201268196106, 0.06580033898353577, -0.7862727046012878, 0.4104798138141632, 0.24571079015731812, -0.16434507071971893, -0.41427475214004517, -0.624382734298706, 1.5809897184371948, -0.1313389092683792, 0.45773476362228394, -0.16531169414520264, -0.13170932233333588, -0.6273193955421448, 0.0561789944767952, 1.0329177379608154, -0.5223221182823181, -1.1437108516693115, 0.6416288614273071, -0.5327794551849365, 0.19647245109081268, -0.7800991535186768, -0.15516585111618042, 0.2858527898788452, 0.314736008644104, 0.06241682916879654, -0.45157676935195923, -0.6858875155448914, 0.27100878953933716, -1.0095289945602417, 0.17036519944667816, -1.2985998392105103, 0.01059616357088089, -0.5210208296775818, 0.21350738406181335, -0.3069254755973816, 0.17995771765708923, -0.2844812273979187, 0.12414607405662537, -0.1619422435760498, -0.8393033146858215, 0.8064042925834656, -0.3759183883666992, -0.568932294845581, -0.30552077293395996, -0.9846900701522827, -1.0976166725158691, 0.28460633754730225, 0.5836879014968872, -0.7212226986885071, -0.030129238963127136, 0.036793023347854614, 0.21690617501735687, 0.7500540614128113, 1.180389404296875, 0.587962806224823, -0.09367154538631439, 1.028760313987732, 0.7286303639411926, 0.7604389190673828, -1.3108261823654175, -1.160845398902893, -2.1364426612854004, 0.023354586213827133, 0.6276505589485168, -1.677694320678711, 0.621109127998352, -1.272282600402832, -0.009574107825756073, -0.7564653158187866, 0.034791331738233566, 0.017164239659905434, -0.8666978478431702, 0.43187493085861206, 1.1137160062789917, -0.5599724054336548, -0.5235906839370728, 0.8083958625793457, 1.1702219247817993, -1.1127883195877075, 0.48280778527259827, 1.0815914869308472, -0.2980550527572632, 0.5323852896690369, 1.0400439500808716, 1.2769993543624878, -1.283845067024231, 1.4804108142852783, 1.1957985162734985, -0.7110984921455383, -0.027321171015501022, 0.006990004330873489, -0.18730062246322632, -0.3506738543510437, -0.31294557452201843, -0.2261117398738861, -0.5255323648452759, -0.09388723969459534, -0.20336852967739105, 0.36432725191116333, -1.2680160999298096, 0.15038661658763885, 0.3976422846317291, -0.40223729610443115, 0.4348946809768677, -0.0509386770427227, -0.937697172164917, -0.8908274173736572, -0.5215917825698853, -1.0324180126190186, 1.1303701400756836, -0.326273649930954, 0.9531072378158569, -1.2934755086898804, 0.025035884231328964, -0.5612106323242188, -0.04319070279598236, 0.4625968933105469, 0.8742963075637817, -0.9560123085975647, -0.30711260437965393, -0.5206310153007507, 0.5179824233055115, 0.21257393062114716, -0.1352521926164627, -0.2673065662384033, -0.690162181854248, 0.8037577867507935, 0.6704826951026917, -1.0248254537582397, 0.39244312047958374, -1.3288618326187134, -0.004857979714870453, 1.0803742408752441, -0.650216281414032, -0.16833971440792084, -0.27190878987312317, -0.10813829302787781, -0.19505012035369873, -0.7008099555969238, 0.3625074028968811, 0.7047602534294128, -0.133793905377388, -0.5553482174873352, -1.2645328044891357, 0.17720413208007812, -0.2867632210254669, 0.5811582803726196, 0.46011683344841003, -0.9371527433395386, 0.2362726777791977, -0.366205632686615, -1.3311794996261597, 0.2807765305042267, -0.08555431663990021, -0.11355382204055786, 0.23935024440288544, -0.38595885038375854, 0.04609598591923714, 0.366446852684021, -0.8610454201698303, -0.4214037358760834, -0.9278558492660522, 0.6149770021438599, 0.0029608532786369324, 1.228953242301941, -1.3756734132766724, 0.3478814363479614, 1.5251270532608032, 1.0406489372253418, 0.5746647119522095, -1.531482458114624, 0.6189375519752502, -0.5252172946929932, -0.06666597723960876, 1.6679917573928833, 1.48764967918396, 0.018333982676267624, -1.0567697286605835, -0.4167574346065521, 0.2957538366317749, 0.09130223095417023, -0.3761998116970062, -0.005567463114857674, -1.0202285051345825, -1.6569539308547974, -0.6968495845794678, -0.26132524013519287, 1.4318088293075562, -0.8673333525657654, 0.7726425528526306, -0.6438679099082947, -0.7698051929473877, 1.5148380994796753, -0.03422445058822632, 1.2316864728927612, -1.6108893156051636, 1.189182996749878, -0.5066245794296265, -1.4485782384872437, 0.3050362169742584, 0.6264687776565552, 1.5519921779632568, 1.4809304475784302, 1.471481442451477, 0.674261212348938, 0.2051372528076172, -1.0948928594589233, 0.1333061158657074, 1.3466874361038208, -0.5064734816551208]"
26,2,تعيين,emmp,"مويه با تت دان
0

وزارة الرى

قرا ررق م/ ‎١1‏ )

ا وزيز ال ددبي
بناء على احكام القانون رقم/ 1 1/ لعام ‎١87‏
‏وعلى احكام القانون الاساسي للمعاطين في الد ولةرقدم / ‎/١‏ لمام م8١‏
يعلى القانون رقم/ ‎٠١‏ / لعام 1 ‎١‏ المتضن احدداث مد يريات الرى العامة
وعلى قرار رئاسة مجلس الوزراء رقم/ 2+2 / تاريخ -ا ‎١182/١/١١‏
‏الى ل الج سه الاين يس +

يق----رر مابلدرلي ل

يعين السيد هيثم احمد خضور الحائز على شهادة الا جازة في المندسة المدانية من

باد اوت
جامعة حلب لعام 127-71 ‎١‏ بوظيفة مهند س من الفثة الا ولى في وزارة الارى -.
مد يرية الرى العاءة لحوض الساحل - فرع طرطوس بأجر شهرى مقطوع قد ره/ ‎٠‏ 1 11/
ل . س وظيفة مضافة حكما لملاك وزارة الندرى *
مادة ؟- . تصرف اجور الموما اليع وتعويضاته من اعتماد ات وزارة الى - مد يرية ية الرئ القاسسة

مادة ‎+٠‏ ما هدا الرا ول ‏ ا السقا ادناه ‎٠‏
‏د شق في اع / ‎١١7‏ الاحقام.ء-

وزير اللل-درى

ن /د
و م ل ل
الجيا: التركزى للرقابة المالية مع الا وراق اليه ٍ
وزارة المالية للنشر ‏ الادارية - الاستيات :ٍ 1 0 ب ا
مديرية الرى العاءة لحوض الساحل ‏ صاحب الملاقة ا اال ا ايا
السيدة سد رو عايدت ‏ اظ 3

ند اج عل

ل ‎١‏
‏ب -

ب
ا : لوا

ب ب تيد","[-0.5572493672370911, 1.4214049577713013, 1.312567949295044, -0.8099094033241272, 0.1645263135433197, 0.02984219789505005, 0.16884984076023102, 0.8641257286071777, -0.35950660705566406, -0.22401657700538635, -0.06389876455068588, 0.011969193816184998, -0.6136580109596252, -0.2843822240829468, 0.003557339310646057, 0.8922012448310852, 1.3873693943023682, 0.6668277978897095, -0.011148512363433838, 0.011989712715148926, 0.6220579147338867, -0.8143711090087891, 0.12082989513874054, 0.19751331210136414, 0.3658409118652344, -0.1567697823047638, -0.9878466129302979, -0.11677264422178268, 0.36505889892578125, 0.6597863435745239, 0.14179959893226624, 1.139685869216919, -0.9785987138748169, 0.39194831252098083, -0.5315949320793152, -0.4090871512889862, -1.0074942111968994, 0.9395430684089661, -1.1864067316055298, -0.9266738891601562, -0.7487998008728027, -0.7808459997177124, -0.43577224016189575, -0.39162975549697876, -1.0014941692352295, 0.11523982882499695, 0.3100973069667816, 1.255172610282898, -0.12748941779136658, 1.8036056756973267, -0.9641059041023254, 0.24279716610908508, -0.7072398066520691, -0.4075806736946106, -0.28564566373825073, 1.0999610424041748, 0.6610796451568604, -0.5478914976119995, -1.4330997467041016, -0.8765436410903931, -0.4386815130710602, -0.5527890920639038, -0.21786217391490936, -0.17836901545524597, 0.9334667325019836, 1.1929999589920044, 0.5295103192329407, -1.4756830930709839, -0.254547655582428, 0.08990693092346191, 0.3712528645992279, 0.7036734223365784, -0.06703366339206696, 0.6662353277206421, 0.04316258057951927, -0.5899994373321533, -1.137749195098877, -0.09270001947879791, 0.3954307436943054, 0.8825045228004456, -0.03608591854572296, -0.685554027557373, -0.9073536992073059, -0.27672597765922546, 0.8067610263824463, 0.11410568654537201, 0.5407458543777466, 0.10034721344709396, 1.1967864036560059, 0.18043780326843262, 0.7973471879959106, 0.5412046909332275, -0.26552870869636536, 1.2516965866088867, -0.520859956741333, 0.21677856147289276, -0.39646703004837036, 0.050367385149002075, -0.6770628690719604, 0.5847411751747131, 1.5209821462631226, -0.6148683428764343, 0.9721859097480774, 0.7839100956916809, 0.4208669066429138, 1.5159027576446533, -0.038738369941711426, 0.7483206391334534, -0.5910705924034119, -6.135324001312256, -0.42811357975006104, -0.34272947907447815, 0.2887638211250305, 0.677203893661499, 0.3434777855873108, 0.788030207157135, 1.1532319784164429, -1.129285216331482, -1.0173550844192505, 0.06826850771903992, 0.4538668394088745, -1.1321582794189453, -1.813117265701294, 0.15277305245399475, -1.9413983821868896, 1.4547919034957886, 0.6703888177871704, -0.7240682244300842, -0.24574047327041626, 0.1032801941037178, 1.2716107368469238, -0.6324869990348816, 0.3025527596473694, -0.6805903911590576, 0.5900394916534424, -1.4671707153320312, 0.08686913549900055, -1.5366344451904297, 1.0008970499038696, 1.1026402711868286, 1.0977507829666138, 1.5835453271865845, 1.0606058835983276, -0.9442299604415894, 0.9279956817626953, 0.5545915365219116, -0.02491793781518936, 0.06733712553977966, 0.23947757482528687, 0.403093546628952, 0.2305431365966797, -0.17565135657787323, 0.25693750381469727, -0.1980413794517517, 10.749870300292969, 0.17843471467494965, -0.7888971567153931, -0.19331815838813782, -0.051797524094581604, 1.080796480178833, 0.9456357359886169, 0.7511873245239258, -1.148292899131775, 1.0919594764709473, -0.006883800029754639, -2.216278314590454, -1.0483908653259277, -1.0295716524124146, -0.31644248962402344, 0.16982081532478333, -0.03909355401992798, 0.6782313585281372, 0.42652925848960876, -0.2805081605911255, -0.6773151159286499, 1.1151880025863647, -0.7844566106796265, 0.33500999212265015, -0.8844658732414246, -0.578430712223053, 0.1445063054561615, -0.3388461768627167, -0.4957572817802429, 0.4877810776233673, -0.5099468231201172, -0.46161413192749023, 0.4955577850341797, 0.49908995628356934, 0.7327074408531189, -0.33808112144470215, 0.7461062073707581, 1.5354461669921875, -0.06777217984199524, 0.8883633613586426, -0.3864198923110962, -0.2017498016357422, -1.1927727460861206, 0.28647932410240173, -0.14653223752975464, -0.6037976145744324, 0.3034060597419739, -0.42786073684692383, -0.7896673083305359, 0.3498951196670532, 0.18417391180992126, -0.2842302620410919, -0.5863366723060608, 0.18131735920906067, 0.28367316722869873, -1.8775153160095215, -0.9632118940353394, -0.8033120632171631, -1.2198563814163208, 0.6679509282112122, -0.5009081363677979, -0.7351377010345459, 0.31731268763542175, 0.5212271809577942, -0.5155993700027466, -0.712273359298706, 0.9500362873077393, 1.1944422721862793, -0.3032757639884949, 0.11324843019247055, 1.7169593572616577, -0.7438936829566956, 0.02015254646539688, 0.3724111318588257, -0.23268669843673706, -0.938469648361206, 1.582473874092102, -0.2449267953634262, 0.6796988844871521, 0.33066990971565247, 1.0059010982513428, -0.17889481782913208, -0.579180121421814, 0.7472913861274719, -0.1261855810880661, 0.1361660212278366, 0.4883743226528168, 0.34003469347953796, -0.9566844701766968, -0.7768610715866089, -0.4531466066837311, 0.6189258694648743, -0.39100223779678345, -0.7835824489593506, 0.10342356562614441, 0.1675024777650833, 1.6928420066833496, -0.8722845315933228, -0.6034623384475708, -0.42560240626335144, -1.2780953645706177, 0.4023889899253845, -0.1839759200811386, -0.07330398261547089, 0.28936323523521423, -0.22251439094543457, -0.3219239115715027, 0.6354637145996094, -0.38274893164634705, -0.2160300612449646, 0.002850830554962158, -0.176320880651474, -0.21854710578918457, -0.4319561719894409, -0.5106074810028076, 0.7166896462440491, -0.6503366827964783, 0.11212601512670517, 0.8861249685287476, 0.7246204018592834, -1.822853446006775, -0.5446118116378784, -0.03775674104690552, 0.5020468235015869, -0.24535124003887177, 0.4397870600223541, -0.9568995237350464, -0.9618226289749146, 0.47161993384361267, 0.21296323835849762, 0.7708025574684143, -0.6669079661369324, 0.2969582676887512, 0.22558201849460602, 0.0850304663181305, -0.9372377395629883, 0.3719788193702698, 0.017897598445415497, -0.23719944059848785, -0.36191532015800476, -0.5472543835639954, -0.46868714690208435, 0.815270721912384, -0.5270413160324097, -0.163228839635849, -0.04748118668794632, -0.42314597964286804, -1.5536384582519531, 0.38633251190185547, 1.97329580783844, 0.3615601658821106, -0.6728140115737915, 0.15142148733139038, -1.16707444190979, 0.06836998462677002, -1.1617910861968994, -0.36594122648239136, -0.2846561372280121, -0.7151485085487366, 3.3719022274017334, -0.04872840642929077, 0.7768674492835999, -1.5378642082214355, 0.08017963916063309, 0.6172386407852173, -0.07175928354263306, 0.011199086904525757, -0.2653484046459198, 1.3470088243484497, -0.12709809839725494, 0.733812153339386, -1.1078051328659058, -0.24920988082885742, 0.18172653019428253, 0.6304941773414612, 0.03185179829597473, 0.5996523499488831, 0.6663132905960083, 0.6763802766799927, -0.40222811698913574, 0.44185560941696167, -0.14783599972724915, -0.5928406715393066, 0.17328648269176483, -0.2830365300178528, 0.593773365020752, -0.11722300946712494, -0.9382561445236206, 0.29675912857055664, 0.23157620429992676, 1.043274998664856, 0.47658827900886536, -0.6139575242996216, -1.5228826999664307, 0.10810551047325134, 0.3818298578262329, -0.8770627975463867, -0.4671538770198822, 0.5100115537643433, 0.6746804118156433, -1.0566051006317139, 0.39506593346595764, 0.02214546874165535, 1.1052449941635132, 0.7056640982627869, -0.3831838369369507, -0.5848504304885864, 0.8403971195220947, -0.6957119703292847, -0.47912830114364624, 0.14255303144454956, -0.03576582670211792, -0.6101229786872864, 0.17467130720615387, -0.24993810057640076, -1.373146414756775, -1.6470967531204224, 0.8623347878456116, -0.1084943413734436, -0.2470092475414276, 0.39738893508911133, 0.27021467685699463, -0.32805150747299194, -1.5824635028839111, -0.28739768266677856, -0.8285441398620605, -1.1539180278778076, -0.025388501584529877, -0.263007789850235, -0.21895432472229004, 1.1861473321914673, -1.0778995752334595, 1.3197213411331177, -0.7427904009819031, -0.3996369540691376, 0.4755403399467468, -0.16241279244422913, -0.06959323585033417, 0.2976034879684448, -0.4447609782218933, -0.7695792317390442, 0.4016990661621094, -1.3994355201721191, -0.6696979999542236, -0.19445861876010895, 0.959682285785675, -0.4069971442222595, 0.34691986441612244, -1.2193541526794434, 0.8206212520599365, 0.6868399381637573, -0.378957599401474, -0.31218352913856506, -0.18365971744060516, 0.78098464012146, 0.3870944380760193, 1.5059609413146973, 0.45960694551467896, 0.006177917122840881, -0.1468469202518463, 0.1345100998878479, -0.007605388760566711, -0.7914497256278992, 0.022828899323940277, 0.5727307200431824, 0.4202171862125397, -0.29223495721817017, 1.514791488647461, -0.8734710216522217, -0.6314785480499268, 1.5453104972839355, -0.6949051022529602, -0.07682210206985474, -0.3668205142021179, 0.7100526094436646, -0.6762255430221558, -0.4916253685951233, -0.6551339626312256, -1.1628899574279785, -0.19075751304626465, -0.2403978407382965, -0.11758488416671753, 0.6661992073059082, 0.4413686692714691, -1.7035155296325684, -1.214009404182434, 0.2875223457813263, 0.5161645412445068, 0.3199755847454071, -0.6607279777526855, -0.09907791018486023, 0.012996986508369446, -0.35033729672431946, -1.1194185018539429, 0.5533424019813538, 0.5147176384925842, -0.777620792388916, 0.5446752905845642, 0.2820277810096741, -0.9575536847114563, 0.24238401651382446, -0.7893534898757935, 0.16685150563716888, -0.8836329579353333, -0.6026343107223511, 0.004663750529289246, 0.5562156438827515, -1.2943323850631714, 1.2049835920333862, 1.2796944379806519, -0.0877617746591568, 0.21228939294815063, 0.7738337516784668, -0.8462927937507629, -0.5672771334648132, -0.5426586866378784, 0.6778656840324402, 0.6850904226303101, 0.4591536521911621, -0.2182382047176361, 0.6887556910514832, 0.18305057287216187, -0.42204615473747253, -1.0048850774765015, 0.4964725971221924, -0.5724480152130127, 0.05948317050933838, -1.4675490856170654, -0.005250953137874603, -0.25007155537605286, 0.7282037138938904, -1.5597896575927734, 0.3624953627586365, -0.004168093204498291, 0.6121664643287659, 0.9289858937263489, -0.11530347168445587, -0.10310246050357819, -0.17458690702915192, -1.4695956707000732, -0.886262059211731, 0.13089367747306824, 0.5486183762550354, -1.3436360359191895, -0.4168059229850769, 0.19852882623672485, 0.11514738202095032, 1.7722288370132446, 0.2296229749917984, -0.03427353501319885, -0.06453832983970642, 1.6489038467407227, 0.04047664254903793, -1.2668532133102417, 0.5981557369232178, -0.6479156613349915, -1.000931739807129, -0.7219288349151611, 0.7114410996437073, -0.037828296422958374, -0.07631929218769073, -0.07563062012195587, 0.3611562252044678, 0.2993764281272888, -1.0570266246795654, -0.19688622653484344, -1.347557783126831, -0.5704571008682251, -0.5563513040542603, 0.1354372799396515, 0.7427302598953247, -0.06539720296859741, -0.38427889347076416, -0.6420426964759827, 0.3073292374610901, 0.6861451864242554, 0.5001512169837952, 0.4394979178905487, 0.2274225354194641, -0.32071083784103394, 0.39772549271583557, 0.44060733914375305, 0.3669833540916443, -0.4590085744857788, -0.27282941341400146, 2.159513235092163, 0.012385934591293335, 0.8633975386619568, -0.3754541277885437, -0.17664657533168793, -0.8499793410301208, -1.0544359683990479, -0.8796518445014954, -0.5214425921440125, -0.8017312288284302, -0.3249948024749756, 0.07360001653432846, -0.9515895843505859, -1.7521523237228394, -0.538463294506073, -0.35948604345321655, -0.6873236298561096, 0.19843538105487823, -0.5465106964111328, 1.144336462020874, 0.4726479649543762, 0.4508165419101715, -0.17414388060569763, 0.4366489350795746, -0.8167175054550171, 0.2164454609155655, 0.7477436065673828, -1.6432678699493408, 0.13259804248809814, 0.6180494427680969, 0.3286210298538208, 0.8685277104377747, 0.4609422981739044, 0.6308168172836304, 0.9846924543380737, 2.0904698371887207, 0.678074836730957, -1.1292195320129395, -0.1136234700679779, -0.4565621614456177, -0.9488433599472046, -0.5977829694747925, 0.9021437764167786, -0.43031924962997437, 0.7484073042869568, -0.5095456838607788, 0.1297496110200882, -0.1497838795185089, -0.4242146611213684, -0.10996321588754654, -1.500669002532959, 0.6018671989440918, -2.8123109340667725, 0.16459563374519348, 1.2253179550170898, -0.6548330187797546, 0.3285902738571167, 0.7840349674224854, 0.6262732744216919, 0.0012427493929862976, 0.3476238548755646, 0.6686465740203857, -0.676648736000061, -0.24245423078536987, -1.3524702787399292, 0.5022484064102173, 0.06847462058067322, -0.7282633185386658, -0.6229434013366699, -0.26004907488822937, 0.6027182340621948, 0.1909743994474411, -0.05203207582235336, -1.0899052619934082, -0.3048486113548279, 0.5336996912956238, 0.12507951259613037, -1.6086959838867188, -0.12864939868450165, 0.5144262909889221, -0.22010615468025208, -0.04367734491825104, 0.3317055106163025, 0.13937312364578247, 0.5460605025291443, -0.49503862857818604, -0.8533470630645752, -0.5458918213844299, -0.7503470182418823, 0.011667996644973755, 0.30976468324661255, -0.9639710783958435, -1.5984162092208862, -0.29263418912887573, -0.7344599366188049, -1.0357986688613892, 0.17535391449928284, -1.7524302005767822, 0.11199408769607544, -0.5546807050704956, -0.14740169048309326, 1.4425755739212036, 0.3036135733127594, -0.3788496255874634, 0.5461134314537048, -1.0117450952529907, -0.05057341605424881, 0.8363694548606873, -0.7819861173629761, -0.3706929087638855, -0.0314779058098793, -0.6263671517372131, 0.08930034935474396, 0.2481646090745926, -0.40803074836730957, 0.10432040691375732, 0.16708889603614807, -0.3063333332538605, -0.7386902570724487, 0.9420624375343323, 0.7995151877403259, 0.24246928095817566, -0.9394921064376831, -1.2841192483901978, 1.2539929151535034, -0.20625463128089905, -0.2276686728000641, -0.3099374771118164, 0.48181816935539246, -1.0398454666137695, -1.2256584167480469, 0.5658815503120422, 1.1106524467468262, -0.04456964135169983, -0.030296146869659424, 0.6907864809036255, 0.8648819327354431, -0.7164345979690552, -1.7248214483261108, 0.13219915330410004, -1.4970993995666504, 0.02904609590768814, 0.8887396454811096, 0.866098165512085, 0.23816142976284027, -0.4000890254974365, 1.3895806074142456, -0.16384583711624146, -0.48227304220199585, 0.8780012726783752, -0.025149747729301453, -0.42859452962875366, 0.4171287417411804, -0.7475056648254395, 1.4672908782958984, -0.27590954303741455, -0.17814239859580994, 0.3732762634754181, -0.3294065594673157, 0.04000981152057648, -0.15248045325279236, 0.6791091561317444, -0.3438042998313904, -0.8953355550765991, 0.6093220114707947, -0.009822019375860691, -0.5652259588241577, -0.5231393575668335, 0.42704570293426514, -0.029219936579465866, 1.148471713066101, -0.6045686602592468, -0.8503673672676086, -0.280001163482666, -0.5116905570030212, -0.993954598903656, 0.3044455647468567, -1.5334463119506836, -0.15491825342178345, -0.2621470093727112, 0.2512381970882416, 0.4946860074996948, 0.535707950592041, -0.6930848360061646, -0.7379074692726135, -0.3367077708244324, -0.5821563601493835, 1.1368218660354614, 0.1686001718044281, -0.6363587975502014, -0.25232577323913574, -1.3318986892700195, -1.598661184310913, -0.41398805379867554, -0.0365900956094265, -1.0067139863967896, 0.38438040018081665, -0.344052255153656, 0.5591530799865723, 1.0804387331008911, 0.27082568407058716, 0.19764648377895355, -0.6263254880905151, 0.847678542137146, 0.12528376281261444, 1.0989311933517456, -0.6789328455924988, -1.4444022178649902, -1.6746630668640137, -0.3461885154247284, 0.4085932970046997, -0.9203438758850098, 0.42766329646110535, -0.5958311557769775, -0.20100544393062592, -1.2646280527114868, 0.30016618967056274, 0.15540693700313568, -1.263666033744812, 0.3913906216621399, 1.2741374969482422, -0.20361420512199402, -0.5165630578994751, 1.1359018087387085, 1.2288708686828613, -0.44789183139801025, 0.03345567733049393, 1.246656894683838, -0.9445959329605103]","[0.9082009196281433, 1.861913800239563, 2.3393290042877197, -2.4025402069091797, 3.159923791885376, 2.5488009452819824, -1.0673513412475586, -0.6959431767463684, -0.39448848366737366, 0.2148921936750412, 0.1468125581741333, -0.7913366556167603, -0.23736420273780823, -1.159630537033081, -0.40160900354385376, -0.6491400003433228, 0.7363671660423279, -2.389059543609619, 0.1150539293885231, 0.7075842618942261, -0.37518179416656494, 1.220041275024414, 0.46276557445526123, -2.230647563934326, -2.3730170726776123, -0.9372149705886841, -1.6146947145462036, 2.5442793369293213, 0.0043725185096263885, 1.5219841003417969, -2.6139323711395264, 0.25796759128570557, -1.073506474494934, 0.3112567365169525, 1.0818735361099243, 0.7445781230926514, -1.3944295644760132, -0.6935970783233643, -0.6405181884765625, 0.654842734336853, -0.011550117284059525, -0.72752445936203, -0.5182200074195862, -0.4545120298862457, 1.4639291763305664, 0.6564384698867798, -1.7033096551895142, -0.07598485797643661, -1.964403510093689, 0.7298213839530945, 2.3123440742492676, -0.7046769261360168, -0.7129281163215637, -1.2600493431091309, 0.20612689852714539, -0.1158696711063385, -1.6358097791671753, 0.14036789536476135, 1.3150274753570557, -1.1071019172668457, -1.0892757177352905, -2.0781517028808594, 0.2124495655298233, -0.6850168108940125, 1.2620769739151, 0.8394055366516113, -1.7577574253082275, 0.5816670656204224, -0.9528900980949402, -2.5371711254119873, 0.5676560997962952, -0.48549652099609375, -0.18491411209106445, 0.37395066022872925, -0.8706883788108826, -0.06781426072120667, 0.5269858241081238, -1.5931401252746582, -0.9409146904945374, -1.7315632104873657, 1.018446922302246, 0.3894849121570587, 2.1277315616607666, -2.6953346729278564, 1.2097147703170776, 3.0396316051483154, 1.5236473083496094, 0.8596035838127136, -2.3663158416748047, 0.9289712905883789, -1.0983667373657227, 0.2672182321548462, 2.6012070178985596, 2.460636615753174, -0.6288838982582092, -2.0140199661254883, -0.6166720986366272, 0.8745205402374268, 0.14172004163265228, -0.4765903949737549, -0.48224490880966187, -2.0594217777252197, -3.51377010345459, -2.0204317569732666, -0.0017160624265670776, 2.8157143592834473, -1.596494197845459, 1.8288997411727905, -1.3026330471038818, -0.3642948269844055, 3.3265466690063477, -0.5904634594917297, 2.137523651123047, -3.485837697982788, 2.3413760662078857, -0.045396462082862854, -2.6614441871643066, 0.4881216585636139, 0.9668149948120117, 2.7527573108673096, 2.4916741847991943, 2.6949422359466553, 0.9290370941162109, -0.2867644727230072, -1.7369641065597534, -0.308381050825119, 2.385085344314575, -0.8336188197135925]","[-0.5572493672370911, 1.4214049577713013, 1.312567949295044, -0.8099094033241272, 0.1645263135433197, 0.02984219789505005, 0.16884984076023102, 0.8641257286071777, -0.35950660705566406, -0.22401657700538635, -0.06389876455068588, 0.011969193816184998, -0.6136580109596252, -0.2843822240829468, 0.003557339310646057, 0.8922012448310852, 1.3873693943023682, 0.6668277978897095, -0.011148512363433838, 0.011989712715148926, 0.6220579147338867, -0.8143711090087891, 0.12082989513874054, 0.19751331210136414, 0.3658409118652344, -0.1567697823047638, -0.9878466129302979, -0.11677264422178268, 0.36505889892578125, 0.6597863435745239, 0.14179959893226624, 1.139685869216919, -0.9785987138748169, 0.39194831252098083, -0.5315949320793152, -0.4090871512889862, -1.0074942111968994, 0.9395430684089661, -1.1864067316055298, -0.9266738891601562, -0.7487998008728027, -0.7808459997177124, -0.43577224016189575, -0.39162975549697876, -1.0014941692352295, 0.11523982882499695, 0.3100973069667816, 1.255172610282898, -0.12748941779136658, 1.8036056756973267, -0.9641059041023254, 0.24279716610908508, -0.7072398066520691, -0.4075806736946106, -0.28564566373825073, 1.0999610424041748, 0.6610796451568604, -0.5478914976119995, -1.4330997467041016, -0.8765436410903931, -0.4386815130710602, -0.5527890920639038, -0.21786217391490936, -0.17836901545524597, 0.9334667325019836, 1.1929999589920044, 0.5295103192329407, -1.4756830930709839, -0.254547655582428, 0.08990693092346191, 0.3712528645992279, 0.7036734223365784, -0.06703366339206696, 0.6662353277206421, 0.04316258057951927, -0.5899994373321533, -1.137749195098877, -0.09270001947879791, 0.3954307436943054, 0.8825045228004456, -0.03608591854572296, -0.685554027557373, -0.9073536992073059, -0.27672597765922546, 0.8067610263824463, 0.11410568654537201, 0.5407458543777466, 0.10034721344709396, 1.1967864036560059, 0.18043780326843262, 0.7973471879959106, 0.5412046909332275, -0.26552870869636536, 1.2516965866088867, -0.520859956741333, 0.21677856147289276, -0.39646703004837036, 0.050367385149002075, -0.6770628690719604, 0.5847411751747131, 1.5209821462631226, -0.6148683428764343, 0.9721859097480774, 0.7839100956916809, 0.4208669066429138, 1.5159027576446533, -0.038738369941711426, 0.7483206391334534, -0.5910705924034119, -6.135324001312256, -0.42811357975006104, -0.34272947907447815, 0.2887638211250305, 0.677203893661499, 0.3434777855873108, 0.788030207157135, 1.1532319784164429, -1.129285216331482, -1.0173550844192505, 0.06826850771903992, 0.4538668394088745, -1.1321582794189453, -1.813117265701294, 0.15277305245399475, -1.9413983821868896, 1.4547919034957886, 0.6703888177871704, -0.7240682244300842, -0.24574047327041626, 0.1032801941037178, 1.2716107368469238, -0.6324869990348816, 0.3025527596473694, -0.6805903911590576, 0.5900394916534424, -1.4671707153320312, 0.08686913549900055, -1.5366344451904297, 1.0008970499038696, 1.1026402711868286, 1.0977507829666138, 1.5835453271865845, 1.0606058835983276, -0.9442299604415894, 0.9279956817626953, 0.5545915365219116, -0.02491793781518936, 0.06733712553977966, 0.23947757482528687, 0.403093546628952, 0.2305431365966797, -0.17565135657787323, 0.25693750381469727, -0.1980413794517517, 10.749870300292969, 0.17843471467494965, -0.7888971567153931, -0.19331815838813782, -0.051797524094581604, 1.080796480178833, 0.9456357359886169, 0.7511873245239258, -1.148292899131775, 1.0919594764709473, -0.006883800029754639, -2.216278314590454, -1.0483908653259277, -1.0295716524124146, -0.31644248962402344, 0.16982081532478333, -0.03909355401992798, 0.6782313585281372, 0.42652925848960876, -0.2805081605911255, -0.6773151159286499, 1.1151880025863647, -0.7844566106796265, 0.33500999212265015, -0.8844658732414246, -0.578430712223053, 0.1445063054561615, -0.3388461768627167, -0.4957572817802429, 0.4877810776233673, -0.5099468231201172, -0.46161413192749023, 0.4955577850341797, 0.49908995628356934, 0.7327074408531189, -0.33808112144470215, 0.7461062073707581, 1.5354461669921875, -0.06777217984199524, 0.8883633613586426, -0.3864198923110962, -0.2017498016357422, -1.1927727460861206, 0.28647932410240173, -0.14653223752975464, -0.6037976145744324, 0.3034060597419739, -0.42786073684692383, -0.7896673083305359, 0.3498951196670532, 0.18417391180992126, -0.2842302620410919, -0.5863366723060608, 0.18131735920906067, 0.28367316722869873, -1.8775153160095215, -0.9632118940353394, -0.8033120632171631, -1.2198563814163208, 0.6679509282112122, -0.5009081363677979, -0.7351377010345459, 0.31731268763542175, 0.5212271809577942, -0.5155993700027466, -0.712273359298706, 0.9500362873077393, 1.1944422721862793, -0.3032757639884949, 0.11324843019247055, 1.7169593572616577, -0.7438936829566956, 0.02015254646539688, 0.3724111318588257, -0.23268669843673706, -0.938469648361206, 1.582473874092102, -0.2449267953634262, 0.6796988844871521, 0.33066990971565247, 1.0059010982513428, -0.17889481782913208, -0.579180121421814, 0.7472913861274719, -0.1261855810880661, 0.1361660212278366, 0.4883743226528168, 0.34003469347953796, -0.9566844701766968, -0.7768610715866089, -0.4531466066837311, 0.6189258694648743, -0.39100223779678345, -0.7835824489593506, 0.10342356562614441, 0.1675024777650833, 1.6928420066833496, -0.8722845315933228, -0.6034623384475708, -0.42560240626335144, -1.2780953645706177, 0.4023889899253845, -0.1839759200811386, -0.07330398261547089, 0.28936323523521423, -0.22251439094543457, -0.3219239115715027, 0.6354637145996094, -0.38274893164634705, -0.2160300612449646, 0.002850830554962158, -0.176320880651474, -0.21854710578918457, -0.4319561719894409, -0.5106074810028076, 0.7166896462440491, -0.6503366827964783, 0.11212601512670517, 0.8861249685287476, 0.7246204018592834, -1.822853446006775, -0.5446118116378784, -0.03775674104690552, 0.5020468235015869, -0.24535124003887177, 0.4397870600223541, -0.9568995237350464, -0.9618226289749146, 0.47161993384361267, 0.21296323835849762, 0.7708025574684143, -0.6669079661369324, 0.2969582676887512, 0.22558201849460602, 0.0850304663181305, -0.9372377395629883, 0.3719788193702698, 0.017897598445415497, -0.23719944059848785, -0.36191532015800476, -0.5472543835639954, -0.46868714690208435, 0.815270721912384, -0.5270413160324097, -0.163228839635849, -0.04748118668794632, -0.42314597964286804, -1.5536384582519531, 0.38633251190185547, 1.97329580783844, 0.3615601658821106, -0.6728140115737915, 0.15142148733139038, -1.16707444190979, 0.06836998462677002, -1.1617910861968994, -0.36594122648239136, -0.2846561372280121, -0.7151485085487366, 3.3719022274017334, -0.04872840642929077, 0.7768674492835999, -1.5378642082214355, 0.08017963916063309, 0.6172386407852173, -0.07175928354263306, 0.011199086904525757, -0.2653484046459198, 1.3470088243484497, -0.12709809839725494, 0.733812153339386, -1.1078051328659058, -0.24920988082885742, 0.18172653019428253, 0.6304941773414612, 0.03185179829597473, 0.5996523499488831, 0.6663132905960083, 0.6763802766799927, -0.40222811698913574, 0.44185560941696167, -0.14783599972724915, -0.5928406715393066, 0.17328648269176483, -0.2830365300178528, 0.593773365020752, -0.11722300946712494, -0.9382561445236206, 0.29675912857055664, 0.23157620429992676, 1.043274998664856, 0.47658827900886536, -0.6139575242996216, -1.5228826999664307, 0.10810551047325134, 0.3818298578262329, -0.8770627975463867, -0.4671538770198822, 0.5100115537643433, 0.6746804118156433, -1.0566051006317139, 0.39506593346595764, 0.02214546874165535, 1.1052449941635132, 0.7056640982627869, -0.3831838369369507, -0.5848504304885864, 0.8403971195220947, -0.6957119703292847, -0.47912830114364624, 0.14255303144454956, -0.03576582670211792, -0.6101229786872864, 0.17467130720615387, -0.24993810057640076, -1.373146414756775, -1.6470967531204224, 0.8623347878456116, -0.1084943413734436, -0.2470092475414276, 0.39738893508911133, 0.27021467685699463, -0.32805150747299194, -1.5824635028839111, -0.28739768266677856, -0.8285441398620605, -1.1539180278778076, -0.025388501584529877, -0.263007789850235, -0.21895432472229004, 1.1861473321914673, -1.0778995752334595, 1.3197213411331177, -0.7427904009819031, -0.3996369540691376, 0.4755403399467468, -0.16241279244422913, -0.06959323585033417, 0.2976034879684448, -0.4447609782218933, -0.7695792317390442, 0.4016990661621094, -1.3994355201721191, -0.6696979999542236, -0.19445861876010895, 0.959682285785675, -0.4069971442222595, 0.34691986441612244, -1.2193541526794434, 0.8206212520599365, 0.6868399381637573, -0.378957599401474, -0.31218352913856506, -0.18365971744060516, 0.78098464012146, 0.3870944380760193, 1.5059609413146973, 0.45960694551467896, 0.006177917122840881, -0.1468469202518463, 0.1345100998878479, -0.007605388760566711, -0.7914497256278992, 0.022828899323940277, 0.5727307200431824, 0.4202171862125397, -0.29223495721817017, 1.514791488647461, -0.8734710216522217, -0.6314785480499268, 1.5453104972839355, -0.6949051022529602, -0.07682210206985474, -0.3668205142021179, 0.7100526094436646, -0.6762255430221558, -0.4916253685951233, -0.6551339626312256, -1.1628899574279785, -0.19075751304626465, -0.2403978407382965, -0.11758488416671753, 0.6661992073059082, 0.4413686692714691, -1.7035155296325684, -1.214009404182434, 0.2875223457813263, 0.5161645412445068, 0.3199755847454071, -0.6607279777526855, -0.09907791018486023, 0.012996986508369446, -0.35033729672431946, -1.1194185018539429, 0.5533424019813538, 0.5147176384925842, -0.777620792388916, 0.5446752905845642, 0.2820277810096741, -0.9575536847114563, 0.24238401651382446, -0.7893534898757935, 0.16685150563716888, -0.8836329579353333, -0.6026343107223511, 0.004663750529289246, 0.5562156438827515, -1.2943323850631714, 1.2049835920333862, 1.2796944379806519, -0.0877617746591568, 0.21228939294815063, 0.7738337516784668, -0.8462927937507629, -0.5672771334648132, -0.5426586866378784, 0.6778656840324402, 0.6850904226303101, 0.4591536521911621, -0.2182382047176361, 0.6887556910514832, 0.18305057287216187, -0.42204615473747253, -1.0048850774765015, 0.4964725971221924, -0.5724480152130127, 0.05948317050933838, -1.4675490856170654, -0.005250953137874603, -0.25007155537605286, 0.7282037138938904, -1.5597896575927734, 0.3624953627586365, -0.004168093204498291, 0.6121664643287659, 0.9289858937263489, -0.11530347168445587, -0.10310246050357819, -0.17458690702915192, -1.4695956707000732, -0.886262059211731, 0.13089367747306824, 0.5486183762550354, -1.3436360359191895, -0.4168059229850769, 0.19852882623672485, 0.11514738202095032, 1.7722288370132446, 0.2296229749917984, -0.03427353501319885, -0.06453832983970642, 1.6489038467407227, 0.04047664254903793, -1.2668532133102417, 0.5981557369232178, -0.6479156613349915, -1.000931739807129, -0.7219288349151611, 0.7114410996437073, -0.037828296422958374, -0.07631929218769073, -0.07563062012195587, 0.3611562252044678, 0.2993764281272888, -1.0570266246795654, -0.19688622653484344, -1.347557783126831, -0.5704571008682251, -0.5563513040542603, 0.1354372799396515, 0.7427302598953247, -0.06539720296859741, -0.38427889347076416, -0.6420426964759827, 0.3073292374610901, 0.6861451864242554, 0.5001512169837952, 0.4394979178905487, 0.2274225354194641, -0.32071083784103394, 0.39772549271583557, 0.44060733914375305, 0.3669833540916443, -0.4590085744857788, -0.27282941341400146, 2.159513235092163, 0.012385934591293335, 0.8633975386619568, -0.3754541277885437, -0.17664657533168793, -0.8499793410301208, -1.0544359683990479, -0.8796518445014954, -0.5214425921440125, -0.8017312288284302, -0.3249948024749756, 0.07360001653432846, -0.9515895843505859, -1.7521523237228394, -0.538463294506073, -0.35948604345321655, -0.6873236298561096, 0.19843538105487823, -0.5465106964111328, 1.144336462020874, 0.4726479649543762, 0.4508165419101715, -0.17414388060569763, 0.4366489350795746, -0.8167175054550171, 0.2164454609155655, 0.7477436065673828, -1.6432678699493408, 0.13259804248809814, 0.6180494427680969, 0.3286210298538208, 0.8685277104377747, 0.4609422981739044, 0.6308168172836304, 0.9846924543380737, 2.0904698371887207, 0.678074836730957, -1.1292195320129395, -0.1136234700679779, -0.4565621614456177, -0.9488433599472046, -0.5977829694747925, 0.9021437764167786, -0.43031924962997437, 0.7484073042869568, -0.5095456838607788, 0.1297496110200882, -0.1497838795185089, -0.4242146611213684, -0.10996321588754654, -1.500669002532959, 0.6018671989440918, -2.8123109340667725, 0.16459563374519348, 1.2253179550170898, -0.6548330187797546, 0.3285902738571167, 0.7840349674224854, 0.6262732744216919, 0.0012427493929862976, 0.3476238548755646, 0.6686465740203857, -0.676648736000061, -0.24245423078536987, -1.3524702787399292, 0.5022484064102173, 0.06847462058067322, -0.7282633185386658, -0.6229434013366699, -0.26004907488822937, 0.6027182340621948, 0.1909743994474411, -0.05203207582235336, -1.0899052619934082, -0.3048486113548279, 0.5336996912956238, 0.12507951259613037, -1.6086959838867188, -0.12864939868450165, 0.5144262909889221, -0.22010615468025208, -0.04367734491825104, 0.3317055106163025, 0.13937312364578247, 0.5460605025291443, -0.49503862857818604, -0.8533470630645752, -0.5458918213844299, -0.7503470182418823, 0.011667996644973755, 0.30976468324661255, -0.9639710783958435, -1.5984162092208862, -0.29263418912887573, -0.7344599366188049, -1.0357986688613892, 0.17535391449928284, -1.7524302005767822, 0.11199408769607544, -0.5546807050704956, -0.14740169048309326, 1.4425755739212036, 0.3036135733127594, -0.3788496255874634, 0.5461134314537048, -1.0117450952529907, -0.05057341605424881, 0.8363694548606873, -0.7819861173629761, -0.3706929087638855, -0.0314779058098793, -0.6263671517372131, 0.08930034935474396, 0.2481646090745926, -0.40803074836730957, 0.10432040691375732, 0.16708889603614807, -0.3063333332538605, -0.7386902570724487, 0.9420624375343323, 0.7995151877403259, 0.24246928095817566, -0.9394921064376831, -1.2841192483901978, 1.2539929151535034, -0.20625463128089905, -0.2276686728000641, -0.3099374771118164, 0.48181816935539246, -1.0398454666137695, -1.2256584167480469, 0.5658815503120422, 1.1106524467468262, -0.04456964135169983, -0.030296146869659424, 0.6907864809036255, 0.8648819327354431, -0.7164345979690552, -1.7248214483261108, 0.13219915330410004, -1.4970993995666504, 0.02904609590768814, 0.8887396454811096, 0.866098165512085, 0.23816142976284027, -0.4000890254974365, 1.3895806074142456, -0.16384583711624146, -0.48227304220199585, 0.8780012726783752, -0.025149747729301453, -0.42859452962875366, 0.4171287417411804, -0.7475056648254395, 1.4672908782958984, -0.27590954303741455, -0.17814239859580994, 0.3732762634754181, -0.3294065594673157, 0.04000981152057648, -0.15248045325279236, 0.6791091561317444, -0.3438042998313904, -0.8953355550765991, 0.6093220114707947, -0.009822019375860691, -0.5652259588241577, -0.5231393575668335, 0.42704570293426514, -0.029219936579465866, 1.148471713066101, -0.6045686602592468, -0.8503673672676086, -0.280001163482666, -0.5116905570030212, -0.993954598903656, 0.3044455647468567, -1.5334463119506836, -0.15491825342178345, -0.2621470093727112, 0.2512381970882416, 0.4946860074996948, 0.535707950592041, -0.6930848360061646, -0.7379074692726135, -0.3367077708244324, -0.5821563601493835, 1.1368218660354614, 0.1686001718044281, -0.6363587975502014, -0.25232577323913574, -1.3318986892700195, -1.598661184310913, -0.41398805379867554, -0.0365900956094265, -1.0067139863967896, 0.38438040018081665, -0.344052255153656, 0.5591530799865723, 1.0804387331008911, 0.27082568407058716, 0.19764648377895355, -0.6263254880905151, 0.847678542137146, 0.12528376281261444, 1.0989311933517456, -0.6789328455924988, -1.4444022178649902, -1.6746630668640137, -0.3461885154247284, 0.4085932970046997, -0.9203438758850098, 0.42766329646110535, -0.5958311557769775, -0.20100544393062592, -1.2646280527114868, 0.30016618967056274, 0.15540693700313568, -1.263666033744812, 0.3913906216621399, 1.2741374969482422, -0.20361420512199402, -0.5165630578994751, 1.1359018087387085, 1.2288708686828613, -0.44789183139801025, 0.03345567733049393, 1.246656894683838, -0.9445959329605103, 0.9082009196281433, 1.861913800239563, 2.3393290042877197, -2.4025402069091797, 3.159923791885376, 2.5488009452819824, -1.0673513412475586, -0.6959431767463684, -0.39448848366737366, 0.2148921936750412, 0.1468125581741333, -0.7913366556167603, -0.23736420273780823, -1.159630537033081, -0.40160900354385376, -0.6491400003433228, 0.7363671660423279, -2.389059543609619, 0.1150539293885231, 0.7075842618942261, -0.37518179416656494, 1.220041275024414, 0.46276557445526123, -2.230647563934326, -2.3730170726776123, -0.9372149705886841, -1.6146947145462036, 2.5442793369293213, 0.0043725185096263885, 1.5219841003417969, -2.6139323711395264, 0.25796759128570557, -1.073506474494934, 0.3112567365169525, 1.0818735361099243, 0.7445781230926514, -1.3944295644760132, -0.6935970783233643, -0.6405181884765625, 0.654842734336853, -0.011550117284059525, -0.72752445936203, -0.5182200074195862, -0.4545120298862457, 1.4639291763305664, 0.6564384698867798, -1.7033096551895142, -0.07598485797643661, -1.964403510093689, 0.7298213839530945, 2.3123440742492676, -0.7046769261360168, -0.7129281163215637, -1.2600493431091309, 0.20612689852714539, -0.1158696711063385, -1.6358097791671753, 0.14036789536476135, 1.3150274753570557, -1.1071019172668457, -1.0892757177352905, -2.0781517028808594, 0.2124495655298233, -0.6850168108940125, 1.2620769739151, 0.8394055366516113, -1.7577574253082275, 0.5816670656204224, -0.9528900980949402, -2.5371711254119873, 0.5676560997962952, -0.48549652099609375, -0.18491411209106445, 0.37395066022872925, -0.8706883788108826, -0.06781426072120667, 0.5269858241081238, -1.5931401252746582, -0.9409146904945374, -1.7315632104873657, 1.018446922302246, 0.3894849121570587, 2.1277315616607666, -2.6953346729278564, 1.2097147703170776, 3.0396316051483154, 1.5236473083496094, 0.8596035838127136, -2.3663158416748047, 0.9289712905883789, -1.0983667373657227, 0.2672182321548462, 2.6012070178985596, 2.460636615753174, -0.6288838982582092, -2.0140199661254883, -0.6166720986366272, 0.8745205402374268, 0.14172004163265228, -0.4765903949737549, -0.48224490880966187, -2.0594217777252197, -3.51377010345459, -2.0204317569732666, -0.0017160624265670776, 2.8157143592834473, -1.596494197845459, 1.8288997411727905, -1.3026330471038818, -0.3642948269844055, 3.3265466690063477, -0.5904634594917297, 2.137523651123047, -3.485837697982788, 2.3413760662078857, -0.045396462082862854, -2.6614441871643066, 0.4881216585636139, 0.9668149948120117, 2.7527573108673096, 2.4916741847991943, 2.6949422359466553, 0.9290370941162109, -0.2867644727230072, -1.7369641065597534, -0.308381050825119, 2.385085344314575, -0.8336188197135925]"
27,2,تعيين,emmp,"وار الحو _ مده مرق 2 قم ل
وار رقم / ‎""7١١‏ م
وزيبر الرى
وعلى احكام القانون رقم /71آ""7/1 لعام و4٠‏
وعلى دار رئاآسة مجلس الوزراء رقم ]...©/ تاريخ 57/7 ‎١‏ المتشمن قرز الممندسين الميكاثويكييم ؛
المتخ.دحين من جامعة تشرين نتيجة الدورة التكميلبية للعام الدراسى 1 ل 111437
وعلى احداث شار في الملااف
وعلى احكام القانون رثم / ‎١١‏ / لعام حي 1 ‎١!‏
‏نماكة أت يعين السيد سامى سمير ندور الحائز على شاحدة ٌ لاجازة في البندسة الميحاتيكية ص وزارة الري ب مديرية الرىي العامة
و الال يوطيفة معندس ميكانيك مسن الفكة الاولى وبأجر شري مقطلوع قدره / ‎1٠‏ 7 /ل مس وليفة حدثة
مادة ‎١‏ تصرف أجهر الموما اليه من اجتماحدات ونارة السوى -- مسجرة ارس العامة لوث الساحجل على الينث ""71
من الباب ص١‏ /
مادة .1 ينشسر جا القوار ويبلمسعٌ مسن يلزم اتتفي_-ستقة و
ميا ف 7 167 60
""0 حاب الاغارة ِ
يب ا : ل 2

: : 0 ع ا

َ مص ب ور حي
ف 2 الل ا الام
دح اح حا تدا ل ود الل عو وا ا أ ا احلا ا 1
صو أ

الجياز المركزى للرقابة الحالية مع ! لاوراق اقطسة ‏ ل رح 0 0
وزارة النالية للنفسر - الادارية - التأمينات جا
دامء الرى العامة لحوتى الساجل عدد/76/- ‎٠‏ 0 0

عاحبة العلاقة - السيدة سنس حافك ‎٠‏ كد رسن","[-0.16035065054893494, 1.5274689197540283, 0.9646830558776855, -0.6642141342163086, 0.7619757652282715, -0.10137158632278442, 0.13961657881736755, 0.8394579291343689, -0.9346051216125488, -0.1379709243774414, -0.028608668595552444, 0.07631835341453552, -0.8424882888793945, -0.1450631022453308, -0.37631964683532715, 0.3164048492908478, 0.711021900177002, 0.6362823247909546, 0.2137002795934677, 0.261445015668869, 1.283539891242981, -0.8940181732177734, -0.09403730928897858, 0.3344675302505493, 0.1978003829717636, -0.3075653910636902, -0.6306860446929932, -0.4866991341114044, 0.4618341326713562, 0.441940575838089, 1.0310194492340088, 1.2173689603805542, -0.9374918937683105, 0.6743053793907166, -1.0200408697128296, -0.9866580963134766, -0.8610238432884216, 1.1721673011779785, -0.8195056319236755, -0.7056769132614136, -0.14317135512828827, -1.1839734315872192, -0.42066138982772827, -0.0036281198263168335, -1.355609655380249, 0.2887847423553467, 0.16720935702323914, 1.4170180559158325, -0.16690543293952942, 1.3291655778884888, -1.055599331855774, 0.46315282583236694, -0.09392831474542618, -0.39915794134140015, -0.29308897256851196, 0.8200956583023071, 0.0681949108839035, -0.6247459053993225, -1.1877201795578003, -0.4596962332725525, -1.1298558712005615, -0.39206045866012573, -0.8024749755859375, -0.33265870809555054, 0.7443063259124756, 0.06117209792137146, -0.0700777918100357, -1.4037669897079468, -0.10623430460691452, -0.15766096115112305, -0.07692015916109085, 0.15142704546451569, -0.00717848539352417, 0.8691796660423279, 0.04915795847773552, -0.7791851162910461, -0.9744471311569214, 0.433707594871521, -0.08671076595783234, 0.5169752240180969, 0.004902847111225128, -0.1877538412809372, -0.6850118637084961, -0.22258582711219788, 0.7499204277992249, 0.4215044379234314, 0.7018021941184998, 0.08066659420728683, 0.2409367561340332, 0.27378377318382263, 1.136451244354248, 0.739919900894165, -0.6906620860099792, 0.8916422724723816, -0.4444791078567505, -0.21325837075710297, -0.39682039618492126, -0.07986904680728912, -0.8176138997077942, 0.3533586859703064, 1.0507055521011353, -0.5822257995605469, 0.8624990582466125, 0.740790843963623, 0.6788557767868042, 0.6424405574798584, -0.49791648983955383, 0.4111937880516052, -0.28628647327423096, -6.028933048248291, -0.09268897771835327, -0.31282633543014526, 0.5704682469367981, 0.861798882484436, 0.25602662563323975, 0.38013139367103577, 0.6341301798820496, -0.8287749886512756, -0.22478941082954407, -0.022779464721679688, 0.8135007619857788, -0.7850971221923828, -1.8354651927947998, -0.21139149367809296, -1.6424953937530518, 1.1738560199737549, 0.6641246676445007, -0.43992868065834045, -0.2608312964439392, -0.37018752098083496, 1.1465089321136475, 0.0073598697781562805, 0.14191646873950958, -0.8477780818939209, 1.0685209035873413, -1.3196063041687012, 0.044784337282180786, -0.9583335518836975, 0.8143970966339111, 1.1786738634109497, 1.1105462312698364, 1.8701339960098267, 0.48376500606536865, -0.8148204684257507, 0.7561231851577759, 0.43763092160224915, 0.02907499484717846, -0.4662390351295471, 0.30732208490371704, 0.08846478909254074, 0.31756144762039185, -0.438016802072525, 0.23609508574008942, -0.13744617998600006, 11.303264617919922, 0.1583503782749176, -0.45421719551086426, 0.04811851680278778, -0.05157880857586861, 1.1457808017730713, 0.7566108107566833, 0.18069343268871307, -0.7704969048500061, 1.3096988201141357, -0.12740294635295868, -1.6283247470855713, -1.1835603713989258, -0.9964572191238403, -0.7187883257865906, 0.23499822616577148, -0.16643157601356506, 0.29093730449676514, 0.406439870595932, -0.4337390959262848, -0.2707461714744568, 0.8643173575401306, -1.0975956916809082, 0.015971273183822632, -0.8888778686523438, -0.15600642561912537, 0.507206916809082, -0.7738775014877319, -0.3728465437889099, 1.509484052658081, -0.838606595993042, -0.4292754828929901, 0.937151312828064, 0.10890673100948334, 1.253843903541565, -0.16570812463760376, 0.9936556220054626, 1.5543557405471802, 0.17990536987781525, 1.0202993154525757, -0.5608355402946472, -0.20744812488555908, -0.7506392598152161, 0.5136985778808594, 0.2625122368335724, -0.11334706842899323, -0.12871111929416656, -0.5422617197036743, -0.30286234617233276, -0.22048379480838776, 0.11371982097625732, -0.17837372422218323, 0.1097206324338913, 0.4345465302467346, -0.1528913974761963, -1.5926294326782227, -0.852185845375061, -0.9053235054016113, -1.5264520645141602, 0.5990828275680542, -0.40860652923583984, 0.24480339884757996, 0.13234959542751312, 0.7004914879798889, -0.7007014155387878, -1.1971344947814941, 0.09133820980787277, 0.5395113229751587, -0.1552731692790985, 0.03834490478038788, 2.16770339012146, -0.613636314868927, -0.4705052375793457, 0.34664303064346313, -0.6507570147514343, -0.644193172454834, 1.1526521444320679, 0.0824844092130661, 1.1174802780151367, -0.16967181861400604, 0.8962228894233704, -0.38364890217781067, -0.5358365774154663, 0.257171630859375, 0.02386731468141079, 0.28899091482162476, 0.13998322188854218, 0.7814189195632935, -0.7288575172424316, -0.7906769514083862, -0.3782413601875305, 0.9014584422111511, -0.41608524322509766, -0.955411970615387, -0.6319651007652283, 0.09529174864292145, 1.414656400680542, -0.8271758556365967, -0.24425354599952698, -0.3403254747390747, -0.6215698719024658, 0.9355512261390686, -0.4730076491832733, 0.833348274230957, 0.6785929799079895, -0.14062856137752533, 0.39278680086135864, 0.563093364238739, -0.6603844165802002, -0.24487468600273132, -0.03281101584434509, 0.2714698016643524, -0.1300085186958313, -0.25097933411598206, -0.672175407409668, 0.5178706645965576, -0.7227078676223755, 0.913496196269989, 0.8887498378753662, 0.5704580545425415, -1.5436344146728516, -0.4314554035663605, 0.5089656114578247, 0.33268967270851135, -0.35880929231643677, 0.3942249119281769, -0.49177443981170654, -1.2867807149887085, -0.055909693241119385, 0.18039311468601227, 1.1969621181488037, -0.6395133137702942, 0.260527104139328, 0.11617226898670197, 0.18508389592170715, -0.7001679539680481, -0.04682767391204834, 0.19454368948936462, 0.014842091128230095, -0.9227049350738525, -0.878179132938385, -0.47297385334968567, 1.3259596824645996, -0.6163723468780518, 0.6480215191841125, 0.12709400057792664, -0.48048484325408936, -1.3769370317459106, 0.5344608426094055, 2.198056697845459, 0.8420788049697876, -0.9162214994430542, 0.2469690591096878, -1.07198965549469, -0.7326194047927856, -1.4145128726959229, -0.3578956723213196, -0.7507479786872864, -0.8271175622940063, 3.261295795440674, -0.46612033247947693, 0.4059634506702423, -0.6162856817245483, -0.05856383964419365, 0.6707267761230469, 0.06211505085229874, 0.049539804458618164, -0.3757525384426117, 1.4889769554138184, -0.2632937431335449, 0.4248034954071045, -1.4455502033233643, -0.016726374626159668, -0.15333282947540283, 0.9617484211921692, -0.219300776720047, 0.4723382890224457, 0.5024821758270264, 0.5463960766792297, -0.7344872355461121, 0.15377289056777954, -0.1497647762298584, -0.08724834024906158, 0.4173055589199066, -0.257293701171875, 0.6176015734672546, -0.8838648200035095, -0.3483329117298126, 1.0501599311828613, 0.35768410563468933, 0.6273244619369507, 0.44542407989501953, -0.8000553846359253, -1.4866665601730347, 0.01897294819355011, 0.20902663469314575, -0.5944579243659973, -0.47388336062431335, 0.29234933853149414, -0.05191899836063385, -1.3643839359283447, 0.6866801381111145, -0.3205524682998657, 1.304216980934143, 0.98866868019104, -0.9265815615653992, -1.1209137439727783, 0.5003160834312439, -0.596896767616272, -0.9675015211105347, 0.2495853453874588, -0.9447929263114929, -0.3215148448944092, 0.4660395383834839, -0.5775687098503113, -0.8627370595932007, -1.6835074424743652, 1.0942074060440063, 0.5112408995628357, 0.4666382670402527, 0.3588942587375641, 0.2770286798477173, -0.5828092098236084, -1.0814566612243652, -0.06866714358329773, -1.0378164052963257, -0.4425410330295563, 0.40754929184913635, -0.6555075645446777, 0.6031996011734009, 1.7358187437057495, -0.8529132008552551, 1.4790384769439697, -0.5836932063102722, -0.317901611328125, 0.7671275734901428, -0.13879352807998657, -0.4748765826225281, -0.4862227439880371, -0.5410239100456238, -1.1503007411956787, 0.4723970890045166, -1.0024126768112183, -0.48941153287887573, -0.36959338188171387, 0.5733392238616943, 0.5040448307991028, 0.32020214200019836, -1.1866674423217773, 0.6911300420761108, 1.2230825424194336, -0.6477681994438171, 0.13493621349334717, -0.30569058656692505, 0.49847954511642456, -0.013906523585319519, 1.2228868007659912, 0.4927210211753845, 0.12200790643692017, -0.13821440935134888, 0.4428984224796295, 0.03888828307390213, -0.49771589040756226, -0.46043360233306885, 0.5279454588890076, 0.73317551612854, 0.10439576208591461, 1.058979868888855, -0.9271513223648071, -0.6499752998352051, 1.3726228475570679, -1.2356456518173218, -0.5411290526390076, -0.7635930776596069, 1.3228081464767456, -0.682880699634552, -0.7479602098464966, -0.6061722040176392, -0.6299150586128235, -0.4390729069709778, -0.5418131351470947, -0.43960443139076233, 0.9413821697235107, 0.9324765801429749, -2.3636832237243652, -1.2442383766174316, 0.14925043284893036, 0.8723174929618835, 0.298450767993927, -0.3361119329929352, -0.18842315673828125, 0.01569409668445587, -0.5707044005393982, -1.3653253316879272, 0.5233602523803711, 0.6059942841529846, 0.03277641534805298, 0.4974078834056854, 0.7219390273094177, -0.7679859399795532, 0.08693265169858932, -0.35306257009506226, 0.04983994737267494, -0.47821012139320374, -0.6220064759254456, 0.46764588356018066, 0.44147077202796936, -1.4032378196716309, 0.641270637512207, 1.647657871246338, -0.2162671983242035, 0.3632720708847046, 1.0258452892303467, -0.5442945957183838, -0.8687501549720764, -0.47740137577056885, 0.25353410840034485, 0.330746054649353, 0.5122204422950745, -0.1771988868713379, 0.5683356523513794, -0.23726075887680054, -0.3609648644924164, -1.1366668939590454, -0.03028465062379837, -0.6615356802940369, -0.28451985120773315, -1.2185653448104858, -0.2297428548336029, -0.2007436752319336, 0.19916510581970215, -0.6010711789131165, 0.47973012924194336, 0.09046328067779541, 0.3219391107559204, 0.44754037261009216, -0.25115156173706055, -0.4227907657623291, -0.4515343904495239, -0.8061345219612122, -0.5506398677825928, 0.7157180309295654, 0.8296854496002197, -1.1120091676712036, -0.47771894931793213, 0.32152867317199707, -0.05292971432209015, 1.8473888635635376, -0.016787711530923843, -0.17626230418682098, -0.10869552195072174, 1.7098478078842163, -0.32834041118621826, -0.8448539972305298, 0.9366350769996643, -0.381780743598938, -0.9642083644866943, -0.7618945240974426, 0.4302207827568054, -0.12790295481681824, -0.08799337595701218, 0.4695456027984619, 0.8151618838310242, 0.33517003059387207, -0.8480958342552185, -0.5793046951293945, -1.3391377925872803, -0.5523682236671448, -0.17144644260406494, 0.01636383682489395, 0.710486650466919, -0.32969173789024353, -0.6805419921875, 0.14956897497177124, 0.04935123026371002, 0.5223577618598938, 0.25092294812202454, 0.4927838146686554, 0.4111635386943817, 0.17086732387542725, 0.47603294253349304, 0.4734027683734894, 0.11581272631883621, -0.5313268303871155, -0.14284470677375793, 2.1169726848602295, 0.19659441709518433, 0.291064590215683, -0.7558558583259583, -0.07232171297073364, -0.9626172184944153, -1.1216073036193848, -0.9233932495117188, -0.8973948955535889, -0.9358941912651062, 0.12489081919193268, 0.012074358761310577, -0.7391011118888855, -1.9716813564300537, -0.2942635118961334, -0.6570972204208374, -0.07676279544830322, 0.6400195360183716, -0.5877414345741272, 0.8199551701545715, 0.2952526807785034, 0.45897620916366577, 0.06563230603933334, 1.0085126161575317, 0.08288277685642242, 0.269115149974823, 0.6769772171974182, -1.3628994226455688, 0.12422577291727066, -0.2618826627731323, 0.2566390335559845, 0.906741738319397, 0.022430621087551117, 0.7348642349243164, 0.8111480474472046, 1.1076147556304932, 1.0760934352874756, -1.172582745552063, -0.574754536151886, -0.0674651488661766, -0.9431328773498535, -0.5765828490257263, 0.7089008688926697, -0.6142677068710327, 0.23289096355438232, -0.38108453154563904, 0.1768987774848938, -0.12475131452083588, -0.5458670258522034, -0.2078680694103241, -1.160926103591919, 0.24725040793418884, -2.9255990982055664, 0.570214569568634, 1.0379422903060913, -0.5814712047576904, 0.3256283700466156, 0.6332859992980957, 0.24151122570037842, -0.09257368743419647, -0.05184811353683472, 1.1060267686843872, -0.3461250960826874, -0.26495423913002014, -1.2854256629943848, 0.7235464453697205, -0.0542948842048645, -1.0158004760742188, -0.16408348083496094, -0.23001956939697266, 0.4177369177341461, 0.6380729675292969, -0.09377522021532059, -1.2618869543075562, -0.3039925694465637, 0.5203844308853149, 0.21697406470775604, -1.2070144414901733, 0.1153804361820221, 0.5476963520050049, 0.1498415321111679, 0.15136216580867767, 0.3207249939441681, 0.6145411729812622, 0.9030202627182007, -0.2234051525592804, -0.44858092069625854, -0.9496777057647705, -0.5963327288627625, -0.5229154229164124, -0.29619383811950684, -0.6320822238922119, -1.450320839881897, -0.3137955665588379, -0.7071607112884521, -0.7461161017417908, -0.6538038849830627, -1.947790265083313, -0.27238771319389343, -0.11443983018398285, -0.07422995567321777, 1.8118385076522827, 0.23110578954219818, -0.5289545655250549, 0.8628360629081726, -1.1286321878433228, -0.07587001472711563, 0.915793240070343, -1.371444821357727, -0.541022002696991, -0.49514248967170715, -0.5681126713752747, -0.06065697968006134, -0.40320008993148804, -0.43764060735702515, 0.10488776862621307, 0.13572406768798828, -0.9280390739440918, -0.926937460899353, 0.6630001664161682, 1.0269992351531982, 0.37418118119239807, -1.1311523914337158, -1.212026596069336, 0.9785507917404175, 0.13412372767925262, -0.04368206113576889, -0.6828211545944214, 0.27707475423812866, -0.781376838684082, -1.139873743057251, 0.17701013386249542, 0.9773983955383301, -0.15394985675811768, -0.8296923637390137, 0.7263965606689453, 0.06472323834896088, -0.6224241852760315, -2.2296359539031982, -0.5064672827720642, -1.1588149070739746, 0.6644870042800903, 0.587523877620697, 0.7487338185310364, 0.6598201990127563, -0.4080997705459595, 1.4888761043548584, 0.166889950633049, -0.3274828791618347, 1.036222219467163, 0.14322149753570557, 0.4299279451370239, -0.13222762942314148, -0.19210577011108398, 1.5703574419021606, -0.22819267213344574, 0.4614437222480774, 0.17875097692012787, -0.443223237991333, -0.09588295221328735, 0.12327978760004044, 1.2137327194213867, -0.8735131621360779, -0.9894704222679138, 0.8764539957046509, 0.10294649749994278, -0.42741626501083374, -0.811881422996521, 0.09209409356117249, -0.37241241335868835, 1.165421724319458, -0.1697472184896469, -0.6531660556793213, 0.23270954191684723, -0.3481748700141907, -0.5368512272834778, -0.02148500457406044, -1.5701655149459839, -0.21299013495445251, -0.44048401713371277, 0.2202327698469162, 0.4160531163215637, 0.673096776008606, -0.5301898121833801, -0.1396830976009369, 0.14816385507583618, -0.54430091381073, 0.8234661817550659, 0.37087491154670715, -0.7622388601303101, 0.19735705852508545, -1.3431248664855957, -1.267055630683899, -0.09389635920524597, -0.7232815027236938, -1.0278276205062866, 0.09159022569656372, -0.3192902207374573, 0.1722179651260376, 0.4585261642932892, 0.7496697902679443, 0.6575709581375122, -0.5862091779708862, 0.9729565978050232, 0.09620058536529541, 1.0031015872955322, -0.7924025058746338, -1.4140040874481201, -1.0030829906463623, 0.0573507584631443, 0.303232878446579, -1.377785325050354, 0.2640626132488251, -0.4873998761177063, -0.27562522888183594, -1.8368128538131714, 0.06289397180080414, 0.01851586066186428, -1.5903741121292114, 0.07488606125116348, 1.3423537015914917, -0.3291415572166443, -0.5078217387199402, 1.0508430004119873, 1.0632737874984741, -0.5352577567100525, -0.0848483294248581, 1.2042176723480225, -0.9901140928268433]","[0.7841090559959412, 1.7923004627227783, 2.2746388912200928, -2.1275787353515625, 2.8481433391571045, 2.3559772968292236, -1.0073187351226807, -0.6912035346031189, -0.24179218709468842, 0.19052283465862274, 0.0773964673280716, -0.6951035857200623, -0.35883232951164246, -1.0553728342056274, -0.24923434853553772, -0.6155312061309814, 0.5996765494346619, -2.3723673820495605, 0.12842796742916107, 0.6616982221603394, -0.43516695499420166, 1.0289812088012695, 0.42285171151161194, -1.9670767784118652, -2.070727825164795, -0.7841237187385559, -1.6079076528549194, 2.3240671157836914, 0.04447371885180473, 1.335418462753296, -2.396787405014038, 0.0981120765209198, -0.948527455329895, 0.20405040681362152, 0.9069821834564209, 0.7045051455497742, -1.3686861991882324, -0.5407722592353821, -0.6549463868141174, 0.5907500982284546, 0.1245822161436081, -0.6884503364562988, -0.6050843596458435, -0.34039026498794556, 1.3723925352096558, 0.7431309819221497, -1.643323302268982, 0.025855250656604767, -1.8885174989700317, 0.7507146596908569, 2.1020264625549316, -0.6936112642288208, -0.6869359612464905, -1.0954970121383667, 0.16319052875041962, -0.14822378754615784, -1.453033685684204, 0.05045314133167267, 1.3664336204528809, -0.9456604719161987, -1.0283119678497314, -2.08577561378479, 0.24773411452770233, -0.5100297927856445, 1.1279830932617188, 0.8669319152832031, -1.9935394525527954, 0.5729516744613647, -0.9396395683288574, -2.4010019302368164, 0.5071907043457031, -0.3847061097621918, -0.30838823318481445, 0.14564235508441925, -0.7184889912605286, -0.02021728828549385, 0.43462392687797546, -1.4478498697280884, -0.819397509098053, -1.6618995666503906, 1.0722919702529907, 0.361144483089447, 1.9383426904678345, -2.3967013359069824, 1.0666711330413818, 2.8471977710723877, 1.473099946975708, 0.9519405961036682, -2.2453441619873047, 0.8174949884414673, -0.8521524667739868, 0.17896391451358795, 2.278076648712158, 2.285767078399658, -0.5686634182929993, -2.0035901069641113, -0.572888195514679, 0.7921589612960815, 0.01960013434290886, -0.6016186475753784, -0.5503052473068237, -2.022702932357788, -3.229300022125244, -1.809592366218567, -0.2240920513868332, 2.581507444381714, -1.5137161016464233, 1.7599245309829712, -1.1929837465286255, -0.29584312438964844, 2.9841670989990234, -0.5373305082321167, 2.19869327545166, -3.134166717529297, 2.098331928253174, -0.1439720094203949, -2.6400678157806396, 0.36178067326545715, 0.9094018936157227, 2.5840189456939697, 2.457458257675171, 2.493659734725952, 1.0005584955215454, -0.3998311460018158, -1.5940157175064087, -0.12114108353853226, 2.264415740966797, -0.8797224164009094]","[-0.16035065054893494, 1.5274689197540283, 0.9646830558776855, -0.6642141342163086, 0.7619757652282715, -0.10137158632278442, 0.13961657881736755, 0.8394579291343689, -0.9346051216125488, -0.1379709243774414, -0.028608668595552444, 0.07631835341453552, -0.8424882888793945, -0.1450631022453308, -0.37631964683532715, 0.3164048492908478, 0.711021900177002, 0.6362823247909546, 0.2137002795934677, 0.261445015668869, 1.283539891242981, -0.8940181732177734, -0.09403730928897858, 0.3344675302505493, 0.1978003829717636, -0.3075653910636902, -0.6306860446929932, -0.4866991341114044, 0.4618341326713562, 0.441940575838089, 1.0310194492340088, 1.2173689603805542, -0.9374918937683105, 0.6743053793907166, -1.0200408697128296, -0.9866580963134766, -0.8610238432884216, 1.1721673011779785, -0.8195056319236755, -0.7056769132614136, -0.14317135512828827, -1.1839734315872192, -0.42066138982772827, -0.0036281198263168335, -1.355609655380249, 0.2887847423553467, 0.16720935702323914, 1.4170180559158325, -0.16690543293952942, 1.3291655778884888, -1.055599331855774, 0.46315282583236694, -0.09392831474542618, -0.39915794134140015, -0.29308897256851196, 0.8200956583023071, 0.0681949108839035, -0.6247459053993225, -1.1877201795578003, -0.4596962332725525, -1.1298558712005615, -0.39206045866012573, -0.8024749755859375, -0.33265870809555054, 0.7443063259124756, 0.06117209792137146, -0.0700777918100357, -1.4037669897079468, -0.10623430460691452, -0.15766096115112305, -0.07692015916109085, 0.15142704546451569, -0.00717848539352417, 0.8691796660423279, 0.04915795847773552, -0.7791851162910461, -0.9744471311569214, 0.433707594871521, -0.08671076595783234, 0.5169752240180969, 0.004902847111225128, -0.1877538412809372, -0.6850118637084961, -0.22258582711219788, 0.7499204277992249, 0.4215044379234314, 0.7018021941184998, 0.08066659420728683, 0.2409367561340332, 0.27378377318382263, 1.136451244354248, 0.739919900894165, -0.6906620860099792, 0.8916422724723816, -0.4444791078567505, -0.21325837075710297, -0.39682039618492126, -0.07986904680728912, -0.8176138997077942, 0.3533586859703064, 1.0507055521011353, -0.5822257995605469, 0.8624990582466125, 0.740790843963623, 0.6788557767868042, 0.6424405574798584, -0.49791648983955383, 0.4111937880516052, -0.28628647327423096, -6.028933048248291, -0.09268897771835327, -0.31282633543014526, 0.5704682469367981, 0.861798882484436, 0.25602662563323975, 0.38013139367103577, 0.6341301798820496, -0.8287749886512756, -0.22478941082954407, -0.022779464721679688, 0.8135007619857788, -0.7850971221923828, -1.8354651927947998, -0.21139149367809296, -1.6424953937530518, 1.1738560199737549, 0.6641246676445007, -0.43992868065834045, -0.2608312964439392, -0.37018752098083496, 1.1465089321136475, 0.0073598697781562805, 0.14191646873950958, -0.8477780818939209, 1.0685209035873413, -1.3196063041687012, 0.044784337282180786, -0.9583335518836975, 0.8143970966339111, 1.1786738634109497, 1.1105462312698364, 1.8701339960098267, 0.48376500606536865, -0.8148204684257507, 0.7561231851577759, 0.43763092160224915, 0.02907499484717846, -0.4662390351295471, 0.30732208490371704, 0.08846478909254074, 0.31756144762039185, -0.438016802072525, 0.23609508574008942, -0.13744617998600006, 11.303264617919922, 0.1583503782749176, -0.45421719551086426, 0.04811851680278778, -0.05157880857586861, 1.1457808017730713, 0.7566108107566833, 0.18069343268871307, -0.7704969048500061, 1.3096988201141357, -0.12740294635295868, -1.6283247470855713, -1.1835603713989258, -0.9964572191238403, -0.7187883257865906, 0.23499822616577148, -0.16643157601356506, 0.29093730449676514, 0.406439870595932, -0.4337390959262848, -0.2707461714744568, 0.8643173575401306, -1.0975956916809082, 0.015971273183822632, -0.8888778686523438, -0.15600642561912537, 0.507206916809082, -0.7738775014877319, -0.3728465437889099, 1.509484052658081, -0.838606595993042, -0.4292754828929901, 0.937151312828064, 0.10890673100948334, 1.253843903541565, -0.16570812463760376, 0.9936556220054626, 1.5543557405471802, 0.17990536987781525, 1.0202993154525757, -0.5608355402946472, -0.20744812488555908, -0.7506392598152161, 0.5136985778808594, 0.2625122368335724, -0.11334706842899323, -0.12871111929416656, -0.5422617197036743, -0.30286234617233276, -0.22048379480838776, 0.11371982097625732, -0.17837372422218323, 0.1097206324338913, 0.4345465302467346, -0.1528913974761963, -1.5926294326782227, -0.852185845375061, -0.9053235054016113, -1.5264520645141602, 0.5990828275680542, -0.40860652923583984, 0.24480339884757996, 0.13234959542751312, 0.7004914879798889, -0.7007014155387878, -1.1971344947814941, 0.09133820980787277, 0.5395113229751587, -0.1552731692790985, 0.03834490478038788, 2.16770339012146, -0.613636314868927, -0.4705052375793457, 0.34664303064346313, -0.6507570147514343, -0.644193172454834, 1.1526521444320679, 0.0824844092130661, 1.1174802780151367, -0.16967181861400604, 0.8962228894233704, -0.38364890217781067, -0.5358365774154663, 0.257171630859375, 0.02386731468141079, 0.28899091482162476, 0.13998322188854218, 0.7814189195632935, -0.7288575172424316, -0.7906769514083862, -0.3782413601875305, 0.9014584422111511, -0.41608524322509766, -0.955411970615387, -0.6319651007652283, 0.09529174864292145, 1.414656400680542, -0.8271758556365967, -0.24425354599952698, -0.3403254747390747, -0.6215698719024658, 0.9355512261390686, -0.4730076491832733, 0.833348274230957, 0.6785929799079895, -0.14062856137752533, 0.39278680086135864, 0.563093364238739, -0.6603844165802002, -0.24487468600273132, -0.03281101584434509, 0.2714698016643524, -0.1300085186958313, -0.25097933411598206, -0.672175407409668, 0.5178706645965576, -0.7227078676223755, 0.913496196269989, 0.8887498378753662, 0.5704580545425415, -1.5436344146728516, -0.4314554035663605, 0.5089656114578247, 0.33268967270851135, -0.35880929231643677, 0.3942249119281769, -0.49177443981170654, -1.2867807149887085, -0.055909693241119385, 0.18039311468601227, 1.1969621181488037, -0.6395133137702942, 0.260527104139328, 0.11617226898670197, 0.18508389592170715, -0.7001679539680481, -0.04682767391204834, 0.19454368948936462, 0.014842091128230095, -0.9227049350738525, -0.878179132938385, -0.47297385334968567, 1.3259596824645996, -0.6163723468780518, 0.6480215191841125, 0.12709400057792664, -0.48048484325408936, -1.3769370317459106, 0.5344608426094055, 2.198056697845459, 0.8420788049697876, -0.9162214994430542, 0.2469690591096878, -1.07198965549469, -0.7326194047927856, -1.4145128726959229, -0.3578956723213196, -0.7507479786872864, -0.8271175622940063, 3.261295795440674, -0.46612033247947693, 0.4059634506702423, -0.6162856817245483, -0.05856383964419365, 0.6707267761230469, 0.06211505085229874, 0.049539804458618164, -0.3757525384426117, 1.4889769554138184, -0.2632937431335449, 0.4248034954071045, -1.4455502033233643, -0.016726374626159668, -0.15333282947540283, 0.9617484211921692, -0.219300776720047, 0.4723382890224457, 0.5024821758270264, 0.5463960766792297, -0.7344872355461121, 0.15377289056777954, -0.1497647762298584, -0.08724834024906158, 0.4173055589199066, -0.257293701171875, 0.6176015734672546, -0.8838648200035095, -0.3483329117298126, 1.0501599311828613, 0.35768410563468933, 0.6273244619369507, 0.44542407989501953, -0.8000553846359253, -1.4866665601730347, 0.01897294819355011, 0.20902663469314575, -0.5944579243659973, -0.47388336062431335, 0.29234933853149414, -0.05191899836063385, -1.3643839359283447, 0.6866801381111145, -0.3205524682998657, 1.304216980934143, 0.98866868019104, -0.9265815615653992, -1.1209137439727783, 0.5003160834312439, -0.596896767616272, -0.9675015211105347, 0.2495853453874588, -0.9447929263114929, -0.3215148448944092, 0.4660395383834839, -0.5775687098503113, -0.8627370595932007, -1.6835074424743652, 1.0942074060440063, 0.5112408995628357, 0.4666382670402527, 0.3588942587375641, 0.2770286798477173, -0.5828092098236084, -1.0814566612243652, -0.06866714358329773, -1.0378164052963257, -0.4425410330295563, 0.40754929184913635, -0.6555075645446777, 0.6031996011734009, 1.7358187437057495, -0.8529132008552551, 1.4790384769439697, -0.5836932063102722, -0.317901611328125, 0.7671275734901428, -0.13879352807998657, -0.4748765826225281, -0.4862227439880371, -0.5410239100456238, -1.1503007411956787, 0.4723970890045166, -1.0024126768112183, -0.48941153287887573, -0.36959338188171387, 0.5733392238616943, 0.5040448307991028, 0.32020214200019836, -1.1866674423217773, 0.6911300420761108, 1.2230825424194336, -0.6477681994438171, 0.13493621349334717, -0.30569058656692505, 0.49847954511642456, -0.013906523585319519, 1.2228868007659912, 0.4927210211753845, 0.12200790643692017, -0.13821440935134888, 0.4428984224796295, 0.03888828307390213, -0.49771589040756226, -0.46043360233306885, 0.5279454588890076, 0.73317551612854, 0.10439576208591461, 1.058979868888855, -0.9271513223648071, -0.6499752998352051, 1.3726228475570679, -1.2356456518173218, -0.5411290526390076, -0.7635930776596069, 1.3228081464767456, -0.682880699634552, -0.7479602098464966, -0.6061722040176392, -0.6299150586128235, -0.4390729069709778, -0.5418131351470947, -0.43960443139076233, 0.9413821697235107, 0.9324765801429749, -2.3636832237243652, -1.2442383766174316, 0.14925043284893036, 0.8723174929618835, 0.298450767993927, -0.3361119329929352, -0.18842315673828125, 0.01569409668445587, -0.5707044005393982, -1.3653253316879272, 0.5233602523803711, 0.6059942841529846, 0.03277641534805298, 0.4974078834056854, 0.7219390273094177, -0.7679859399795532, 0.08693265169858932, -0.35306257009506226, 0.04983994737267494, -0.47821012139320374, -0.6220064759254456, 0.46764588356018066, 0.44147077202796936, -1.4032378196716309, 0.641270637512207, 1.647657871246338, -0.2162671983242035, 0.3632720708847046, 1.0258452892303467, -0.5442945957183838, -0.8687501549720764, -0.47740137577056885, 0.25353410840034485, 0.330746054649353, 0.5122204422950745, -0.1771988868713379, 0.5683356523513794, -0.23726075887680054, -0.3609648644924164, -1.1366668939590454, -0.03028465062379837, -0.6615356802940369, -0.28451985120773315, -1.2185653448104858, -0.2297428548336029, -0.2007436752319336, 0.19916510581970215, -0.6010711789131165, 0.47973012924194336, 0.09046328067779541, 0.3219391107559204, 0.44754037261009216, -0.25115156173706055, -0.4227907657623291, -0.4515343904495239, -0.8061345219612122, -0.5506398677825928, 0.7157180309295654, 0.8296854496002197, -1.1120091676712036, -0.47771894931793213, 0.32152867317199707, -0.05292971432209015, 1.8473888635635376, -0.016787711530923843, -0.17626230418682098, -0.10869552195072174, 1.7098478078842163, -0.32834041118621826, -0.8448539972305298, 0.9366350769996643, -0.381780743598938, -0.9642083644866943, -0.7618945240974426, 0.4302207827568054, -0.12790295481681824, -0.08799337595701218, 0.4695456027984619, 0.8151618838310242, 0.33517003059387207, -0.8480958342552185, -0.5793046951293945, -1.3391377925872803, -0.5523682236671448, -0.17144644260406494, 0.01636383682489395, 0.710486650466919, -0.32969173789024353, -0.6805419921875, 0.14956897497177124, 0.04935123026371002, 0.5223577618598938, 0.25092294812202454, 0.4927838146686554, 0.4111635386943817, 0.17086732387542725, 0.47603294253349304, 0.4734027683734894, 0.11581272631883621, -0.5313268303871155, -0.14284470677375793, 2.1169726848602295, 0.19659441709518433, 0.291064590215683, -0.7558558583259583, -0.07232171297073364, -0.9626172184944153, -1.1216073036193848, -0.9233932495117188, -0.8973948955535889, -0.9358941912651062, 0.12489081919193268, 0.012074358761310577, -0.7391011118888855, -1.9716813564300537, -0.2942635118961334, -0.6570972204208374, -0.07676279544830322, 0.6400195360183716, -0.5877414345741272, 0.8199551701545715, 0.2952526807785034, 0.45897620916366577, 0.06563230603933334, 1.0085126161575317, 0.08288277685642242, 0.269115149974823, 0.6769772171974182, -1.3628994226455688, 0.12422577291727066, -0.2618826627731323, 0.2566390335559845, 0.906741738319397, 0.022430621087551117, 0.7348642349243164, 0.8111480474472046, 1.1076147556304932, 1.0760934352874756, -1.172582745552063, -0.574754536151886, -0.0674651488661766, -0.9431328773498535, -0.5765828490257263, 0.7089008688926697, -0.6142677068710327, 0.23289096355438232, -0.38108453154563904, 0.1768987774848938, -0.12475131452083588, -0.5458670258522034, -0.2078680694103241, -1.160926103591919, 0.24725040793418884, -2.9255990982055664, 0.570214569568634, 1.0379422903060913, -0.5814712047576904, 0.3256283700466156, 0.6332859992980957, 0.24151122570037842, -0.09257368743419647, -0.05184811353683472, 1.1060267686843872, -0.3461250960826874, -0.26495423913002014, -1.2854256629943848, 0.7235464453697205, -0.0542948842048645, -1.0158004760742188, -0.16408348083496094, -0.23001956939697266, 0.4177369177341461, 0.6380729675292969, -0.09377522021532059, -1.2618869543075562, -0.3039925694465637, 0.5203844308853149, 0.21697406470775604, -1.2070144414901733, 0.1153804361820221, 0.5476963520050049, 0.1498415321111679, 0.15136216580867767, 0.3207249939441681, 0.6145411729812622, 0.9030202627182007, -0.2234051525592804, -0.44858092069625854, -0.9496777057647705, -0.5963327288627625, -0.5229154229164124, -0.29619383811950684, -0.6320822238922119, -1.450320839881897, -0.3137955665588379, -0.7071607112884521, -0.7461161017417908, -0.6538038849830627, -1.947790265083313, -0.27238771319389343, -0.11443983018398285, -0.07422995567321777, 1.8118385076522827, 0.23110578954219818, -0.5289545655250549, 0.8628360629081726, -1.1286321878433228, -0.07587001472711563, 0.915793240070343, -1.371444821357727, -0.541022002696991, -0.49514248967170715, -0.5681126713752747, -0.06065697968006134, -0.40320008993148804, -0.43764060735702515, 0.10488776862621307, 0.13572406768798828, -0.9280390739440918, -0.926937460899353, 0.6630001664161682, 1.0269992351531982, 0.37418118119239807, -1.1311523914337158, -1.212026596069336, 0.9785507917404175, 0.13412372767925262, -0.04368206113576889, -0.6828211545944214, 0.27707475423812866, -0.781376838684082, -1.139873743057251, 0.17701013386249542, 0.9773983955383301, -0.15394985675811768, -0.8296923637390137, 0.7263965606689453, 0.06472323834896088, -0.6224241852760315, -2.2296359539031982, -0.5064672827720642, -1.1588149070739746, 0.6644870042800903, 0.587523877620697, 0.7487338185310364, 0.6598201990127563, -0.4080997705459595, 1.4888761043548584, 0.166889950633049, -0.3274828791618347, 1.036222219467163, 0.14322149753570557, 0.4299279451370239, -0.13222762942314148, -0.19210577011108398, 1.5703574419021606, -0.22819267213344574, 0.4614437222480774, 0.17875097692012787, -0.443223237991333, -0.09588295221328735, 0.12327978760004044, 1.2137327194213867, -0.8735131621360779, -0.9894704222679138, 0.8764539957046509, 0.10294649749994278, -0.42741626501083374, -0.811881422996521, 0.09209409356117249, -0.37241241335868835, 1.165421724319458, -0.1697472184896469, -0.6531660556793213, 0.23270954191684723, -0.3481748700141907, -0.5368512272834778, -0.02148500457406044, -1.5701655149459839, -0.21299013495445251, -0.44048401713371277, 0.2202327698469162, 0.4160531163215637, 0.673096776008606, -0.5301898121833801, -0.1396830976009369, 0.14816385507583618, -0.54430091381073, 0.8234661817550659, 0.37087491154670715, -0.7622388601303101, 0.19735705852508545, -1.3431248664855957, -1.267055630683899, -0.09389635920524597, -0.7232815027236938, -1.0278276205062866, 0.09159022569656372, -0.3192902207374573, 0.1722179651260376, 0.4585261642932892, 0.7496697902679443, 0.6575709581375122, -0.5862091779708862, 0.9729565978050232, 0.09620058536529541, 1.0031015872955322, -0.7924025058746338, -1.4140040874481201, -1.0030829906463623, 0.0573507584631443, 0.303232878446579, -1.377785325050354, 0.2640626132488251, -0.4873998761177063, -0.27562522888183594, -1.8368128538131714, 0.06289397180080414, 0.01851586066186428, -1.5903741121292114, 0.07488606125116348, 1.3423537015914917, -0.3291415572166443, -0.5078217387199402, 1.0508430004119873, 1.0632737874984741, -0.5352577567100525, -0.0848483294248581, 1.2042176723480225, -0.9901140928268433, 0.7841090559959412, 1.7923004627227783, 2.2746388912200928, -2.1275787353515625, 2.8481433391571045, 2.3559772968292236, -1.0073187351226807, -0.6912035346031189, -0.24179218709468842, 0.19052283465862274, 0.0773964673280716, -0.6951035857200623, -0.35883232951164246, -1.0553728342056274, -0.24923434853553772, -0.6155312061309814, 0.5996765494346619, -2.3723673820495605, 0.12842796742916107, 0.6616982221603394, -0.43516695499420166, 1.0289812088012695, 0.42285171151161194, -1.9670767784118652, -2.070727825164795, -0.7841237187385559, -1.6079076528549194, 2.3240671157836914, 0.04447371885180473, 1.335418462753296, -2.396787405014038, 0.0981120765209198, -0.948527455329895, 0.20405040681362152, 0.9069821834564209, 0.7045051455497742, -1.3686861991882324, -0.5407722592353821, -0.6549463868141174, 0.5907500982284546, 0.1245822161436081, -0.6884503364562988, -0.6050843596458435, -0.34039026498794556, 1.3723925352096558, 0.7431309819221497, -1.643323302268982, 0.025855250656604767, -1.8885174989700317, 0.7507146596908569, 2.1020264625549316, -0.6936112642288208, -0.6869359612464905, -1.0954970121383667, 0.16319052875041962, -0.14822378754615784, -1.453033685684204, 0.05045314133167267, 1.3664336204528809, -0.9456604719161987, -1.0283119678497314, -2.08577561378479, 0.24773411452770233, -0.5100297927856445, 1.1279830932617188, 0.8669319152832031, -1.9935394525527954, 0.5729516744613647, -0.9396395683288574, -2.4010019302368164, 0.5071907043457031, -0.3847061097621918, -0.30838823318481445, 0.14564235508441925, -0.7184889912605286, -0.02021728828549385, 0.43462392687797546, -1.4478498697280884, -0.819397509098053, -1.6618995666503906, 1.0722919702529907, 0.361144483089447, 1.9383426904678345, -2.3967013359069824, 1.0666711330413818, 2.8471977710723877, 1.473099946975708, 0.9519405961036682, -2.2453441619873047, 0.8174949884414673, -0.8521524667739868, 0.17896391451358795, 2.278076648712158, 2.285767078399658, -0.5686634182929993, -2.0035901069641113, -0.572888195514679, 0.7921589612960815, 0.01960013434290886, -0.6016186475753784, -0.5503052473068237, -2.022702932357788, -3.229300022125244, -1.809592366218567, -0.2240920513868332, 2.581507444381714, -1.5137161016464233, 1.7599245309829712, -1.1929837465286255, -0.29584312438964844, 2.9841670989990234, -0.5373305082321167, 2.19869327545166, -3.134166717529297, 2.098331928253174, -0.1439720094203949, -2.6400678157806396, 0.36178067326545715, 0.9094018936157227, 2.5840189456939697, 2.457458257675171, 2.493659734725952, 1.0005584955215454, -0.3998311460018158, -1.5940157175064087, -0.12114108353853226, 2.264415740966797, -0.8797224164009094]"
28,3,تعيين,emmp,"ا ب اص
ان المدير العا للموكسسة العامة للشب با 5

بناء على احكا المرسى. التشرمعي 0 رم 1/ لعام ‎١٠١6‏
‏ولى احكام المرسي 54؟ لعام 3765 |
""8 5 ا (ساسي لماملين نإ لدوة 5 يلما 0
ا 2 7 ف جح
على حائية د وداحيا ا في أر نل 1

»+ ما ممم د بج يول م3 0

ار

على توفر الاعتماد اللا رتم / ا لأ الس 0

نادة ‎)١‏ يعين على أساس الثالون الاساسي للمافقلين في 0 اليه عد اللطينت تود أحيك
من الجنسية العربية السورية الحائز على شمادة الإجازةٍ في الهبندسة الا لكترونية مسن
جامعة جلبه لعام ‎١147‏ بو اليل ننس في تن ا و ان إشراية راف هرا
مقماوع قدره / ‎١836‏ / ل «س وهو الراتب المعدد في جدول الاجور الملحق بالقانون -
سن 7/1 لعام فخا ‎١‏ القة الأ ولي ومح وتها7 فيا اهم رار .

مادة ؟) تصرف الثقة: التاجمة عن هذا القرارمن موازتة محطة توليد يانياس الحرارية ‏ *
م التسؤول المالي.. 77 المدي را لماي"" . القن لسار
رئاسَة مجلس! لوزراًء خ/حل ونارة م ل رباء 5 2
َ العالية يرسي النشر بعد التأفيزمن الجباز المركرى للركاية النالية

از التركرى للرتابة المالية يرجي التاغير - السجلالمام امود ل جو وات
مد يرية الغا اما ل وال حا د د ائرة الاستخد 0 سجر الديوا 0 العام ا ل با ٍ
ا الال داف العلائ ح مخطة عولد بائياس لاا امد ا ٍ

الوحت ياتا ا سنن

م

عاد اما لخر ارية

7 ا ا > 6 سد
ا 3
321 :7622

0 الا لمعن

أجا

1
وأ

>","[-0.8700810670852661, 0.9855178594589233, 0.5251922607421875, -0.31870555877685547, 0.43707892298698425, 0.08421319723129272, 0.08356305956840515, 0.5884829759597778, -0.5948325395584106, 0.2378634214401245, -0.4605160057544708, -0.08646942675113678, -0.4974760413169861, -0.4111730456352234, -0.08724142611026764, 0.7275086641311646, 1.1934252977371216, 0.8111934661865234, 0.1520715057849884, -0.045734941959381104, 1.0521830320358276, -1.101943850517273, 0.30719998478889465, 0.3442164957523346, 0.016107235103845596, -0.16587242484092712, -0.8175833821296692, -0.14458118379116058, 0.43163543939590454, 0.5342044830322266, 0.3674197196960449, 0.8137243986129761, -0.8883011341094971, 0.36890074610710144, -0.8823442459106445, -0.8776816725730896, -1.3769309520721436, 0.818768322467804, -0.8087883591651917, -0.37567710876464844, -0.07613392174243927, -1.0623360872268677, -0.18538272380828857, -0.32679569721221924, -1.1408888101577759, 0.48649734258651733, 0.5226550102233887, 1.5943773984909058, -0.044314850121736526, 1.5946388244628906, -0.919457197189331, 0.1881764680147171, -0.28330379724502563, -0.2620569169521332, -0.6997004747390747, 1.0561317205429077, 0.47131699323654175, -0.343973845243454, -1.2034330368041992, -0.7802417278289795, -0.4498519003391266, -0.5988144874572754, -0.3542454242706299, -0.23592929542064667, 0.5313488245010376, 0.59725022315979, 0.22989529371261597, -1.317277193069458, -0.10352803766727448, -0.18225102126598358, 0.4551425278186798, 0.07992024719715118, -0.21265462040901184, 0.6700481176376343, 0.197852224111557, -0.9989462494850159, -0.8970702290534973, 0.11703746020793915, 0.16313253343105316, 0.4237438142299652, 0.16730642318725586, -0.716952383518219, -0.42907240986824036, -0.33673152327537537, 0.8229084014892578, -0.35608792304992676, 0.8563619256019592, -0.2617431879043579, 0.4799428880214691, 0.21414318680763245, 1.3425829410552979, 0.7561655640602112, -0.4972515106201172, 0.7093576192855835, -0.6133865118026733, -0.07429370284080505, -0.3179663121700287, -0.3553921580314636, -0.5268137454986572, 0.7685201168060303, 1.2612179517745972, -0.590971052646637, 0.850069522857666, 0.6489512324333191, 0.40086981654167175, 1.1957242488861084, -0.29021602869033813, 0.5390061736106873, -0.14214681088924408, -6.325329780578613, 0.02685871720314026, -0.3508147895336151, -0.17494700849056244, 0.6279215216636658, 0.17497731745243073, 0.6044294238090515, 0.6473186016082764, -1.3585785627365112, -0.732498824596405, 0.07501484453678131, 0.7116231918334961, -1.174250602722168, -1.7811331748962402, 0.14878997206687927, -1.8785057067871094, 0.9701036214828491, 0.8186591863632202, -0.599112331867218, 0.24811117351055145, -0.45100152492523193, 1.5365959405899048, -0.4137999415397644, 0.2712053060531616, -0.6594050526618958, 0.2637752592563629, -1.7185304164886475, 0.6971396803855896, -1.4167351722717285, 0.6982343196868896, 1.059942603111267, 1.1853750944137573, 1.159688115119934, 0.9045351147651672, -0.4065092206001282, 0.8190110921859741, 0.38124775886535645, 0.4079735279083252, -0.49955135583877563, 0.057418517768383026, 0.12237057834863663, -0.2645436227321625, -0.17114344239234924, 0.3515673279762268, 0.4039440155029297, 11.740067481994629, -0.035152532160282135, -0.2175540030002594, -0.5232036709785461, -0.18981647491455078, 0.8575609922409058, 0.8423600196838379, 0.6119552850723267, -0.7381110191345215, 0.6973137855529785, -0.006455406546592712, -2.2665929794311523, -0.9850417971611023, -1.344824194908142, -0.07078403979539871, 0.14188317954540253, 0.3498186469078064, 0.38781869411468506, -0.07639594376087189, -0.22195743024349213, -0.3083813190460205, 1.539352297782898, -0.8691954612731934, 0.24243181943893433, -1.2845515012741089, -0.2712434232234955, 0.7280622720718384, -0.05155235528945923, -0.34570422768592834, 0.3254736065864563, -0.982775092124939, -1.0806301832199097, 0.7479705214500427, 0.7344546318054199, 1.385183334350586, -0.04613664746284485, 1.2962467670440674, 1.3113925457000732, 0.20060385763645172, 0.8672422170639038, -0.5387901663780212, -0.3159588873386383, -0.7636705040931702, 0.5890381932258606, 0.36811357736587524, -0.2636250853538513, -0.1847178339958191, -0.37037399411201477, -0.9034073352813721, -0.1245780736207962, -0.26863008737564087, 0.0318765714764595, -0.445698082447052, 0.06725280731916428, -0.4296654164791107, -1.820023536682129, -0.4855547547340393, -0.19537808001041412, -1.008623480796814, 0.46095308661460876, 0.0736396536231041, -0.43137526512145996, 0.30359554290771484, 0.5252247452735901, -0.5400410294532776, -0.7702580094337463, 0.24055176973342896, 1.1715967655181885, -0.14958854019641876, -0.048229895532131195, 1.1366978883743286, -0.36586034297943115, -0.40326687693595886, 0.028214871883392334, -0.6213998198509216, -0.8048846125602722, 0.8191322088241577, -0.03457287326455116, 0.751913845539093, 0.02236078307032585, 0.9204986095428467, -0.3233197033405304, -0.5501666069030762, -0.028217479586601257, -0.0333222970366478, 0.5121911764144897, 0.20859919488430023, 0.228959858417511, -1.0504605770111084, -0.38192880153656006, -0.5674935579299927, 0.5442971587181091, -0.5069227814674377, -0.5308716297149658, -0.031052708625793457, -0.4717159569263458, 1.5328408479690552, -1.0822020769119263, -0.591317892074585, -0.4592699110507965, -1.2425786256790161, 0.7817783355712891, 0.001369662582874298, 0.4900475740432739, 0.467303603887558, -0.44761979579925537, 0.2347377985715866, 0.6054564118385315, -0.04594679921865463, 0.17021960020065308, -0.07409170269966125, -0.40529677271842957, -0.03774739056825638, -0.5216746926307678, -0.5000115036964417, 0.01935218647122383, -1.1043554544448853, 0.6422401070594788, 1.5177558660507202, 0.44158679246902466, -1.6429463624954224, -0.07402260601520538, 0.16454103589057922, 0.42796558141708374, -0.11712899804115295, 0.44489309191703796, -1.1626890897750854, -1.131449818611145, 0.4270232915878296, -0.23575203120708466, 1.191340446472168, -0.5646799802780151, 0.902460515499115, 0.6088345646858215, -0.37887704372406006, -0.639646589756012, 0.0025964826345443726, 0.26517459750175476, -0.22151152789592743, -0.8729439973831177, -1.027222990989685, -0.3965516686439514, 1.748513102531433, -0.7166948318481445, 0.1837138831615448, -0.30070433020591736, -0.28037378191947937, -1.9530448913574219, 0.5378162860870361, 2.165757656097412, -0.6177927255630493, -0.6481888890266418, 0.08370999246835709, -1.2381417751312256, -0.28303664922714233, -1.046323299407959, -0.4772234261035919, 0.08027201890945435, -0.6651543974876404, 3.1848037242889404, -0.4554404020309448, 0.4515655040740967, -0.9003889560699463, 0.18786123394966125, 1.4070788621902466, -0.09706590324640274, 0.7397946119308472, -0.12859536707401276, 1.3116329908370972, -0.7797406911849976, 0.3888454735279083, -1.3233938217163086, -0.3262842893600464, 0.23213422298431396, 0.738838255405426, -0.2897249758243561, 0.40768399834632874, 0.6914238333702087, 0.9271576404571533, -0.4696652293205261, 0.27771255373954773, 0.1748906373977661, -0.6183581948280334, 0.24040117859840393, -0.33307650685310364, 0.3130062222480774, -0.6836134195327759, -0.4086224138736725, 0.4743652045726776, 0.2894994914531708, 0.8974841833114624, 0.8031054139137268, -0.8165253400802612, -1.5488075017929077, 0.0637921690940857, 0.3242321312427521, -0.9061212539672852, -0.35027021169662476, 0.6624153852462769, -0.0190134197473526, -1.1020939350128174, 0.7076905965805054, 0.024464979767799377, 0.9285058975219727, 0.555503785610199, -0.5047582387924194, -0.7684317827224731, 0.9576694369316101, -0.2971656322479248, -0.4018810987472534, -0.1137508749961853, -0.6520248055458069, -0.24935951828956604, 0.04974736273288727, -0.7281113862991333, -1.427619218826294, -1.3529863357543945, 0.9238922595977783, -0.11113050580024719, -0.15945076942443848, 0.30158573389053345, -0.2067922204732895, -0.4410848319530487, -1.3323231935501099, -0.03505152463912964, -0.8258934020996094, -0.6541589498519897, 0.32126379013061523, -0.03562566637992859, 0.45146170258522034, 1.4003320932388306, -0.8542041182518005, 0.8509641885757446, -0.625133216381073, -0.0342734158039093, 0.16713425517082214, -0.2602909505367279, -0.46765291690826416, -0.358349472284317, -0.5812604427337646, -0.9432967305183411, 0.6918273568153381, -1.080189824104309, -0.8792306184768677, 0.015577256679534912, 0.8760195970535278, 0.6082884073257446, 0.5945162177085876, -0.7811942100524902, 1.2320663928985596, 0.757064700126648, -0.6800208687782288, 0.15779969096183777, 0.2687075138092041, 0.902645468711853, 0.2438129484653473, 1.1416652202606201, 0.49634623527526855, 0.06075359135866165, -0.13167551159858704, -0.46649616956710815, -0.07949632406234741, -0.699607253074646, -0.5592376589775085, 0.5040938854217529, 0.6520796418190002, -0.14154955744743347, 1.2864818572998047, -0.7033292055130005, -0.5847554802894592, 1.1773426532745361, -0.8546894788742065, -0.25345396995544434, -0.6209980845451355, 1.1980998516082764, -0.9021902084350586, -0.7197517156600952, -0.5277901291847229, -0.7081801295280457, -0.20403657853603363, -0.18756109476089478, -0.12673035264015198, 0.5115998983383179, 0.6691378355026245, -1.3657441139221191, -0.5401626229286194, 0.4850318729877472, 0.4716244637966156, 0.25411829352378845, -0.26508352160453796, -0.43638402223587036, 0.5407119393348694, -0.6327372193336487, -0.9797901511192322, 0.3573850393295288, 0.038128286600112915, -0.35042887926101685, 0.5071361064910889, 0.5134268403053284, -0.665819525718689, 0.296396940946579, -0.1212320327758789, 0.16688784956932068, -0.9520946741104126, -0.6234114170074463, 0.5306984186172485, -0.47936344146728516, -1.2196602821350098, 0.6625493168830872, 1.1741191148757935, 0.0922592431306839, -0.18601107597351074, 1.355931043624878, -0.10147025436162949, -0.39448705315589905, -0.6746693253517151, 1.019204020500183, 0.38269609212875366, 0.19512102007865906, -0.048427414149045944, -0.10392117500305176, -0.11939384043216705, -0.5775323510169983, -1.016335129737854, -0.1732100248336792, -0.5771499872207642, 0.24590393900871277, -1.6059880256652832, -0.32457435131073, -0.03731513023376465, 0.7170704007148743, -1.3930672407150269, 0.5600943565368652, 0.2910829782485962, 0.10274401307106018, 0.25671133399009705, -0.46448928117752075, -0.7814074754714966, -0.24840731918811798, -1.3538339138031006, -0.6567851305007935, 0.7234780788421631, 0.12743692100048065, -0.9046050310134888, -0.23164692521095276, -0.08251212537288666, 0.24835583567619324, 1.7937629222869873, 0.022617608308792114, -0.1292368322610855, -0.4445365369319916, 1.3894925117492676, 0.38444626331329346, -0.954924464225769, 0.2784876823425293, -0.8147053718566895, -1.1904420852661133, -1.3768969774246216, 1.0462563037872314, 0.14030258357524872, -0.31364595890045166, 0.050893932580947876, 0.6543262600898743, 0.8639227151870728, -1.1363189220428467, -0.09831758588552475, -0.7512655258178711, -0.8386576175689697, -0.22636494040489197, -0.08996407687664032, 0.9567133188247681, 0.43452876806259155, -0.22423696517944336, 0.15042507648468018, 0.21638835966587067, 0.5642112493515015, 0.3729279935359955, 0.08671021461486816, -0.10263863950967789, 0.09461614489555359, 0.6673955917358398, 1.0233575105667114, 0.1544453650712967, -0.16683897376060486, -0.32324284315109253, 1.7448887825012207, 0.09275749325752258, 0.3170424699783325, -0.35198289155960083, -0.4659996032714844, -0.9230250120162964, -0.8720731139183044, -0.6998886466026306, -0.6521158218383789, -1.1542266607284546, -0.4883248805999756, 0.5615172982215881, -0.7997508645057678, -2.2087879180908203, -0.5407450199127197, -1.1275293827056885, -0.6702621579170227, 0.36274024844169617, -0.6566635966300964, 1.0091278553009033, 0.4590786099433899, 0.6215254068374634, 0.1750171035528183, 0.8409178256988525, -0.7225640416145325, 0.3942619264125824, 0.5791482925415039, -1.8642733097076416, 0.06432149559259415, -0.03502975404262543, 0.2623174786567688, 0.9419362545013428, 0.5670839548110962, 0.47576630115509033, 0.6049847602844238, 1.6354390382766724, 1.3629354238510132, -0.878952145576477, -0.15962524712085724, -0.5250465869903564, -0.868435263633728, -0.32218146324157715, 0.6706816554069519, -0.887680172920227, 0.10127101093530655, -0.26241832971572876, 0.6975398063659668, -0.1803452968597412, -0.46271729469299316, 0.45686396956443787, -0.86818528175354, 0.6065671443939209, -3.134838104248047, 0.5730772018432617, 1.333783745765686, -0.41642171144485474, 0.14705529808998108, 1.3234845399856567, 0.5834065675735474, 0.27935874462127686, 0.08229571580886841, 0.7097406387329102, -0.4820397198200226, -0.2379913479089737, -1.3813096284866333, 0.8483344316482544, 0.045378923416137695, -0.8091669082641602, -0.3151606023311615, -0.34850895404815674, 0.3580508530139923, 0.6418059468269348, -0.04872804135084152, -1.0839459896087646, -0.5378434062004089, 0.3542388081550598, 0.06208696961402893, -1.6355828046798706, 0.2924041152000427, 0.5424232482910156, 0.06549142301082611, -0.08298778533935547, 0.3962033689022064, 0.09161242842674255, 0.3118098974227905, -0.2559911608695984, -0.4163896441459656, -0.5753998756408691, -0.6747424006462097, -0.1834253966808319, -0.5185952186584473, -0.686141848564148, -1.8193351030349731, -0.09782878309488297, -0.8866882920265198, -0.6079022884368896, -0.3539300262928009, -1.8316518068313599, 0.1444956660270691, -0.021605849266052246, 0.7866658568382263, 1.5259323120117188, 0.08663929253816605, -0.32709261775016785, 0.32580065727233887, -1.221630334854126, 0.09517405927181244, 0.8445333242416382, -0.7617270946502686, -0.3968825042247772, -0.20612874627113342, -0.41023531556129456, 0.01901194080710411, -0.014164196327328682, -0.5846964120864868, 0.4489232897758484, 0.40350720286369324, -0.5728346705436707, -0.885893702507019, 0.7884236574172974, 1.1477094888687134, 0.4196326434612274, -0.5473392605781555, -1.6062357425689697, 1.097571849822998, 0.17236727476119995, -0.5007333755493164, -0.1533515304327011, 0.7495036125183105, -0.6831814646720886, -1.6053047180175781, 0.16893064975738525, 1.1531720161437988, 0.4418245851993561, -0.6083681583404541, 0.7012061476707458, 0.6734553575515747, -0.3764585554599762, -1.9177119731903076, -0.6985306739807129, -1.039604663848877, 0.4619043469429016, 0.4890563488006592, 1.1395479440689087, 0.558485209941864, -0.2533439099788666, 1.3183685541152954, -0.30751073360443115, -0.21296223998069763, 0.8906441330909729, -0.07024022191762924, -0.17180311679840088, -0.04383338987827301, -0.661775529384613, 1.3075369596481323, 0.23039668798446655, 0.5887865424156189, -0.10093659162521362, -0.26753100752830505, 0.5635941028594971, -0.18518692255020142, 0.8257015347480774, -0.5941916704177856, -0.8834072351455688, 0.382705420255661, -0.37524929642677307, -0.3257397413253784, -0.25846055150032043, -0.18284671008586884, -0.31128913164138794, 0.8382538557052612, -0.6152635216712952, -0.7293973565101624, -0.40964359045028687, 0.034018635749816895, -0.883341908454895, 0.2722819447517395, -1.6859474182128906, -0.06292661279439926, -0.1782606542110443, 0.33112528920173645, -0.1558304876089096, 0.20504102110862732, -0.6941382884979248, -0.5527493953704834, -0.04032468795776367, -1.1070783138275146, 1.054701805114746, 0.11825820803642273, -0.5120901465415955, 0.05721879005432129, -1.2252249717712402, -1.3121103048324585, -0.25487279891967773, -0.2849833071231842, -1.192121982574463, 0.5400106310844421, 0.034595221281051636, 0.44846829771995544, 1.1891779899597168, 0.9173014163970947, 0.4565426707267761, -0.25673818588256836, 0.8996629118919373, 0.7764116525650024, 0.5461181402206421, -0.9767255783081055, -1.291663646697998, -2.09689998626709, 0.19481779634952545, 0.17464406788349152, -1.3824012279510498, 0.3656390905380249, -0.5562518239021301, 0.1616668999195099, -1.0258795022964478, 0.8533503413200378, 0.05898938328027725, -1.0937767028808594, 0.9387761354446411, 0.9103330373764038, -0.6238747239112854, -0.6731756329536438, 0.7830463647842407, 0.9416759014129639, -0.5580040812492371, -0.19802077114582062, 1.167940378189087, -0.7665337324142456]","[0.8047354221343994, 1.6097303628921509, 1.8928252458572388, -2.0961544513702393, 2.3857505321502686, 1.929966926574707, -0.9546690583229065, -0.4846080541610718, 0.27388066053390503, 0.041384339332580566, -0.43741995096206665, -0.3862265348434448, -0.1676376760005951, -0.27269813418388367, -0.19607020914554596, -0.2856287956237793, 0.7351537942886353, -1.824639081954956, 0.22035835683345795, 0.41869428753852844, -0.42921000719070435, 0.9319760203361511, -0.18864841759204865, -1.5026001930236816, -1.479619026184082, -0.5601479411125183, -1.714164137840271, 1.5879325866699219, -0.13924093544483185, 1.4030497074127197, -1.9869123697280884, 0.34869152307510376, -1.0057491064071655, 0.06763912737369537, 0.6761399507522583, 0.9659696817398071, -1.0539113283157349, -0.5415038466453552, -0.6335482001304626, 0.5238363146781921, 0.29360443353652954, -0.4283066391944885, -0.31575244665145874, -0.6232444047927856, 1.2427518367767334, 0.9808945655822754, -1.3440877199172974, 0.1402241587638855, -1.552528977394104, 0.16794860363006592, 1.7079195976257324, -0.6787336468696594, -0.23967422544956207, -0.5649960041046143, -0.10710088163614273, -0.3435806632041931, -1.2565486431121826, 0.3797277808189392, 1.2433195114135742, -0.5217643976211548, -0.8664674758911133, -1.5283021926879883, 0.19848023355007172, -0.23227804899215698, 1.0620527267456055, 0.964479386806488, -1.3398962020874023, 0.5571621656417847, -0.6213772892951965, -1.793139100074768, 0.46752089262008667, -0.24467842280864716, -0.3301542401313782, 0.17930978536605835, -0.7123221755027771, 0.01737220212817192, 0.5973890423774719, -0.9948206543922424, -0.8465497493743896, -1.3253649473190308, 0.7135729193687439, 0.24572494626045227, 1.7771975994110107, -1.883940577507019, 0.44127511978149414, 2.124692678451538, 1.128243088722229, 0.41764572262763977, -1.8705449104309082, 0.977969229221344, -0.8379875421524048, -0.13031764328479767, 2.1334681510925293, 2.0734269618988037, -0.16034798324108124, -1.2542005777359009, -0.47584766149520874, 0.704720139503479, 0.3034089505672455, -0.4122158885002136, -0.19719521701335907, -1.6055998802185059, -2.6114249229431152, -1.0888844728469849, -0.25734665989875793, 2.0786728858947754, -1.2877053022384644, 1.170265555381775, -0.7895215153694153, -0.5651809573173523, 2.200133800506592, 0.08268949389457703, 1.6063586473464966, -2.5177462100982666, 1.5742485523223877, -0.3574502468109131, -2.0287771224975586, 0.5829563140869141, 0.6210308074951172, 2.2435429096221924, 2.16103196144104, 2.031550168991089, 0.6755180358886719, -0.039548877626657486, -1.5688034296035767, 0.25200599431991577, 1.808207392692566, -0.6773163676261902]","[-0.8700810670852661, 0.9855178594589233, 0.5251922607421875, -0.31870555877685547, 0.43707892298698425, 0.08421319723129272, 0.08356305956840515, 0.5884829759597778, -0.5948325395584106, 0.2378634214401245, -0.4605160057544708, -0.08646942675113678, -0.4974760413169861, -0.4111730456352234, -0.08724142611026764, 0.7275086641311646, 1.1934252977371216, 0.8111934661865234, 0.1520715057849884, -0.045734941959381104, 1.0521830320358276, -1.101943850517273, 0.30719998478889465, 0.3442164957523346, 0.016107235103845596, -0.16587242484092712, -0.8175833821296692, -0.14458118379116058, 0.43163543939590454, 0.5342044830322266, 0.3674197196960449, 0.8137243986129761, -0.8883011341094971, 0.36890074610710144, -0.8823442459106445, -0.8776816725730896, -1.3769309520721436, 0.818768322467804, -0.8087883591651917, -0.37567710876464844, -0.07613392174243927, -1.0623360872268677, -0.18538272380828857, -0.32679569721221924, -1.1408888101577759, 0.48649734258651733, 0.5226550102233887, 1.5943773984909058, -0.044314850121736526, 1.5946388244628906, -0.919457197189331, 0.1881764680147171, -0.28330379724502563, -0.2620569169521332, -0.6997004747390747, 1.0561317205429077, 0.47131699323654175, -0.343973845243454, -1.2034330368041992, -0.7802417278289795, -0.4498519003391266, -0.5988144874572754, -0.3542454242706299, -0.23592929542064667, 0.5313488245010376, 0.59725022315979, 0.22989529371261597, -1.317277193069458, -0.10352803766727448, -0.18225102126598358, 0.4551425278186798, 0.07992024719715118, -0.21265462040901184, 0.6700481176376343, 0.197852224111557, -0.9989462494850159, -0.8970702290534973, 0.11703746020793915, 0.16313253343105316, 0.4237438142299652, 0.16730642318725586, -0.716952383518219, -0.42907240986824036, -0.33673152327537537, 0.8229084014892578, -0.35608792304992676, 0.8563619256019592, -0.2617431879043579, 0.4799428880214691, 0.21414318680763245, 1.3425829410552979, 0.7561655640602112, -0.4972515106201172, 0.7093576192855835, -0.6133865118026733, -0.07429370284080505, -0.3179663121700287, -0.3553921580314636, -0.5268137454986572, 0.7685201168060303, 1.2612179517745972, -0.590971052646637, 0.850069522857666, 0.6489512324333191, 0.40086981654167175, 1.1957242488861084, -0.29021602869033813, 0.5390061736106873, -0.14214681088924408, -6.325329780578613, 0.02685871720314026, -0.3508147895336151, -0.17494700849056244, 0.6279215216636658, 0.17497731745243073, 0.6044294238090515, 0.6473186016082764, -1.3585785627365112, -0.732498824596405, 0.07501484453678131, 0.7116231918334961, -1.174250602722168, -1.7811331748962402, 0.14878997206687927, -1.8785057067871094, 0.9701036214828491, 0.8186591863632202, -0.599112331867218, 0.24811117351055145, -0.45100152492523193, 1.5365959405899048, -0.4137999415397644, 0.2712053060531616, -0.6594050526618958, 0.2637752592563629, -1.7185304164886475, 0.6971396803855896, -1.4167351722717285, 0.6982343196868896, 1.059942603111267, 1.1853750944137573, 1.159688115119934, 0.9045351147651672, -0.4065092206001282, 0.8190110921859741, 0.38124775886535645, 0.4079735279083252, -0.49955135583877563, 0.057418517768383026, 0.12237057834863663, -0.2645436227321625, -0.17114344239234924, 0.3515673279762268, 0.4039440155029297, 11.740067481994629, -0.035152532160282135, -0.2175540030002594, -0.5232036709785461, -0.18981647491455078, 0.8575609922409058, 0.8423600196838379, 0.6119552850723267, -0.7381110191345215, 0.6973137855529785, -0.006455406546592712, -2.2665929794311523, -0.9850417971611023, -1.344824194908142, -0.07078403979539871, 0.14188317954540253, 0.3498186469078064, 0.38781869411468506, -0.07639594376087189, -0.22195743024349213, -0.3083813190460205, 1.539352297782898, -0.8691954612731934, 0.24243181943893433, -1.2845515012741089, -0.2712434232234955, 0.7280622720718384, -0.05155235528945923, -0.34570422768592834, 0.3254736065864563, -0.982775092124939, -1.0806301832199097, 0.7479705214500427, 0.7344546318054199, 1.385183334350586, -0.04613664746284485, 1.2962467670440674, 1.3113925457000732, 0.20060385763645172, 0.8672422170639038, -0.5387901663780212, -0.3159588873386383, -0.7636705040931702, 0.5890381932258606, 0.36811357736587524, -0.2636250853538513, -0.1847178339958191, -0.37037399411201477, -0.9034073352813721, -0.1245780736207962, -0.26863008737564087, 0.0318765714764595, -0.445698082447052, 0.06725280731916428, -0.4296654164791107, -1.820023536682129, -0.4855547547340393, -0.19537808001041412, -1.008623480796814, 0.46095308661460876, 0.0736396536231041, -0.43137526512145996, 0.30359554290771484, 0.5252247452735901, -0.5400410294532776, -0.7702580094337463, 0.24055176973342896, 1.1715967655181885, -0.14958854019641876, -0.048229895532131195, 1.1366978883743286, -0.36586034297943115, -0.40326687693595886, 0.028214871883392334, -0.6213998198509216, -0.8048846125602722, 0.8191322088241577, -0.03457287326455116, 0.751913845539093, 0.02236078307032585, 0.9204986095428467, -0.3233197033405304, -0.5501666069030762, -0.028217479586601257, -0.0333222970366478, 0.5121911764144897, 0.20859919488430023, 0.228959858417511, -1.0504605770111084, -0.38192880153656006, -0.5674935579299927, 0.5442971587181091, -0.5069227814674377, -0.5308716297149658, -0.031052708625793457, -0.4717159569263458, 1.5328408479690552, -1.0822020769119263, -0.591317892074585, -0.4592699110507965, -1.2425786256790161, 0.7817783355712891, 0.001369662582874298, 0.4900475740432739, 0.467303603887558, -0.44761979579925537, 0.2347377985715866, 0.6054564118385315, -0.04594679921865463, 0.17021960020065308, -0.07409170269966125, -0.40529677271842957, -0.03774739056825638, -0.5216746926307678, -0.5000115036964417, 0.01935218647122383, -1.1043554544448853, 0.6422401070594788, 1.5177558660507202, 0.44158679246902466, -1.6429463624954224, -0.07402260601520538, 0.16454103589057922, 0.42796558141708374, -0.11712899804115295, 0.44489309191703796, -1.1626890897750854, -1.131449818611145, 0.4270232915878296, -0.23575203120708466, 1.191340446472168, -0.5646799802780151, 0.902460515499115, 0.6088345646858215, -0.37887704372406006, -0.639646589756012, 0.0025964826345443726, 0.26517459750175476, -0.22151152789592743, -0.8729439973831177, -1.027222990989685, -0.3965516686439514, 1.748513102531433, -0.7166948318481445, 0.1837138831615448, -0.30070433020591736, -0.28037378191947937, -1.9530448913574219, 0.5378162860870361, 2.165757656097412, -0.6177927255630493, -0.6481888890266418, 0.08370999246835709, -1.2381417751312256, -0.28303664922714233, -1.046323299407959, -0.4772234261035919, 0.08027201890945435, -0.6651543974876404, 3.1848037242889404, -0.4554404020309448, 0.4515655040740967, -0.9003889560699463, 0.18786123394966125, 1.4070788621902466, -0.09706590324640274, 0.7397946119308472, -0.12859536707401276, 1.3116329908370972, -0.7797406911849976, 0.3888454735279083, -1.3233938217163086, -0.3262842893600464, 0.23213422298431396, 0.738838255405426, -0.2897249758243561, 0.40768399834632874, 0.6914238333702087, 0.9271576404571533, -0.4696652293205261, 0.27771255373954773, 0.1748906373977661, -0.6183581948280334, 0.24040117859840393, -0.33307650685310364, 0.3130062222480774, -0.6836134195327759, -0.4086224138736725, 0.4743652045726776, 0.2894994914531708, 0.8974841833114624, 0.8031054139137268, -0.8165253400802612, -1.5488075017929077, 0.0637921690940857, 0.3242321312427521, -0.9061212539672852, -0.35027021169662476, 0.6624153852462769, -0.0190134197473526, -1.1020939350128174, 0.7076905965805054, 0.024464979767799377, 0.9285058975219727, 0.555503785610199, -0.5047582387924194, -0.7684317827224731, 0.9576694369316101, -0.2971656322479248, -0.4018810987472534, -0.1137508749961853, -0.6520248055458069, -0.24935951828956604, 0.04974736273288727, -0.7281113862991333, -1.427619218826294, -1.3529863357543945, 0.9238922595977783, -0.11113050580024719, -0.15945076942443848, 0.30158573389053345, -0.2067922204732895, -0.4410848319530487, -1.3323231935501099, -0.03505152463912964, -0.8258934020996094, -0.6541589498519897, 0.32126379013061523, -0.03562566637992859, 0.45146170258522034, 1.4003320932388306, -0.8542041182518005, 0.8509641885757446, -0.625133216381073, -0.0342734158039093, 0.16713425517082214, -0.2602909505367279, -0.46765291690826416, -0.358349472284317, -0.5812604427337646, -0.9432967305183411, 0.6918273568153381, -1.080189824104309, -0.8792306184768677, 0.015577256679534912, 0.8760195970535278, 0.6082884073257446, 0.5945162177085876, -0.7811942100524902, 1.2320663928985596, 0.757064700126648, -0.6800208687782288, 0.15779969096183777, 0.2687075138092041, 0.902645468711853, 0.2438129484653473, 1.1416652202606201, 0.49634623527526855, 0.06075359135866165, -0.13167551159858704, -0.46649616956710815, -0.07949632406234741, -0.699607253074646, -0.5592376589775085, 0.5040938854217529, 0.6520796418190002, -0.14154955744743347, 1.2864818572998047, -0.7033292055130005, -0.5847554802894592, 1.1773426532745361, -0.8546894788742065, -0.25345396995544434, -0.6209980845451355, 1.1980998516082764, -0.9021902084350586, -0.7197517156600952, -0.5277901291847229, -0.7081801295280457, -0.20403657853603363, -0.18756109476089478, -0.12673035264015198, 0.5115998983383179, 0.6691378355026245, -1.3657441139221191, -0.5401626229286194, 0.4850318729877472, 0.4716244637966156, 0.25411829352378845, -0.26508352160453796, -0.43638402223587036, 0.5407119393348694, -0.6327372193336487, -0.9797901511192322, 0.3573850393295288, 0.038128286600112915, -0.35042887926101685, 0.5071361064910889, 0.5134268403053284, -0.665819525718689, 0.296396940946579, -0.1212320327758789, 0.16688784956932068, -0.9520946741104126, -0.6234114170074463, 0.5306984186172485, -0.47936344146728516, -1.2196602821350098, 0.6625493168830872, 1.1741191148757935, 0.0922592431306839, -0.18601107597351074, 1.355931043624878, -0.10147025436162949, -0.39448705315589905, -0.6746693253517151, 1.019204020500183, 0.38269609212875366, 0.19512102007865906, -0.048427414149045944, -0.10392117500305176, -0.11939384043216705, -0.5775323510169983, -1.016335129737854, -0.1732100248336792, -0.5771499872207642, 0.24590393900871277, -1.6059880256652832, -0.32457435131073, -0.03731513023376465, 0.7170704007148743, -1.3930672407150269, 0.5600943565368652, 0.2910829782485962, 0.10274401307106018, 0.25671133399009705, -0.46448928117752075, -0.7814074754714966, -0.24840731918811798, -1.3538339138031006, -0.6567851305007935, 0.7234780788421631, 0.12743692100048065, -0.9046050310134888, -0.23164692521095276, -0.08251212537288666, 0.24835583567619324, 1.7937629222869873, 0.022617608308792114, -0.1292368322610855, -0.4445365369319916, 1.3894925117492676, 0.38444626331329346, -0.954924464225769, 0.2784876823425293, -0.8147053718566895, -1.1904420852661133, -1.3768969774246216, 1.0462563037872314, 0.14030258357524872, -0.31364595890045166, 0.050893932580947876, 0.6543262600898743, 0.8639227151870728, -1.1363189220428467, -0.09831758588552475, -0.7512655258178711, -0.8386576175689697, -0.22636494040489197, -0.08996407687664032, 0.9567133188247681, 0.43452876806259155, -0.22423696517944336, 0.15042507648468018, 0.21638835966587067, 0.5642112493515015, 0.3729279935359955, 0.08671021461486816, -0.10263863950967789, 0.09461614489555359, 0.6673955917358398, 1.0233575105667114, 0.1544453650712967, -0.16683897376060486, -0.32324284315109253, 1.7448887825012207, 0.09275749325752258, 0.3170424699783325, -0.35198289155960083, -0.4659996032714844, -0.9230250120162964, -0.8720731139183044, -0.6998886466026306, -0.6521158218383789, -1.1542266607284546, -0.4883248805999756, 0.5615172982215881, -0.7997508645057678, -2.2087879180908203, -0.5407450199127197, -1.1275293827056885, -0.6702621579170227, 0.36274024844169617, -0.6566635966300964, 1.0091278553009033, 0.4590786099433899, 0.6215254068374634, 0.1750171035528183, 0.8409178256988525, -0.7225640416145325, 0.3942619264125824, 0.5791482925415039, -1.8642733097076416, 0.06432149559259415, -0.03502975404262543, 0.2623174786567688, 0.9419362545013428, 0.5670839548110962, 0.47576630115509033, 0.6049847602844238, 1.6354390382766724, 1.3629354238510132, -0.878952145576477, -0.15962524712085724, -0.5250465869903564, -0.868435263633728, -0.32218146324157715, 0.6706816554069519, -0.887680172920227, 0.10127101093530655, -0.26241832971572876, 0.6975398063659668, -0.1803452968597412, -0.46271729469299316, 0.45686396956443787, -0.86818528175354, 0.6065671443939209, -3.134838104248047, 0.5730772018432617, 1.333783745765686, -0.41642171144485474, 0.14705529808998108, 1.3234845399856567, 0.5834065675735474, 0.27935874462127686, 0.08229571580886841, 0.7097406387329102, -0.4820397198200226, -0.2379913479089737, -1.3813096284866333, 0.8483344316482544, 0.045378923416137695, -0.8091669082641602, -0.3151606023311615, -0.34850895404815674, 0.3580508530139923, 0.6418059468269348, -0.04872804135084152, -1.0839459896087646, -0.5378434062004089, 0.3542388081550598, 0.06208696961402893, -1.6355828046798706, 0.2924041152000427, 0.5424232482910156, 0.06549142301082611, -0.08298778533935547, 0.3962033689022064, 0.09161242842674255, 0.3118098974227905, -0.2559911608695984, -0.4163896441459656, -0.5753998756408691, -0.6747424006462097, -0.1834253966808319, -0.5185952186584473, -0.686141848564148, -1.8193351030349731, -0.09782878309488297, -0.8866882920265198, -0.6079022884368896, -0.3539300262928009, -1.8316518068313599, 0.1444956660270691, -0.021605849266052246, 0.7866658568382263, 1.5259323120117188, 0.08663929253816605, -0.32709261775016785, 0.32580065727233887, -1.221630334854126, 0.09517405927181244, 0.8445333242416382, -0.7617270946502686, -0.3968825042247772, -0.20612874627113342, -0.41023531556129456, 0.01901194080710411, -0.014164196327328682, -0.5846964120864868, 0.4489232897758484, 0.40350720286369324, -0.5728346705436707, -0.885893702507019, 0.7884236574172974, 1.1477094888687134, 0.4196326434612274, -0.5473392605781555, -1.6062357425689697, 1.097571849822998, 0.17236727476119995, -0.5007333755493164, -0.1533515304327011, 0.7495036125183105, -0.6831814646720886, -1.6053047180175781, 0.16893064975738525, 1.1531720161437988, 0.4418245851993561, -0.6083681583404541, 0.7012061476707458, 0.6734553575515747, -0.3764585554599762, -1.9177119731903076, -0.6985306739807129, -1.039604663848877, 0.4619043469429016, 0.4890563488006592, 1.1395479440689087, 0.558485209941864, -0.2533439099788666, 1.3183685541152954, -0.30751073360443115, -0.21296223998069763, 0.8906441330909729, -0.07024022191762924, -0.17180311679840088, -0.04383338987827301, -0.661775529384613, 1.3075369596481323, 0.23039668798446655, 0.5887865424156189, -0.10093659162521362, -0.26753100752830505, 0.5635941028594971, -0.18518692255020142, 0.8257015347480774, -0.5941916704177856, -0.8834072351455688, 0.382705420255661, -0.37524929642677307, -0.3257397413253784, -0.25846055150032043, -0.18284671008586884, -0.31128913164138794, 0.8382538557052612, -0.6152635216712952, -0.7293973565101624, -0.40964359045028687, 0.034018635749816895, -0.883341908454895, 0.2722819447517395, -1.6859474182128906, -0.06292661279439926, -0.1782606542110443, 0.33112528920173645, -0.1558304876089096, 0.20504102110862732, -0.6941382884979248, -0.5527493953704834, -0.04032468795776367, -1.1070783138275146, 1.054701805114746, 0.11825820803642273, -0.5120901465415955, 0.05721879005432129, -1.2252249717712402, -1.3121103048324585, -0.25487279891967773, -0.2849833071231842, -1.192121982574463, 0.5400106310844421, 0.034595221281051636, 0.44846829771995544, 1.1891779899597168, 0.9173014163970947, 0.4565426707267761, -0.25673818588256836, 0.8996629118919373, 0.7764116525650024, 0.5461181402206421, -0.9767255783081055, -1.291663646697998, -2.09689998626709, 0.19481779634952545, 0.17464406788349152, -1.3824012279510498, 0.3656390905380249, -0.5562518239021301, 0.1616668999195099, -1.0258795022964478, 0.8533503413200378, 0.05898938328027725, -1.0937767028808594, 0.9387761354446411, 0.9103330373764038, -0.6238747239112854, -0.6731756329536438, 0.7830463647842407, 0.9416759014129639, -0.5580040812492371, -0.19802077114582062, 1.167940378189087, -0.7665337324142456, 0.8047354221343994, 1.6097303628921509, 1.8928252458572388, -2.0961544513702393, 2.3857505321502686, 1.929966926574707, -0.9546690583229065, -0.4846080541610718, 0.27388066053390503, 0.041384339332580566, -0.43741995096206665, -0.3862265348434448, -0.1676376760005951, -0.27269813418388367, -0.19607020914554596, -0.2856287956237793, 0.7351537942886353, -1.824639081954956, 0.22035835683345795, 0.41869428753852844, -0.42921000719070435, 0.9319760203361511, -0.18864841759204865, -1.5026001930236816, -1.479619026184082, -0.5601479411125183, -1.714164137840271, 1.5879325866699219, -0.13924093544483185, 1.4030497074127197, -1.9869123697280884, 0.34869152307510376, -1.0057491064071655, 0.06763912737369537, 0.6761399507522583, 0.9659696817398071, -1.0539113283157349, -0.5415038466453552, -0.6335482001304626, 0.5238363146781921, 0.29360443353652954, -0.4283066391944885, -0.31575244665145874, -0.6232444047927856, 1.2427518367767334, 0.9808945655822754, -1.3440877199172974, 0.1402241587638855, -1.552528977394104, 0.16794860363006592, 1.7079195976257324, -0.6787336468696594, -0.23967422544956207, -0.5649960041046143, -0.10710088163614273, -0.3435806632041931, -1.2565486431121826, 0.3797277808189392, 1.2433195114135742, -0.5217643976211548, -0.8664674758911133, -1.5283021926879883, 0.19848023355007172, -0.23227804899215698, 1.0620527267456055, 0.964479386806488, -1.3398962020874023, 0.5571621656417847, -0.6213772892951965, -1.793139100074768, 0.46752089262008667, -0.24467842280864716, -0.3301542401313782, 0.17930978536605835, -0.7123221755027771, 0.01737220212817192, 0.5973890423774719, -0.9948206543922424, -0.8465497493743896, -1.3253649473190308, 0.7135729193687439, 0.24572494626045227, 1.7771975994110107, -1.883940577507019, 0.44127511978149414, 2.124692678451538, 1.128243088722229, 0.41764572262763977, -1.8705449104309082, 0.977969229221344, -0.8379875421524048, -0.13031764328479767, 2.1334681510925293, 2.0734269618988037, -0.16034798324108124, -1.2542005777359009, -0.47584766149520874, 0.704720139503479, 0.3034089505672455, -0.4122158885002136, -0.19719521701335907, -1.6055998802185059, -2.6114249229431152, -1.0888844728469849, -0.25734665989875793, 2.0786728858947754, -1.2877053022384644, 1.170265555381775, -0.7895215153694153, -0.5651809573173523, 2.200133800506592, 0.08268949389457703, 1.6063586473464966, -2.5177462100982666, 1.5742485523223877, -0.3574502468109131, -2.0287771224975586, 0.5829563140869141, 0.6210308074951172, 2.2435429096221924, 2.16103196144104, 2.031550168991089, 0.6755180358886719, -0.039548877626657486, -1.5688034296035767, 0.25200599431991577, 1.808207392692566, -0.6773163676261902]"
29,4,تعيين,emmp,"8 َ

وزارة السرى ا :ْ
لاا 0 أت اح 2ك 2 3 ا
قاآرار رقن 7 الا ا ادك رض ق خضت

ض داشرا 1
بناء على احتام القاثون الاساسي للنمالين بالد ولة ط0 /,/ با م٠‏
وعلى احكا م القانون رقم 7 لمعيل ‎١١١١‏

وعلى احا , القألون رقم /7/ لملم ‎١83‏

صن شهادة تأدية الخدمة رق 7/ تاريخ ‎١6/06‏ الساد ران
السيد قاقد البحدة 91147؟71--

ب تضق +
د7١‏ تشهى بتاريخ ‎١١48/75‏ الاجازة الخاصة بلا اجر لخد عم / المشيعة

بالقرار رتم ‎١77‏ / تاريخ 14 ‎١17/777‏ للسيف عزمات سليمان احسد

المامل لدى وزارة الرى و ا

مصهند س مد ي السقد ال الى 2
1/5 يبلم هذا القرار من يلزم لتنفيسد »
دبفق في أ و / 7 7 م١١٠‏

كي ع ند كم كي كد عد سم كم مد ته

-الادارية ع الاسل

0 سام اده سيدا ' 0 زا ّ
حجخ ٍ دا لأف","[-0.6462939381599426, 1.1876474618911743, 1.0694873332977295, -0.24584294855594635, 0.35136178135871887, 0.04651230573654175, 0.10512307286262512, 0.6564738154411316, -0.8978235125541687, -0.45203113555908203, -0.13150258362293243, -0.2927219271659851, -0.6510878205299377, -0.40641066431999207, 0.327140212059021, 0.7266497611999512, 1.4002289772033691, 0.8155657052993774, -0.536980926990509, 0.7759519815444946, 0.3928532898426056, -0.90305495262146, 0.21745076775550842, 0.3586469292640686, 0.3619520366191864, -0.1676054298877716, -1.0893375873565674, -0.12432973086833954, -0.061376795172691345, 0.3751552402973175, 0.3151964545249939, 0.5666754841804504, -0.7534998655319214, 0.5822337865829468, -0.7928669452667236, -0.6164610385894775, -0.9758148789405823, 0.5291895866394043, -0.7735496163368225, -0.5772221684455872, -0.27439916133880615, -1.3650121688842773, -0.7320269346237183, -0.010761380195617676, -1.080975890159607, 0.5333631634712219, 0.6624380350112915, 0.8614241480827332, 0.3080664575099945, 1.9565998315811157, -0.7741679549217224, 0.13829413056373596, -0.311340868473053, -0.4229956269264221, -0.3548865020275116, 0.46537017822265625, 0.6721868515014648, -0.6196717023849487, -0.85244220495224, -1.1305688619613647, -0.8002842664718628, -0.7172002792358398, -0.4280884265899658, -0.019065536558628082, 0.779603898525238, 0.5086429119110107, 0.21076658368110657, -0.8052479028701782, 0.15489201247692108, -0.014771699905395508, 0.3412986397743225, 0.17193655669689178, -0.004218503832817078, 0.2283863127231598, 0.10613030195236206, -0.7320123314857483, -0.9126567840576172, 0.23454441130161285, 0.1641019731760025, 0.5480474233627319, -0.45675110816955566, -0.3538784682750702, -0.5793691873550415, -0.6274660229682922, 0.6172928810119629, -0.05706179141998291, 0.40742817521095276, -0.17987719178199768, 0.6307965517044067, 0.3857659101486206, 0.822823166847229, 0.3950594663619995, -0.4470169246196747, 0.9113140106201172, -0.47601422667503357, 0.23785604536533356, 0.09650914371013641, 0.18264266848564148, -0.4933488070964813, 0.4923195242881775, 1.307262897491455, -0.4824725389480591, 0.8186521530151367, 0.6105129718780518, 0.39390361309051514, 1.3408184051513672, -0.17865848541259766, 0.8840762972831726, -0.04032002389431, -6.158381938934326, -0.03993178904056549, -0.43764981627464294, 0.0850384384393692, 0.46672677993774414, 0.24366505444049835, 0.3028460741043091, 0.998332142829895, -1.2855063676834106, -0.36550915241241455, 0.2724480926990509, 0.010569050908088684, -0.7909359335899353, -1.7729288339614868, 0.5030596256256104, -1.3818974494934082, 0.7419080138206482, 1.1773834228515625, -0.30199703574180603, -0.1308647096157074, 0.07075710594654083, 0.9561663269996643, -0.49922898411750793, -0.21658986806869507, -0.39256930351257324, 1.0083751678466797, -1.9987225532531738, 0.2960636615753174, -1.5204277038574219, 0.37958455085754395, 1.1539452075958252, 1.3990821838378906, 1.1799992322921753, 1.2652814388275146, -0.5566142201423645, 0.94489586353302, 0.45101356506347656, 0.1488584727048874, 0.01729777455329895, -0.3076663315296173, -0.07921019196510315, 0.7125489115715027, -0.5741420984268188, 0.01007094606757164, 0.3468736410140991, 10.64787769317627, 0.27602261304855347, -0.3963697552680969, -0.5074330568313599, -0.19036048650741577, 0.893996000289917, 1.0631195306777954, 0.8749065399169922, -0.8717736601829529, 1.0552643537521362, -0.3893190622329712, -2.075256824493408, -0.8776719570159912, -0.966960608959198, -0.597353458404541, 0.027802038937807083, 0.1671144962310791, -0.02651570737361908, 0.43822869658470154, -0.5440428853034973, -0.3719883859157562, 1.0894250869750977, -1.1723178625106812, 0.4538506865501404, -1.0662291049957275, -0.37736251950263977, 0.7260170578956604, -0.4593527019023895, -0.19585931301116943, 0.7899031639099121, -0.7003277540206909, -0.2609938681125641, 0.23075620830059052, 0.949673593044281, 0.8753681778907776, 0.1325124353170395, 0.6857555508613586, 1.5564546585083008, 0.08104866743087769, 0.5838324427604675, -0.4447532594203949, -0.17395973205566406, -1.1813305616378784, 0.3109744191169739, 0.20688170194625854, -0.27007243037223816, 0.07298970222473145, -0.8483206033706665, -0.6515311002731323, 0.05818179249763489, 0.16476503014564514, 0.15476320683956146, -0.5143223404884338, 0.1358301341533661, -0.30199578404426575, -1.5702173709869385, -0.7263436317443848, -0.661382794380188, -1.3814071416854858, 0.2386055886745453, -0.05625705420970917, -0.5954148769378662, -0.150066077709198, 0.885127604007721, -1.1355886459350586, -1.1168248653411865, 0.5236290693283081, 1.3875808715820312, 0.12576889991760254, 0.09108807891607285, 1.4239739179611206, 0.05378367006778717, -0.3544628918170929, 0.31951838731765747, -0.4927970767021179, -0.7202606201171875, 1.0180491209030151, -0.3136028051376343, 0.7840983867645264, -0.445567786693573, 1.3707188367843628, -0.4784764051437378, -0.9446598887443542, 0.31699544191360474, 0.2679464519023895, -0.008869817480444908, 0.09625858068466187, 0.36270496249198914, -1.3522965908050537, -0.5216614007949829, -0.3674905598163605, 0.8371837139129639, -0.3477434515953064, -0.7601920962333679, -0.04442039132118225, 0.029027072712779045, 1.3431427478790283, -0.9081029891967773, -0.29507508873939514, -0.1792474091053009, -1.5807081460952759, 0.8217849135398865, -0.597639799118042, 0.7447362542152405, 1.0257248878479004, -0.5935685038566589, 0.4429439902305603, 0.3945755958557129, -0.16085048019886017, -0.36271074414253235, 0.48310646414756775, -0.3187331557273865, -0.29570645093917847, -0.6262176632881165, -0.35657766461372375, 0.7444714307785034, -1.2955303192138672, 0.7130092978477478, 1.3100794553756714, 0.8932563066482544, -1.4570345878601074, -0.19724778831005096, -0.166029155254364, 0.8611476421356201, -0.003915175795555115, 0.041075803339481354, -1.0977791547775269, -0.9831116199493408, -0.10422751307487488, 0.08267651498317719, 0.7593771815299988, -0.5231063365936279, 0.7434000968933105, 0.5885441303253174, -0.26580578088760376, -0.25471654534339905, 0.21859055757522583, 0.32378894090652466, 0.7227197885513306, -1.3721503019332886, -0.6375934481620789, -0.20116186141967773, 1.4204483032226562, -0.5614173412322998, 0.04713503271341324, 0.37817245721817017, -0.2982853949069977, -1.0268149375915527, 0.19083547592163086, 1.4861509799957275, -0.18702304363250732, -0.6508541703224182, 0.24925638735294342, -1.1173396110534668, -0.31209516525268555, -1.1896882057189941, -0.33995217084884644, 0.09951227903366089, -1.2854903936386108, 3.5402679443359375, -0.8479365706443787, 0.20999982953071594, -0.7136193513870239, 0.5370121598243713, 0.7648382782936096, 0.09959312528371811, 0.4896703064441681, -0.13104858994483948, 1.1991666555404663, -0.5487682223320007, 0.39985454082489014, -0.7765453457832336, -0.060558021068573, 0.7882542610168457, 0.7276880145072937, -0.16990943253040314, -0.30028101801872253, 0.3165528476238251, 0.6206815242767334, -0.4995501637458801, 0.43509653210639954, 0.07497931271791458, -0.030659213662147522, 0.6235846281051636, 0.1708153784275055, 0.5460618734359741, -0.6975165605545044, -0.6555382013320923, 0.7233582735061646, 0.4277861416339874, 0.7919506430625916, 0.68037348985672, -0.5967053771018982, -1.6948299407958984, 0.2167397141456604, 0.16037285327911377, -1.2550060749053955, -0.3978477418422699, 0.3061901032924652, 0.21425455808639526, -0.7396087050437927, 0.8280664682388306, 0.25770092010498047, 1.3908421993255615, 0.5573828220367432, -0.5917632579803467, -1.1420854330062866, 0.48859459161758423, -0.1597651243209839, -0.17974378168582916, 0.17118364572525024, -0.8148132562637329, -0.8099575042724609, 0.20395474135875702, -0.2452704906463623, -1.4475115537643433, -1.5597716569900513, 0.672398567199707, -0.12062045186758041, -0.28708717226982117, 0.24428275227546692, -0.4876168370246887, -0.14509519934654236, -0.9589921236038208, -0.7073777914047241, -0.9749239683151245, -0.7836567163467407, 0.3476061522960663, -0.2726494371891022, 0.15198686718940735, 1.2942101955413818, -1.0766894817352295, 1.1522266864776611, -0.44386985898017883, -0.6441072225570679, 0.7280712723731995, -0.10890194773674011, -0.2084404081106186, 0.04113726317882538, -0.22396905720233917, -0.868134617805481, 0.6094124913215637, -1.0431379079818726, -0.530732274055481, -0.1795157939195633, 1.0232666730880737, 0.4245280623435974, 0.7368204593658447, -0.82863450050354, 1.3240910768508911, 1.3889306783676147, -0.4319363832473755, -0.6505074501037598, 0.1016567274928093, 0.25177812576293945, -0.15255051851272583, 1.800483226776123, 0.2039874792098999, 0.0031684935092926025, -0.6052488684654236, 0.6745549440383911, -0.3265388011932373, -0.46268409490585327, -0.38575315475463867, 0.19602736830711365, 0.6025173664093018, 0.4542831480503082, 1.097914218902588, -0.9727851152420044, -0.6238255500793457, 1.3099148273468018, -0.587562620639801, -0.5707988142967224, -0.22149184346199036, 1.107785701751709, -0.7994916439056396, -0.5850365161895752, -0.6392710208892822, -0.5556502938270569, -0.03064434975385666, -0.12260810285806656, -0.38300371170043945, 0.9525563716888428, 0.997599720954895, -1.623326301574707, -1.193328857421875, 0.3089061975479126, 0.6875178813934326, 0.38462522625923157, -0.26445913314819336, 0.05971027910709381, 0.9257418513298035, -0.3511769473552704, -1.3575036525726318, 0.24425101280212402, 0.3963938355445862, -0.2157706618309021, 0.6957346200942993, 0.7716353535652161, -0.8511375784873962, 0.07002977281808853, -1.0757304430007935, 0.06869971752166748, -0.30331504344940186, -0.36935433745384216, 0.9250844717025757, 0.2636535167694092, -1.704576015472412, 0.8895192742347717, 1.2199119329452515, -0.5326290130615234, -0.0034099221229553223, 1.4122660160064697, -0.412711501121521, -0.9039808511734009, -0.6268329620361328, 0.4263917803764343, 0.38102465867996216, 0.35708940029144287, -0.19209730625152588, 0.5039193034172058, -0.03107386827468872, -0.39605826139450073, -0.9586845636367798, 0.09046779572963715, -1.4619977474212646, 0.2082482874393463, -1.2596466541290283, -0.15051281452178955, -0.38500428199768066, 0.8008117079734802, -0.8954943418502808, -0.29886695742607117, -0.1793316900730133, 0.29951733350753784, 0.9049455523490906, -0.474345862865448, -0.4243197441101074, -0.3043588399887085, -1.164268970489502, -0.799774169921875, 0.4696837365627289, 0.41617974638938904, -1.3678497076034546, -0.572524905204773, 0.094093456864357, -0.016127213835716248, 2.061889886856079, 0.2300395518541336, 0.5233781933784485, -0.36486831307411194, 1.9696980714797974, 0.28413882851600647, -1.1102478504180908, 0.13671822845935822, -0.47709351778030396, -1.204962134361267, -0.824594259262085, 1.1232084035873413, 0.7524145841598511, -0.42007553577423096, -0.05348695442080498, 0.4480254054069519, 0.3426628112792969, -1.204491376876831, 0.07167094200849533, -1.1244676113128662, -0.6349765062332153, 0.2539042532444, -0.0043874457478523254, 1.0343196392059326, 0.013760387897491455, -0.5027633905410767, -0.44390448927879333, 0.029910258948802948, 0.9228957295417786, 0.17928458750247955, 0.21915796399116516, 0.2982181906700134, 0.16257137060165405, 0.8263117074966431, 0.8587830066680908, 0.5538530349731445, -0.08978280425071716, -0.572378396987915, 2.2399747371673584, 0.8693491220474243, 0.7837356328964233, -0.06501664221286774, -0.43954822421073914, -0.9361777901649475, -1.1423860788345337, -0.7199084162712097, -0.6438918113708496, -0.9849225282669067, -0.2345491349697113, -0.0697464644908905, -0.8265424966812134, -2.018571615219116, -0.5446361303329468, -0.45364850759506226, -1.1757732629776, 0.5599690079689026, -0.5512535572052002, 1.0146377086639404, 0.3293217718601227, 0.20560945570468903, 0.07171241194009781, 0.1625833511352539, -0.29448485374450684, 0.8792893290519714, 0.6310185194015503, -1.7523837089538574, -0.0676393210887909, 0.4063715934753418, 0.5646393299102783, 1.1635935306549072, 0.6192156076431274, 0.47150754928588867, 1.195669174194336, 1.7019261121749878, 0.9295119047164917, -0.847525417804718, -0.37906643748283386, -0.6561394333839417, -0.6265180706977844, -0.6080139875411987, 0.6950823068618774, -0.46717369556427, 0.6765902042388916, 0.041856586933135986, 0.5388074517250061, -0.38772040605545044, -0.9291553497314453, 0.17083796858787537, -1.0588417053222656, 0.660159707069397, -2.845153331756592, 0.3593672513961792, 1.5441513061523438, -0.1841617375612259, 0.037535011768341064, 0.8633080124855042, 0.1461893618106842, -0.8996597528457642, 0.49806496500968933, 0.5686627626419067, -0.31689783930778503, 0.18933098018169403, -1.1699869632720947, 0.5377553105354309, 0.01698058843612671, -1.1884403228759766, -0.5055131912231445, -0.3097954988479614, 0.2742820680141449, 0.4450805187225342, 0.1418519914150238, -0.7210705280303955, -0.19248859584331512, 0.3671441674232483, 0.027428530156612396, -1.9570518732070923, 0.34300923347473145, 0.6503666043281555, -0.3107224106788635, -0.41324329376220703, 0.09508022665977478, 0.30320772528648376, -0.004723798483610153, -0.4401029050350189, -0.5566508173942566, -0.539143979549408, -0.9325625896453857, -0.554732084274292, 0.08348798006772995, -0.9549881815910339, -1.422322154045105, -0.867089033126831, -0.6537312865257263, -0.9540486931800842, -0.5024285316467285, -2.005999803543091, 0.11955036222934723, -0.5837409496307373, 0.03426545858383179, 1.5088790655136108, -0.04710499197244644, -0.29316362738609314, -0.027813121676445007, -0.9362950921058655, -0.5100056529045105, 0.8714704513549805, -0.8764314651489258, -0.6171339750289917, -0.7910705804824829, -0.5907549858093262, 0.04208135977387428, -0.1260615438222885, -0.3094065189361572, 0.001443721354007721, 0.17424291372299194, -0.5280215740203857, -1.3728570938110352, 0.9257571697235107, 0.8921613693237305, 0.17334523797035217, -0.8420404195785522, -1.2191194295883179, 0.9919891357421875, -0.0462808683514595, -0.7607943415641785, -0.1814703494310379, 0.6514636874198914, -1.165147304534912, -1.3239080905914307, 0.6992702484130859, 0.7260782718658447, -0.30132222175598145, -0.06490741670131683, 0.9498447775840759, 0.2861185371875763, -0.47795283794403076, -1.8102333545684814, -0.7178425192832947, -0.6829981207847595, 0.6289061307907104, 1.2857550382614136, 0.7066065669059753, 0.13270245492458344, -0.7564823031425476, 1.3346011638641357, 0.10383859276771545, -0.5376038551330566, 1.0323559045791626, -0.03125452995300293, -0.12414820492267609, -0.08545076847076416, -0.8824254870414734, 1.5876950025558472, -0.33315712213516235, -0.22117841243743896, 0.3605737090110779, -0.7929803729057312, -0.13123691082000732, 0.7587563991546631, 0.7028340697288513, -0.6041529774665833, -1.2079923152923584, 0.5454897880554199, -0.1440940946340561, -0.15588748455047607, -0.29789578914642334, -0.5881105065345764, -0.2825244665145874, 0.44792354106903076, -0.6974799633026123, -0.6616951823234558, -0.05721670389175415, -0.3015214204788208, -1.0227792263031006, -0.23483304679393768, -1.3943325281143188, -0.3979392945766449, -0.23825490474700928, 0.3965888023376465, 0.10320709645748138, 0.49431586265563965, -0.7663305997848511, -0.2912707030773163, 0.1478847712278366, -0.21029287576675415, 0.6257301568984985, 0.39849522709846497, -0.5015394687652588, -0.6165212392807007, -1.175207257270813, -1.1843695640563965, -0.37263524532318115, -0.2102837711572647, -1.1512850522994995, 0.46037161350250244, -0.6534043550491333, 0.317606657743454, 0.9004508256912231, 0.8446836471557617, 0.7627240419387817, -0.5812065601348877, 1.4371141195297241, 0.3809961676597595, 0.7684169411659241, -0.9878690838813782, -1.5340352058410645, -1.4993716478347778, 0.050399672240018845, 0.5864821672439575, -1.3455640077590942, -0.22645016014575958, -0.7071582674980164, -0.14217250049114227, -1.2742478847503662, 0.7942913770675659, 0.05805224925279617, -0.9987313151359558, 0.7208464741706848, 0.8725718855857849, -0.8226070404052734, -0.6147361993789673, 1.1709481477737427, 1.1250256299972534, -0.46977218985557556, 0.23221704363822937, 1.5621892213821411, -0.8240684270858765]","[0.8292374014854431, 1.628292441368103, 2.114835262298584, -2.27944016456604, 2.6480984687805176, 2.1947991847991943, -1.0684871673583984, -0.3750768303871155, 0.09653551876544952, 0.1389629989862442, -0.4438767433166504, -0.3021099269390106, -0.2497769594192505, -0.7482549548149109, -0.26378947496414185, -0.375693678855896, 0.8258521556854248, -2.078378677368164, 0.16823789477348328, 0.4653679430484772, -0.4272165894508362, 1.1020212173461914, -0.21900029480457306, -1.661938190460205, -1.6614878177642822, -0.5092933177947998, -1.6771451234817505, 1.8211684226989746, -0.2453451305627823, 1.4605634212493896, -2.20807147026062, 0.29451242089271545, -0.9153881072998047, 0.12090437114238739, 0.8634281754493713, 0.9700751304626465, -1.278157114982605, -0.619247555732727, -0.667812168598175, 0.5357533693313599, 0.277181476354599, -0.4010891914367676, -0.3235318660736084, -0.693719744682312, 1.2259496450424194, 0.9751357436180115, -1.439839482307434, 0.2509000599384308, -1.8102495670318604, 0.22829344868659973, 1.8262677192687988, -0.8669725060462952, -0.32489800453186035, -0.7869062423706055, 0.06279078125953674, -0.35199910402297974, -1.508806824684143, 0.4308122992515564, 1.1199918985366821, -0.7377845048904419, -1.1034598350524902, -1.600691556930542, 0.09816788136959076, -0.3636055886745453, 1.082703948020935, 0.9784993529319763, -1.504853367805481, 0.6283895969390869, -0.7212454080581665, -2.011397361755371, 0.4301610291004181, -0.3856576085090637, -0.2525347173213959, 0.254488468170166, -0.8428065776824951, 0.06818632781505585, 0.7473132014274597, -1.1433231830596924, -0.9262876510620117, -1.6029332876205444, 0.7972089052200317, 0.3634573519229889, 1.9423668384552002, -2.1456212997436523, 0.5935690999031067, 2.4249327182769775, 1.3421401977539062, 0.4438694417476654, -2.110841989517212, 1.1817586421966553, -0.9497021436691284, -0.1889633685350418, 2.439969539642334, 2.115154504776001, -0.300342321395874, -1.4955720901489258, -0.5617237091064453, 0.6402956247329712, 0.37575337290763855, -0.4708546996116638, -0.22302235662937164, -1.7332195043563843, -2.973222255706787, -1.4944549798965454, -0.12710538506507874, 2.2995948791503906, -1.6480916738510132, 1.3038170337677002, -0.9841455221176147, -0.5481352210044861, 2.521414279937744, -0.05487396568059921, 1.811657428741455, -2.8909552097320557, 1.7680846452713013, -0.3205140233039856, -2.2952780723571777, 0.49893975257873535, 0.6518983840942383, 2.435248374938965, 2.329571008682251, 2.40397572517395, 0.9229786396026611, -0.0719827264547348, -1.748979926109314, 0.18640506267547607, 1.9566515684127808, -0.6638526320457458]","[-0.6462939381599426, 1.1876474618911743, 1.0694873332977295, -0.24584294855594635, 0.35136178135871887, 0.04651230573654175, 0.10512307286262512, 0.6564738154411316, -0.8978235125541687, -0.45203113555908203, -0.13150258362293243, -0.2927219271659851, -0.6510878205299377, -0.40641066431999207, 0.327140212059021, 0.7266497611999512, 1.4002289772033691, 0.8155657052993774, -0.536980926990509, 0.7759519815444946, 0.3928532898426056, -0.90305495262146, 0.21745076775550842, 0.3586469292640686, 0.3619520366191864, -0.1676054298877716, -1.0893375873565674, -0.12432973086833954, -0.061376795172691345, 0.3751552402973175, 0.3151964545249939, 0.5666754841804504, -0.7534998655319214, 0.5822337865829468, -0.7928669452667236, -0.6164610385894775, -0.9758148789405823, 0.5291895866394043, -0.7735496163368225, -0.5772221684455872, -0.27439916133880615, -1.3650121688842773, -0.7320269346237183, -0.010761380195617676, -1.080975890159607, 0.5333631634712219, 0.6624380350112915, 0.8614241480827332, 0.3080664575099945, 1.9565998315811157, -0.7741679549217224, 0.13829413056373596, -0.311340868473053, -0.4229956269264221, -0.3548865020275116, 0.46537017822265625, 0.6721868515014648, -0.6196717023849487, -0.85244220495224, -1.1305688619613647, -0.8002842664718628, -0.7172002792358398, -0.4280884265899658, -0.019065536558628082, 0.779603898525238, 0.5086429119110107, 0.21076658368110657, -0.8052479028701782, 0.15489201247692108, -0.014771699905395508, 0.3412986397743225, 0.17193655669689178, -0.004218503832817078, 0.2283863127231598, 0.10613030195236206, -0.7320123314857483, -0.9126567840576172, 0.23454441130161285, 0.1641019731760025, 0.5480474233627319, -0.45675110816955566, -0.3538784682750702, -0.5793691873550415, -0.6274660229682922, 0.6172928810119629, -0.05706179141998291, 0.40742817521095276, -0.17987719178199768, 0.6307965517044067, 0.3857659101486206, 0.822823166847229, 0.3950594663619995, -0.4470169246196747, 0.9113140106201172, -0.47601422667503357, 0.23785604536533356, 0.09650914371013641, 0.18264266848564148, -0.4933488070964813, 0.4923195242881775, 1.307262897491455, -0.4824725389480591, 0.8186521530151367, 0.6105129718780518, 0.39390361309051514, 1.3408184051513672, -0.17865848541259766, 0.8840762972831726, -0.04032002389431, -6.158381938934326, -0.03993178904056549, -0.43764981627464294, 0.0850384384393692, 0.46672677993774414, 0.24366505444049835, 0.3028460741043091, 0.998332142829895, -1.2855063676834106, -0.36550915241241455, 0.2724480926990509, 0.010569050908088684, -0.7909359335899353, -1.7729288339614868, 0.5030596256256104, -1.3818974494934082, 0.7419080138206482, 1.1773834228515625, -0.30199703574180603, -0.1308647096157074, 0.07075710594654083, 0.9561663269996643, -0.49922898411750793, -0.21658986806869507, -0.39256930351257324, 1.0083751678466797, -1.9987225532531738, 0.2960636615753174, -1.5204277038574219, 0.37958455085754395, 1.1539452075958252, 1.3990821838378906, 1.1799992322921753, 1.2652814388275146, -0.5566142201423645, 0.94489586353302, 0.45101356506347656, 0.1488584727048874, 0.01729777455329895, -0.3076663315296173, -0.07921019196510315, 0.7125489115715027, -0.5741420984268188, 0.01007094606757164, 0.3468736410140991, 10.64787769317627, 0.27602261304855347, -0.3963697552680969, -0.5074330568313599, -0.19036048650741577, 0.893996000289917, 1.0631195306777954, 0.8749065399169922, -0.8717736601829529, 1.0552643537521362, -0.3893190622329712, -2.075256824493408, -0.8776719570159912, -0.966960608959198, -0.597353458404541, 0.027802038937807083, 0.1671144962310791, -0.02651570737361908, 0.43822869658470154, -0.5440428853034973, -0.3719883859157562, 1.0894250869750977, -1.1723178625106812, 0.4538506865501404, -1.0662291049957275, -0.37736251950263977, 0.7260170578956604, -0.4593527019023895, -0.19585931301116943, 0.7899031639099121, -0.7003277540206909, -0.2609938681125641, 0.23075620830059052, 0.949673593044281, 0.8753681778907776, 0.1325124353170395, 0.6857555508613586, 1.5564546585083008, 0.08104866743087769, 0.5838324427604675, -0.4447532594203949, -0.17395973205566406, -1.1813305616378784, 0.3109744191169739, 0.20688170194625854, -0.27007243037223816, 0.07298970222473145, -0.8483206033706665, -0.6515311002731323, 0.05818179249763489, 0.16476503014564514, 0.15476320683956146, -0.5143223404884338, 0.1358301341533661, -0.30199578404426575, -1.5702173709869385, -0.7263436317443848, -0.661382794380188, -1.3814071416854858, 0.2386055886745453, -0.05625705420970917, -0.5954148769378662, -0.150066077709198, 0.885127604007721, -1.1355886459350586, -1.1168248653411865, 0.5236290693283081, 1.3875808715820312, 0.12576889991760254, 0.09108807891607285, 1.4239739179611206, 0.05378367006778717, -0.3544628918170929, 0.31951838731765747, -0.4927970767021179, -0.7202606201171875, 1.0180491209030151, -0.3136028051376343, 0.7840983867645264, -0.445567786693573, 1.3707188367843628, -0.4784764051437378, -0.9446598887443542, 0.31699544191360474, 0.2679464519023895, -0.008869817480444908, 0.09625858068466187, 0.36270496249198914, -1.3522965908050537, -0.5216614007949829, -0.3674905598163605, 0.8371837139129639, -0.3477434515953064, -0.7601920962333679, -0.04442039132118225, 0.029027072712779045, 1.3431427478790283, -0.9081029891967773, -0.29507508873939514, -0.1792474091053009, -1.5807081460952759, 0.8217849135398865, -0.597639799118042, 0.7447362542152405, 1.0257248878479004, -0.5935685038566589, 0.4429439902305603, 0.3945755958557129, -0.16085048019886017, -0.36271074414253235, 0.48310646414756775, -0.3187331557273865, -0.29570645093917847, -0.6262176632881165, -0.35657766461372375, 0.7444714307785034, -1.2955303192138672, 0.7130092978477478, 1.3100794553756714, 0.8932563066482544, -1.4570345878601074, -0.19724778831005096, -0.166029155254364, 0.8611476421356201, -0.003915175795555115, 0.041075803339481354, -1.0977791547775269, -0.9831116199493408, -0.10422751307487488, 0.08267651498317719, 0.7593771815299988, -0.5231063365936279, 0.7434000968933105, 0.5885441303253174, -0.26580578088760376, -0.25471654534339905, 0.21859055757522583, 0.32378894090652466, 0.7227197885513306, -1.3721503019332886, -0.6375934481620789, -0.20116186141967773, 1.4204483032226562, -0.5614173412322998, 0.04713503271341324, 0.37817245721817017, -0.2982853949069977, -1.0268149375915527, 0.19083547592163086, 1.4861509799957275, -0.18702304363250732, -0.6508541703224182, 0.24925638735294342, -1.1173396110534668, -0.31209516525268555, -1.1896882057189941, -0.33995217084884644, 0.09951227903366089, -1.2854903936386108, 3.5402679443359375, -0.8479365706443787, 0.20999982953071594, -0.7136193513870239, 0.5370121598243713, 0.7648382782936096, 0.09959312528371811, 0.4896703064441681, -0.13104858994483948, 1.1991666555404663, -0.5487682223320007, 0.39985454082489014, -0.7765453457832336, -0.060558021068573, 0.7882542610168457, 0.7276880145072937, -0.16990943253040314, -0.30028101801872253, 0.3165528476238251, 0.6206815242767334, -0.4995501637458801, 0.43509653210639954, 0.07497931271791458, -0.030659213662147522, 0.6235846281051636, 0.1708153784275055, 0.5460618734359741, -0.6975165605545044, -0.6555382013320923, 0.7233582735061646, 0.4277861416339874, 0.7919506430625916, 0.68037348985672, -0.5967053771018982, -1.6948299407958984, 0.2167397141456604, 0.16037285327911377, -1.2550060749053955, -0.3978477418422699, 0.3061901032924652, 0.21425455808639526, -0.7396087050437927, 0.8280664682388306, 0.25770092010498047, 1.3908421993255615, 0.5573828220367432, -0.5917632579803467, -1.1420854330062866, 0.48859459161758423, -0.1597651243209839, -0.17974378168582916, 0.17118364572525024, -0.8148132562637329, -0.8099575042724609, 0.20395474135875702, -0.2452704906463623, -1.4475115537643433, -1.5597716569900513, 0.672398567199707, -0.12062045186758041, -0.28708717226982117, 0.24428275227546692, -0.4876168370246887, -0.14509519934654236, -0.9589921236038208, -0.7073777914047241, -0.9749239683151245, -0.7836567163467407, 0.3476061522960663, -0.2726494371891022, 0.15198686718940735, 1.2942101955413818, -1.0766894817352295, 1.1522266864776611, -0.44386985898017883, -0.6441072225570679, 0.7280712723731995, -0.10890194773674011, -0.2084404081106186, 0.04113726317882538, -0.22396905720233917, -0.868134617805481, 0.6094124913215637, -1.0431379079818726, -0.530732274055481, -0.1795157939195633, 1.0232666730880737, 0.4245280623435974, 0.7368204593658447, -0.82863450050354, 1.3240910768508911, 1.3889306783676147, -0.4319363832473755, -0.6505074501037598, 0.1016567274928093, 0.25177812576293945, -0.15255051851272583, 1.800483226776123, 0.2039874792098999, 0.0031684935092926025, -0.6052488684654236, 0.6745549440383911, -0.3265388011932373, -0.46268409490585327, -0.38575315475463867, 0.19602736830711365, 0.6025173664093018, 0.4542831480503082, 1.097914218902588, -0.9727851152420044, -0.6238255500793457, 1.3099148273468018, -0.587562620639801, -0.5707988142967224, -0.22149184346199036, 1.107785701751709, -0.7994916439056396, -0.5850365161895752, -0.6392710208892822, -0.5556502938270569, -0.03064434975385666, -0.12260810285806656, -0.38300371170043945, 0.9525563716888428, 0.997599720954895, -1.623326301574707, -1.193328857421875, 0.3089061975479126, 0.6875178813934326, 0.38462522625923157, -0.26445913314819336, 0.05971027910709381, 0.9257418513298035, -0.3511769473552704, -1.3575036525726318, 0.24425101280212402, 0.3963938355445862, -0.2157706618309021, 0.6957346200942993, 0.7716353535652161, -0.8511375784873962, 0.07002977281808853, -1.0757304430007935, 0.06869971752166748, -0.30331504344940186, -0.36935433745384216, 0.9250844717025757, 0.2636535167694092, -1.704576015472412, 0.8895192742347717, 1.2199119329452515, -0.5326290130615234, -0.0034099221229553223, 1.4122660160064697, -0.412711501121521, -0.9039808511734009, -0.6268329620361328, 0.4263917803764343, 0.38102465867996216, 0.35708940029144287, -0.19209730625152588, 0.5039193034172058, -0.03107386827468872, -0.39605826139450073, -0.9586845636367798, 0.09046779572963715, -1.4619977474212646, 0.2082482874393463, -1.2596466541290283, -0.15051281452178955, -0.38500428199768066, 0.8008117079734802, -0.8954943418502808, -0.29886695742607117, -0.1793316900730133, 0.29951733350753784, 0.9049455523490906, -0.474345862865448, -0.4243197441101074, -0.3043588399887085, -1.164268970489502, -0.799774169921875, 0.4696837365627289, 0.41617974638938904, -1.3678497076034546, -0.572524905204773, 0.094093456864357, -0.016127213835716248, 2.061889886856079, 0.2300395518541336, 0.5233781933784485, -0.36486831307411194, 1.9696980714797974, 0.28413882851600647, -1.1102478504180908, 0.13671822845935822, -0.47709351778030396, -1.204962134361267, -0.824594259262085, 1.1232084035873413, 0.7524145841598511, -0.42007553577423096, -0.05348695442080498, 0.4480254054069519, 0.3426628112792969, -1.204491376876831, 0.07167094200849533, -1.1244676113128662, -0.6349765062332153, 0.2539042532444, -0.0043874457478523254, 1.0343196392059326, 0.013760387897491455, -0.5027633905410767, -0.44390448927879333, 0.029910258948802948, 0.9228957295417786, 0.17928458750247955, 0.21915796399116516, 0.2982181906700134, 0.16257137060165405, 0.8263117074966431, 0.8587830066680908, 0.5538530349731445, -0.08978280425071716, -0.572378396987915, 2.2399747371673584, 0.8693491220474243, 0.7837356328964233, -0.06501664221286774, -0.43954822421073914, -0.9361777901649475, -1.1423860788345337, -0.7199084162712097, -0.6438918113708496, -0.9849225282669067, -0.2345491349697113, -0.0697464644908905, -0.8265424966812134, -2.018571615219116, -0.5446361303329468, -0.45364850759506226, -1.1757732629776, 0.5599690079689026, -0.5512535572052002, 1.0146377086639404, 0.3293217718601227, 0.20560945570468903, 0.07171241194009781, 0.1625833511352539, -0.29448485374450684, 0.8792893290519714, 0.6310185194015503, -1.7523837089538574, -0.0676393210887909, 0.4063715934753418, 0.5646393299102783, 1.1635935306549072, 0.6192156076431274, 0.47150754928588867, 1.195669174194336, 1.7019261121749878, 0.9295119047164917, -0.847525417804718, -0.37906643748283386, -0.6561394333839417, -0.6265180706977844, -0.6080139875411987, 0.6950823068618774, -0.46717369556427, 0.6765902042388916, 0.041856586933135986, 0.5388074517250061, -0.38772040605545044, -0.9291553497314453, 0.17083796858787537, -1.0588417053222656, 0.660159707069397, -2.845153331756592, 0.3593672513961792, 1.5441513061523438, -0.1841617375612259, 0.037535011768341064, 0.8633080124855042, 0.1461893618106842, -0.8996597528457642, 0.49806496500968933, 0.5686627626419067, -0.31689783930778503, 0.18933098018169403, -1.1699869632720947, 0.5377553105354309, 0.01698058843612671, -1.1884403228759766, -0.5055131912231445, -0.3097954988479614, 0.2742820680141449, 0.4450805187225342, 0.1418519914150238, -0.7210705280303955, -0.19248859584331512, 0.3671441674232483, 0.027428530156612396, -1.9570518732070923, 0.34300923347473145, 0.6503666043281555, -0.3107224106788635, -0.41324329376220703, 0.09508022665977478, 0.30320772528648376, -0.004723798483610153, -0.4401029050350189, -0.5566508173942566, -0.539143979549408, -0.9325625896453857, -0.554732084274292, 0.08348798006772995, -0.9549881815910339, -1.422322154045105, -0.867089033126831, -0.6537312865257263, -0.9540486931800842, -0.5024285316467285, -2.005999803543091, 0.11955036222934723, -0.5837409496307373, 0.03426545858383179, 1.5088790655136108, -0.04710499197244644, -0.29316362738609314, -0.027813121676445007, -0.9362950921058655, -0.5100056529045105, 0.8714704513549805, -0.8764314651489258, -0.6171339750289917, -0.7910705804824829, -0.5907549858093262, 0.04208135977387428, -0.1260615438222885, -0.3094065189361572, 0.001443721354007721, 0.17424291372299194, -0.5280215740203857, -1.3728570938110352, 0.9257571697235107, 0.8921613693237305, 0.17334523797035217, -0.8420404195785522, -1.2191194295883179, 0.9919891357421875, -0.0462808683514595, -0.7607943415641785, -0.1814703494310379, 0.6514636874198914, -1.165147304534912, -1.3239080905914307, 0.6992702484130859, 0.7260782718658447, -0.30132222175598145, -0.06490741670131683, 0.9498447775840759, 0.2861185371875763, -0.47795283794403076, -1.8102333545684814, -0.7178425192832947, -0.6829981207847595, 0.6289061307907104, 1.2857550382614136, 0.7066065669059753, 0.13270245492458344, -0.7564823031425476, 1.3346011638641357, 0.10383859276771545, -0.5376038551330566, 1.0323559045791626, -0.03125452995300293, -0.12414820492267609, -0.08545076847076416, -0.8824254870414734, 1.5876950025558472, -0.33315712213516235, -0.22117841243743896, 0.3605737090110779, -0.7929803729057312, -0.13123691082000732, 0.7587563991546631, 0.7028340697288513, -0.6041529774665833, -1.2079923152923584, 0.5454897880554199, -0.1440940946340561, -0.15588748455047607, -0.29789578914642334, -0.5881105065345764, -0.2825244665145874, 0.44792354106903076, -0.6974799633026123, -0.6616951823234558, -0.05721670389175415, -0.3015214204788208, -1.0227792263031006, -0.23483304679393768, -1.3943325281143188, -0.3979392945766449, -0.23825490474700928, 0.3965888023376465, 0.10320709645748138, 0.49431586265563965, -0.7663305997848511, -0.2912707030773163, 0.1478847712278366, -0.21029287576675415, 0.6257301568984985, 0.39849522709846497, -0.5015394687652588, -0.6165212392807007, -1.175207257270813, -1.1843695640563965, -0.37263524532318115, -0.2102837711572647, -1.1512850522994995, 0.46037161350250244, -0.6534043550491333, 0.317606657743454, 0.9004508256912231, 0.8446836471557617, 0.7627240419387817, -0.5812065601348877, 1.4371141195297241, 0.3809961676597595, 0.7684169411659241, -0.9878690838813782, -1.5340352058410645, -1.4993716478347778, 0.050399672240018845, 0.5864821672439575, -1.3455640077590942, -0.22645016014575958, -0.7071582674980164, -0.14217250049114227, -1.2742478847503662, 0.7942913770675659, 0.05805224925279617, -0.9987313151359558, 0.7208464741706848, 0.8725718855857849, -0.8226070404052734, -0.6147361993789673, 1.1709481477737427, 1.1250256299972534, -0.46977218985557556, 0.23221704363822937, 1.5621892213821411, -0.8240684270858765, 0.8292374014854431, 1.628292441368103, 2.114835262298584, -2.27944016456604, 2.6480984687805176, 2.1947991847991943, -1.0684871673583984, -0.3750768303871155, 0.09653551876544952, 0.1389629989862442, -0.4438767433166504, -0.3021099269390106, -0.2497769594192505, -0.7482549548149109, -0.26378947496414185, -0.375693678855896, 0.8258521556854248, -2.078378677368164, 0.16823789477348328, 0.4653679430484772, -0.4272165894508362, 1.1020212173461914, -0.21900029480457306, -1.661938190460205, -1.6614878177642822, -0.5092933177947998, -1.6771451234817505, 1.8211684226989746, -0.2453451305627823, 1.4605634212493896, -2.20807147026062, 0.29451242089271545, -0.9153881072998047, 0.12090437114238739, 0.8634281754493713, 0.9700751304626465, -1.278157114982605, -0.619247555732727, -0.667812168598175, 0.5357533693313599, 0.277181476354599, -0.4010891914367676, -0.3235318660736084, -0.693719744682312, 1.2259496450424194, 0.9751357436180115, -1.439839482307434, 0.2509000599384308, -1.8102495670318604, 0.22829344868659973, 1.8262677192687988, -0.8669725060462952, -0.32489800453186035, -0.7869062423706055, 0.06279078125953674, -0.35199910402297974, -1.508806824684143, 0.4308122992515564, 1.1199918985366821, -0.7377845048904419, -1.1034598350524902, -1.600691556930542, 0.09816788136959076, -0.3636055886745453, 1.082703948020935, 0.9784993529319763, -1.504853367805481, 0.6283895969390869, -0.7212454080581665, -2.011397361755371, 0.4301610291004181, -0.3856576085090637, -0.2525347173213959, 0.254488468170166, -0.8428065776824951, 0.06818632781505585, 0.7473132014274597, -1.1433231830596924, -0.9262876510620117, -1.6029332876205444, 0.7972089052200317, 0.3634573519229889, 1.9423668384552002, -2.1456212997436523, 0.5935690999031067, 2.4249327182769775, 1.3421401977539062, 0.4438694417476654, -2.110841989517212, 1.1817586421966553, -0.9497021436691284, -0.1889633685350418, 2.439969539642334, 2.115154504776001, -0.300342321395874, -1.4955720901489258, -0.5617237091064453, 0.6402956247329712, 0.37575337290763855, -0.4708546996116638, -0.22302235662937164, -1.7332195043563843, -2.973222255706787, -1.4944549798965454, -0.12710538506507874, 2.2995948791503906, -1.6480916738510132, 1.3038170337677002, -0.9841455221176147, -0.5481352210044861, 2.521414279937744, -0.05487396568059921, 1.811657428741455, -2.8909552097320557, 1.7680846452713013, -0.3205140233039856, -2.2952780723571777, 0.49893975257873535, 0.6518983840942383, 2.435248374938965, 2.329571008682251, 2.40397572517395, 0.9229786396026611, -0.0719827264547348, -1.748979926109314, 0.18640506267547607, 1.9566515684127808, -0.6638526320457458]"
30,4,ترفيعة,finan,"8

غ ّ أ ا ا 0 وحوح نا 1
الح د م
السو سي ا لعن وله ا 27 7
جح جع عد جد ا فر ا
رار رسم/ 7 / 01 1
بناء على اجات الاعون رمم 7 اللمام تفرد ِ - ل
وال ايا اين لاسي لهااي باسيلة رض ‎١7‏ لطر هلدا ا د
وعلى احجام المرسوترعم/1 ؟ ل ا ل 0 7 قد
با اس اليه الما لقم ادا العاطين الشكلة بالوار يق 67 ارين ا ل
191/1 ٠١والمفترن‏ بمصادقة اندجنة ال«ركريارمة لتعوي داءالساملين في وزارة الرى
اللشخلة بالغرار رمم لاا بار ا١ل‏ 131/17
يدر مايال-دسسية
مادق ‎١‏ يرف ترفيما ” عاديا كلأ من السادة الواردة اسماوهم|دتاه والعاملين لتنى وزارة الرى
منيرية الرى العامة لحولر الساحن ** ألئة الاولى ‏ - وذلك اعشاراص نا 7 1
سق الاح تي ً
الا ااي رد الاي الع ال ا دار الصوان ال لل ا ل ا
صرالارد ‏ الرسم اله لوم شاي شم سل
سميرا حمد هيفا ميتدين تي ١ل‏ ولى -71561 7-1 111 حي 1 م7 سقف العتة
ميل حسن نوق 2 0 َ ‎177١‏ 74 13 ا 0
سمير محمد متوج َِ ِ ٍَ 1111 1 1 ب يدا ا 5
طن ديم لوا ِ 3 1100 0 017 ا ن الال ِ 2
احمد ابراهيم عبد 2 ِ ِ © ‎٠7٠١‏ 1 « يل“ ا بماد
ذدعك ابراسيم محمود مهندسة مدثية الاولي. ‎7١17‏ 1 017 ا مض مقف الساه
طلان مطح البوسعي. - 3 “ ااا 11 .11 ا 7110
سوران محممدمسعودالترث ِ ِ 181"" 7/1 م عند ل 1 م7 ِ ِ
مشطقى حصل قسرة ‏ مهثلين تي الا زلى 11751 7 الف ل 1
ا على عامىي ِِ ٍ َ 119 181 0"" ل 6
صلا صا ل معلا . ِ : 8ه 71181 0 حي 1
أشن عل منادة ِِ اد 1 7/4 571 ا 110
مصطفى محمد مسطفى - ِ 1017 1 07 ا 1185
متى عدتان هلال ِ 2 ِ 11*91 783 66ت ل 1105
محعين يونس عيسى 20 . . 1 ل 0 ا 0 ا
)> كمال محط طول 2 ِ ِِ 06 7/1 1"" 0 1 عاب
مس اا بويا حا ميزه 7/1 51 احا 115
عماد صاذج مسعود | - ٍِ ِِ 0 1 571 سخ 01
تاررى ساني الفسيرى - ِ ِ حيرت 79 1 ا 113 لحارم
ستير أحط عصيان 7 2 ب 111 ا 01 ا 1
حسان ابراسب شسعيان 2 ِِ 2 كل 74 0 ا 1 11
زهير رصوان قصة ِ ِ ِ 11071 0 ون 1 ا 1713
بارن ارا حي 2 د ِ 0 11 1 م 1
0
7","[-1.202821969985962, 0.6998982429504395, 0.4433285892009735, -0.06987413763999939, 0.44714513421058655, -0.05437970161437988, 0.18149378895759583, 1.2040226459503174, -0.690010666847229, 0.5314467549324036, -0.18293842673301697, -0.3699173331260681, -0.6670184135437012, -0.545214056968689, 0.04583004117012024, 0.35328465700149536, 1.5531277656555176, 0.4742608070373535, -0.23716066777706146, 0.480386346578598, 0.4276687204837799, -0.9021979570388794, 0.007222936488687992, 0.4552881121635437, -0.22736544907093048, -0.32099342346191406, -0.4240559935569763, -0.4287477433681488, 0.19975371658802032, 0.9064972400665283, 0.4565806984901428, 0.43663978576660156, -0.5932244062423706, 0.05821188539266586, -0.26912590861320496, -0.9274303913116455, -1.2200100421905518, 1.0936344861984253, -0.46730494499206543, -0.5166215300559998, -0.1883024275302887, 0.0905769020318985, -0.9482018947601318, -0.2348758727312088, -0.9642611742019653, 0.3893333673477173, 0.5729110836982727, 1.750822901725769, 0.36696693301200867, 1.1568559408187866, -0.5172616839408875, 0.15290626883506775, -0.4235764741897583, -0.3260209560394287, -0.44300001859664917, 0.6543824672698975, 0.8113952875137329, -0.5669043064117432, -0.6228681206703186, -0.8864815831184387, -0.6913694143295288, -1.0618269443511963, -0.24348784983158112, -0.12848231196403503, 0.9867550730705261, 0.5255757570266724, 0.23510700464248657, -1.2880375385284424, -0.6950451731681824, -0.3418148159980774, 1.1236320734024048, 0.23444034159183502, -0.6706627011299133, 0.9971141815185547, 0.12796463072299957, -1.251806378364563, -1.360202431678772, 0.2690492868423462, -0.12529301643371582, -0.19036729633808136, 0.11490879952907562, -0.7509925365447998, -1.168343186378479, -0.4648705720901489, 0.9271528720855713, 0.38983410596847534, 1.4405858516693115, -0.8703987002372742, -0.4126822352409363, 0.3249152898788452, 1.0939967632293701, 1.3016096353530884, 0.2547866404056549, 0.8369019031524658, -0.5344676375389099, 0.03150607645511627, -0.30978071689605713, -0.3460938334465027, -0.0951552763581276, 0.8946058750152588, 1.4418153762817383, -0.8561790585517883, 1.3525296449661255, 1.0347154140472412, 0.6289305090904236, 0.6740093231201172, -0.07590191066265106, -0.10429756343364716, -0.6164323091506958, -5.372889041900635, -0.16239705681800842, -0.28388142585754395, 0.40369176864624023, 0.8551071286201477, 0.05418364703655243, 0.6578489542007446, 0.6406663060188293, -1.2779464721679688, -0.5722907781600952, 0.06125810742378235, 0.6880508661270142, -1.7573491334915161, -1.4291592836380005, 0.260538250207901, -1.8353679180145264, 1.1362178325653076, 0.8259546756744385, -0.35592493414878845, 0.28184372186660767, 0.2564198970794678, 1.42931067943573, -0.13679584860801697, 0.2148682326078415, -0.5557342171669006, 0.47164109349250793, -1.5967700481414795, 0.47637343406677246, -1.4110532999038696, 0.7821036577224731, 0.8202406167984009, 1.440840244293213, 1.3263031244277954, 1.1077791452407837, 0.0783056765794754, 1.6454182863235474, 0.17416077852249146, 0.30860546231269836, -0.429528146982193, -0.47717157006263733, 0.2355729043483734, -0.40985018014907837, -0.47951194643974304, 0.015452016144990921, 0.4929508566856384, 10.524462699890137, 0.47926509380340576, -0.32866138219833374, -0.5622303485870361, -0.535042405128479, 0.49040472507476807, 1.0351672172546387, 0.336381733417511, -0.833369255065918, 1.164665699005127, 0.16525262594223022, -2.3196053504943848, -0.7122982740402222, -1.5867162942886353, -0.3502587080001831, 0.04685875400900841, 0.1179405152797699, 0.2337406724691391, 0.015106797218322754, -0.2937223017215729, 0.21949723362922668, 1.4144909381866455, -1.3675930500030518, 0.14814496040344238, -0.839280903339386, -0.39193519949913025, 0.6575693488121033, -0.1875951588153839, -0.14062801003456116, 0.16004997491836548, -1.1385444402694702, -0.982829213142395, 0.07616718113422394, 0.05413106456398964, 0.9716922044754028, 0.27685117721557617, 1.7943516969680786, 1.2019973993301392, 0.1822182983160019, 0.6101136803627014, -0.4819723665714264, 0.07461090385913849, -0.7172057032585144, 0.47599971294403076, 0.07456734031438828, -0.017268653959035873, -0.04938676208257675, -0.7629750967025757, -0.5134268403053284, -0.10756225883960724, -0.14653193950653076, 0.4293971061706543, -0.5305379629135132, -0.21084529161453247, -0.26200374960899353, -1.201484203338623, -0.7091382741928101, -0.49400174617767334, -1.077495813369751, 0.6550484299659729, -0.24168914556503296, 0.1379813551902771, 0.2505128085613251, 0.6611946225166321, -0.971542239189148, -0.6347423791885376, -0.00826997309923172, 1.0794912576675415, -0.0373285748064518, 0.5351663827896118, 1.1740148067474365, -0.6346952319145203, -0.20994964241981506, 0.02571403980255127, -0.30673760175704956, -1.1464862823486328, 0.48554888367652893, 0.00354141928255558, 0.8397380113601685, 0.4270898103713989, 1.156707763671875, -0.5656461715698242, -0.7510327100753784, -0.4459960460662842, 0.2544708251953125, -0.14774389564990997, -0.15054810047149658, -0.0823754221200943, -1.1208770275115967, -0.158095121383667, -0.48385903239250183, 0.9468827247619629, -0.7669416666030884, -0.5941758155822754, -0.04870021343231201, -0.3637552261352539, 1.1476645469665527, -1.3465874195098877, -0.5604937672615051, -0.546103298664093, -0.6589058637619019, 1.1632757186889648, -0.1414373368024826, 0.8855985403060913, 0.8320630788803101, -0.011740727350115776, 0.3960626721382141, 0.9369721412658691, -0.23245824873447418, 0.15219825506210327, 0.5275766849517822, -0.3763774335384369, -0.025569088757038116, -0.8228289484977722, 0.2839258909225464, 0.14519734680652618, -1.1037962436676025, 0.10966761410236359, 1.1622231006622314, 0.5284069180488586, -1.3808584213256836, 0.2224883735179901, 0.531606912612915, 0.5429273843765259, -0.06097705662250519, 0.8044898509979248, -1.3320266008377075, -1.7005101442337036, 0.17150864005088806, 0.1734115332365036, 1.3874454498291016, -1.2631081342697144, 0.7291828989982605, 0.5528866052627563, 0.26600220799446106, -0.14956170320510864, 0.3156946897506714, -0.0003793202340602875, 0.2502068281173706, -1.4095169305801392, -0.48334503173828125, -0.08092541992664337, 0.9871031641960144, -0.07212227582931519, 0.26868560910224915, -0.13567934930324554, -0.570418119430542, -1.4749764204025269, -0.06602756679058075, 1.7757294178009033, -0.1388419270515442, -0.4832753539085388, 0.6739102602005005, -0.15415887534618378, -0.6484306454658508, -0.904188334941864, -0.41950637102127075, 0.280504047870636, -0.8679946660995483, 2.8945348262786865, -0.18462251126766205, 0.2689562737941742, -1.359283208847046, -0.06126142665743828, 1.400024652481079, 0.5795222520828247, 0.6008418798446655, -0.017326314002275467, 1.4660552740097046, -0.598410964012146, 0.9327462911605835, -1.7505247592926025, -0.4721718430519104, 0.5239139795303345, 0.7486606240272522, -0.20584708452224731, 0.4058452546596527, -0.22664152085781097, 0.9041674137115479, -0.8295590281486511, 0.22834545373916626, -0.49112436175346375, -0.3622804284095764, 0.7753815650939941, -0.3025370240211487, 0.7975965142250061, -0.37064260244369507, -0.3065028488636017, 0.6426401138305664, 0.8861969113349915, 0.674432635307312, 0.09003680944442749, -1.0306066274642944, -1.2654261589050293, -0.12950146198272705, 0.34601783752441406, -0.8688439130783081, -0.6455129384994507, 0.6361594796180725, 0.15012772381305695, -0.6261225938796997, 0.32651299238204956, 0.09478995949029922, 1.3660088777542114, 0.45575106143951416, 0.21725240349769592, -0.6470402479171753, 0.9810007214546204, -0.22426576912403107, -0.5034438371658325, -0.05027320981025696, -1.1836919784545898, -1.093723177909851, -0.09913502633571625, -0.6992496252059937, -1.538642168045044, -1.410921335220337, 0.7811999917030334, -0.3867407739162445, -0.6392061710357666, 0.4342725872993469, -0.1719222068786621, -0.8266927003860474, -0.8460988998413086, -0.1725092977285385, -0.9962080717086792, -0.7345092296600342, 0.7262567281723022, -0.6352552175521851, 0.2311325967311859, 1.2252601385116577, -0.6401645541191101, 0.7784886360168457, -0.43187201023101807, -0.20861811935901642, 0.2786981761455536, -0.19916704297065735, -0.15467359125614166, 0.11039812862873077, -0.3244423270225525, -0.9078029990196228, 1.0255793333053589, -0.9216001033782959, -0.6363704204559326, -0.147885262966156, 0.9321087002754211, 0.26801151037216187, 0.12962569296360016, -1.1479620933532715, 2.042462110519409, 0.8943650722503662, -0.7294178009033203, 0.5893632173538208, 0.10518226027488708, 0.5985848903656006, 0.4843901991844177, 1.5037034749984741, 0.5394193530082703, 0.28124770522117615, 0.36307018995285034, -0.08289527148008347, -0.07388819009065628, -0.6846637725830078, -0.5581717491149902, 0.7019035816192627, 1.3189831972122192, 0.5726983547210693, 1.4407143592834473, -0.868824303150177, -0.8327349424362183, 1.1455622911453247, -0.6128543019294739, 0.007579980418086052, -0.2662222385406494, 1.5423877239227295, -0.9731329679489136, -0.7446916103363037, -0.7094883322715759, -0.09685498476028442, 0.4798887372016907, 0.5951244831085205, -0.42061007022857666, 0.4079534113407135, 0.6530316472053528, -1.2780394554138184, -1.0354738235473633, 0.43482425808906555, 0.4473141133785248, 0.27233976125717163, 0.08411046117544174, -0.4733821749687195, 0.44863057136535645, -0.6640049815177917, -1.248052716255188, -0.23730899393558502, 0.2678946852684021, 0.27091896533966064, 0.6770265698432922, 0.6378231644630432, -0.6879982948303223, 0.8958873748779297, -0.2524610161781311, -0.1365685611963272, -1.252105951309204, -0.87358158826828, 0.6996901631355286, -0.06374481320381165, -1.431391954421997, 0.6988534331321716, 1.0884538888931274, -0.3102448582649231, 0.10271944105625153, 1.824637770652771, -0.44572025537490845, -0.6763361096382141, -0.4731598496437073, 0.6449221968650818, 0.12704531848430634, 0.12821605801582336, -0.1746155321598053, 0.31479278206825256, 0.04682892560958862, -1.1553175449371338, -1.2186247110366821, 0.1669856458902359, -0.9253929257392883, -0.16957415640354156, -1.4537696838378906, -0.5497490167617798, 0.6271456480026245, 0.678750216960907, -1.3338360786437988, -0.15386652946472168, 0.1104399561882019, 0.05096650868654251, 0.47081127762794495, -0.3713894188404083, -0.015267595648765564, -0.22563570737838745, -1.24513578414917, -0.7575863003730774, 0.8676432371139526, 0.03693874552845955, -0.6643408536911011, -0.40899163484573364, -0.4274689257144928, 0.45715850591659546, 1.7549329996109009, 0.1846289187669754, -0.2630966305732727, -0.788865327835083, 1.044521689414978, 0.5649617910385132, -0.7349427938461304, -0.008105617947876453, -1.0293684005737305, -1.203500747680664, -1.1078280210494995, 0.7195194959640503, 1.0611168146133423, -0.6942813992500305, 0.8120943903923035, 0.7068981528282166, 0.8294821977615356, -1.3086848258972168, -0.029928676784038544, -0.8017305135726929, -0.7060720920562744, -0.18975764513015747, -0.150717094540596, 1.1259846687316895, 0.3084869384765625, -0.8503518104553223, 0.039869554340839386, 0.14049066603183746, 0.5655537843704224, 0.49282392859458923, 0.2523123621940613, 0.26705196499824524, -0.11487803608179092, 0.8163790106773376, 1.0851606130599976, 0.7870602607727051, 0.1414247304201126, -0.5520732998847961, 1.785786747932434, 0.5062507390975952, 0.7148536443710327, -0.6789456605911255, -0.44749894738197327, -1.3928861618041992, -0.8712013363838196, -0.8025415539741516, -0.6402075886726379, -0.749549150466919, -1.0015758275985718, 0.5011774301528931, -0.5646706819534302, -2.2196927070617676, -0.8440426588058472, -0.6824881434440613, -0.835074782371521, 0.12907172739505768, -0.4034184515476227, 0.9163123369216919, 0.7002233266830444, 0.31633609533309937, -0.20496591925621033, 0.7494385242462158, -0.7169315218925476, 0.24953743815422058, 0.3320128917694092, -1.237453818321228, -0.09977637231349945, -0.06643284857273102, 0.42718154191970825, 0.80355304479599, 0.08063714951276779, 0.6938832998275757, 0.14769510924816132, 1.5346699953079224, 1.1681420803070068, -0.6003626585006714, -0.289991170167923, -0.25103333592414856, -0.9702432751655579, -0.17050543427467346, 0.9273964166641235, -0.8766409754753113, -0.16559574007987976, -0.05140625685453415, -0.1917947232723236, -0.5854681730270386, -0.3988274931907654, -0.08498751372098923, -1.4558298587799072, 0.3332340717315674, -3.1727237701416016, 0.3516576290130615, 0.5069830417633057, -0.49963074922561646, -0.16410833597183228, 0.5776230692863464, 0.4535839259624481, 0.37121671438217163, -0.07427439093589783, 0.8402225971221924, -0.3385348618030548, 0.5522562861442566, -1.0814871788024902, 1.0106998682022095, -0.18307319283485413, -0.5649341344833374, -0.08306519687175751, 0.07888074219226837, 0.526630163192749, 0.1805488020181656, -0.29200267791748047, -1.3855924606323242, -0.4915313720703125, 0.13301436603069305, 0.3262459933757782, -1.8099253177642822, 0.7232481837272644, 0.529731273651123, -0.7536092400550842, -0.47676223516464233, 0.2309536188840866, 0.2677268981933594, 0.24515946209430695, -1.039365291595459, -0.29861485958099365, -0.8423231244087219, -0.751707911491394, -0.36133521795272827, -0.7193924188613892, -0.44023412466049194, -1.588018536567688, -0.14270570874214172, -0.22081813216209412, -0.28149861097335815, -0.9852514266967773, -2.041444778442383, 0.2686448395252228, -0.650710940361023, 0.4730536937713623, 1.5281214714050293, 0.12802448868751526, -0.22408442199230194, 0.6614745855331421, -1.0607235431671143, -0.5467890501022339, 0.5633580684661865, -0.7211870551109314, -0.4994490146636963, -0.7108256220817566, -0.16546188294887543, 0.15435028076171875, -0.5065501928329468, -0.563755214214325, -0.10505542904138565, -0.10681021213531494, -0.994815468788147, -0.4533367156982422, 1.0941975116729736, 0.6951140761375427, 0.15150439739227295, -0.6516186594963074, -1.4763017892837524, 1.357594609260559, -0.7088519334793091, -0.6171757578849792, -0.5769647359848022, 0.3854365944862366, -1.3431545495986938, -1.505115032196045, 0.5743007063865662, 0.8561831712722778, 0.37669637799263, -0.2258354127407074, 0.43431684374809265, 0.48282331228256226, -1.0014334917068481, -1.5049006938934326, -1.3346011638641357, -1.083592176437378, 0.3705938756465912, 0.4854121208190918, 0.5010727047920227, 0.03827427327632904, -0.5026500821113586, 0.9623275399208069, -0.2653047442436218, -0.23683765530586243, 1.5035890340805054, 0.2806272506713867, -0.34399405121803284, -0.4677543044090271, -1.1507883071899414, 0.9915828704833984, -0.06290465593338013, 0.4622684121131897, 0.9023198485374451, -0.4506186246871948, 0.32886868715286255, 0.2542322278022766, 0.8356689214706421, -0.9181602001190186, -1.0178229808807373, 0.7389822006225586, -0.4185836613178253, -0.48785465955734253, -0.7112761735916138, -0.3574427664279938, -0.25007790327072144, 0.4967373013496399, -0.8402669429779053, -0.19330964982509613, -0.34321850538253784, -0.37771517038345337, -0.8665773272514343, 0.48286768794059753, -1.6211110353469849, 0.028467737138271332, -0.39153358340263367, 0.41440343856811523, 0.36817747354507446, 0.14512589573860168, -0.9676312208175659, 0.41214263439178467, -0.07787974178791046, -1.10368812084198, 0.9692670106887817, -0.12339841574430466, -0.4548788368701935, -0.6423144340515137, -0.9692755937576294, -1.3869671821594238, -0.5639143586158752, 0.1465957760810852, -1.1989442110061646, 0.10157568752765656, -0.6172218918800354, 0.29441383481025696, 1.1351606845855713, 1.1536422967910767, 0.07778213173151016, -0.5379998087882996, 1.3452863693237305, 0.8322223424911499, 0.9429111480712891, -0.653245210647583, -0.8363131284713745, -1.5860294103622437, -0.1862306147813797, 0.5287123918533325, -1.3973995447158813, 0.4537370502948761, -0.9862949848175049, -0.03081144392490387, -1.178803563117981, 0.7729703783988953, 0.2377191036939621, -0.5916535258293152, 0.38274940848350525, 0.8219971060752869, -0.1692819595336914, -0.3796219825744629, 1.2553026676177979, 1.4672744274139404, -0.21148531138896942, 0.040830112993717194, 1.5765743255615234, -0.4901449978351593]","[0.9178512692451477, 1.4529849290847778, 2.0145888328552246, -2.3290157318115234, 2.4443747997283936, 2.034822463989258, -0.8888068795204163, -0.39719462394714355, 0.5817633271217346, -0.12775254249572754, -0.9189705848693848, -0.1340845674276352, -0.107144795358181, 0.18960943818092346, -0.1990041732788086, -0.16979464888572693, 1.1384888887405396, -1.5773457288742065, -0.030883295461535454, 0.3011223375797272, -0.38904231786727905, 0.8645905256271362, -0.6253974437713623, -1.1833689212799072, -1.2950891256332397, -0.4793137013912201, -1.953271508216858, 1.141459584236145, -0.3443176746368408, 1.6907508373260498, -2.1398375034332275, 0.5966833233833313, -1.113606572151184, 0.010458903387188911, 0.38359761238098145, 1.200795292854309, -0.7681567072868347, -0.6537591218948364, -0.647976815700531, 0.4050306975841522, 0.6568033695220947, -0.2884197235107422, -0.16431769728660583, -0.8139246702194214, 1.16360604763031, 1.2655510902404785, -1.477719783782959, 0.14356514811515808, -1.5677753686904907, -0.12309630960226059, 1.7439913749694824, -0.9318727850914001, 0.021956125274300575, -0.40872761607170105, -0.31442585587501526, -0.5698927640914917, -1.2943902015686035, 0.48501813411712646, 1.3466813564300537, -0.3808031380176544, -0.9841204881668091, -1.1808562278747559, 0.19101490080356598, -0.08983121812343597, 1.3144123554229736, 1.201878309249878, -1.2070280313491821, 0.6357204914093018, -0.49336308240890503, -1.5569791793823242, 0.3914912939071655, -0.2605521082878113, -0.25916534662246704, -0.08473674952983856, -0.6864016056060791, 0.02729126438498497, 0.8209953308105469, -0.7221975922584534, -1.1395771503448486, -1.2264055013656616, 0.6687601804733276, 0.17073574662208557, 1.891187310218811, -1.6825299263000488, -0.014423942193388939, 1.5907419919967651, 0.9786670207977295, 0.11278130114078522, -1.8969600200653076, 1.2697261571884155, -0.8470472097396851, -0.48083457350730896, 2.1315934658050537, 2.0144643783569336, -0.06282549351453781, -0.9130691885948181, -0.4126585125923157, 0.6577180624008179, 0.6057597398757935, -0.13450346887111664, -0.11532030999660492, -1.718748688697815, -2.4954347610473633, -0.7146511673927307, -0.43670135736465454, 1.9274406433105469, -1.6083989143371582, 0.8818452954292297, -0.7583957314491272, -0.6903657913208008, 1.8859158754348755, 0.5455185174942017, 1.4707616567611694, -2.4904134273529053, 1.4263615608215332, -0.5111693739891052, -1.937335729598999, 0.6736418008804321, 0.502234697341919, 1.9942381381988525, 2.268778085708618, 1.9368470907211304, 0.548582911491394, 0.08879251033067703, -1.8035399913787842, 0.6142753958702087, 1.6687448024749756, -0.5474061965942383]","[-1.202821969985962, 0.6998982429504395, 0.4433285892009735, -0.06987413763999939, 0.44714513421058655, -0.05437970161437988, 0.18149378895759583, 1.2040226459503174, -0.690010666847229, 0.5314467549324036, -0.18293842673301697, -0.3699173331260681, -0.6670184135437012, -0.545214056968689, 0.04583004117012024, 0.35328465700149536, 1.5531277656555176, 0.4742608070373535, -0.23716066777706146, 0.480386346578598, 0.4276687204837799, -0.9021979570388794, 0.007222936488687992, 0.4552881121635437, -0.22736544907093048, -0.32099342346191406, -0.4240559935569763, -0.4287477433681488, 0.19975371658802032, 0.9064972400665283, 0.4565806984901428, 0.43663978576660156, -0.5932244062423706, 0.05821188539266586, -0.26912590861320496, -0.9274303913116455, -1.2200100421905518, 1.0936344861984253, -0.46730494499206543, -0.5166215300559998, -0.1883024275302887, 0.0905769020318985, -0.9482018947601318, -0.2348758727312088, -0.9642611742019653, 0.3893333673477173, 0.5729110836982727, 1.750822901725769, 0.36696693301200867, 1.1568559408187866, -0.5172616839408875, 0.15290626883506775, -0.4235764741897583, -0.3260209560394287, -0.44300001859664917, 0.6543824672698975, 0.8113952875137329, -0.5669043064117432, -0.6228681206703186, -0.8864815831184387, -0.6913694143295288, -1.0618269443511963, -0.24348784983158112, -0.12848231196403503, 0.9867550730705261, 0.5255757570266724, 0.23510700464248657, -1.2880375385284424, -0.6950451731681824, -0.3418148159980774, 1.1236320734024048, 0.23444034159183502, -0.6706627011299133, 0.9971141815185547, 0.12796463072299957, -1.251806378364563, -1.360202431678772, 0.2690492868423462, -0.12529301643371582, -0.19036729633808136, 0.11490879952907562, -0.7509925365447998, -1.168343186378479, -0.4648705720901489, 0.9271528720855713, 0.38983410596847534, 1.4405858516693115, -0.8703987002372742, -0.4126822352409363, 0.3249152898788452, 1.0939967632293701, 1.3016096353530884, 0.2547866404056549, 0.8369019031524658, -0.5344676375389099, 0.03150607645511627, -0.30978071689605713, -0.3460938334465027, -0.0951552763581276, 0.8946058750152588, 1.4418153762817383, -0.8561790585517883, 1.3525296449661255, 1.0347154140472412, 0.6289305090904236, 0.6740093231201172, -0.07590191066265106, -0.10429756343364716, -0.6164323091506958, -5.372889041900635, -0.16239705681800842, -0.28388142585754395, 0.40369176864624023, 0.8551071286201477, 0.05418364703655243, 0.6578489542007446, 0.6406663060188293, -1.2779464721679688, -0.5722907781600952, 0.06125810742378235, 0.6880508661270142, -1.7573491334915161, -1.4291592836380005, 0.260538250207901, -1.8353679180145264, 1.1362178325653076, 0.8259546756744385, -0.35592493414878845, 0.28184372186660767, 0.2564198970794678, 1.42931067943573, -0.13679584860801697, 0.2148682326078415, -0.5557342171669006, 0.47164109349250793, -1.5967700481414795, 0.47637343406677246, -1.4110532999038696, 0.7821036577224731, 0.8202406167984009, 1.440840244293213, 1.3263031244277954, 1.1077791452407837, 0.0783056765794754, 1.6454182863235474, 0.17416077852249146, 0.30860546231269836, -0.429528146982193, -0.47717157006263733, 0.2355729043483734, -0.40985018014907837, -0.47951194643974304, 0.015452016144990921, 0.4929508566856384, 10.524462699890137, 0.47926509380340576, -0.32866138219833374, -0.5622303485870361, -0.535042405128479, 0.49040472507476807, 1.0351672172546387, 0.336381733417511, -0.833369255065918, 1.164665699005127, 0.16525262594223022, -2.3196053504943848, -0.7122982740402222, -1.5867162942886353, -0.3502587080001831, 0.04685875400900841, 0.1179405152797699, 0.2337406724691391, 0.015106797218322754, -0.2937223017215729, 0.21949723362922668, 1.4144909381866455, -1.3675930500030518, 0.14814496040344238, -0.839280903339386, -0.39193519949913025, 0.6575693488121033, -0.1875951588153839, -0.14062801003456116, 0.16004997491836548, -1.1385444402694702, -0.982829213142395, 0.07616718113422394, 0.05413106456398964, 0.9716922044754028, 0.27685117721557617, 1.7943516969680786, 1.2019973993301392, 0.1822182983160019, 0.6101136803627014, -0.4819723665714264, 0.07461090385913849, -0.7172057032585144, 0.47599971294403076, 0.07456734031438828, -0.017268653959035873, -0.04938676208257675, -0.7629750967025757, -0.5134268403053284, -0.10756225883960724, -0.14653193950653076, 0.4293971061706543, -0.5305379629135132, -0.21084529161453247, -0.26200374960899353, -1.201484203338623, -0.7091382741928101, -0.49400174617767334, -1.077495813369751, 0.6550484299659729, -0.24168914556503296, 0.1379813551902771, 0.2505128085613251, 0.6611946225166321, -0.971542239189148, -0.6347423791885376, -0.00826997309923172, 1.0794912576675415, -0.0373285748064518, 0.5351663827896118, 1.1740148067474365, -0.6346952319145203, -0.20994964241981506, 0.02571403980255127, -0.30673760175704956, -1.1464862823486328, 0.48554888367652893, 0.00354141928255558, 0.8397380113601685, 0.4270898103713989, 1.156707763671875, -0.5656461715698242, -0.7510327100753784, -0.4459960460662842, 0.2544708251953125, -0.14774389564990997, -0.15054810047149658, -0.0823754221200943, -1.1208770275115967, -0.158095121383667, -0.48385903239250183, 0.9468827247619629, -0.7669416666030884, -0.5941758155822754, -0.04870021343231201, -0.3637552261352539, 1.1476645469665527, -1.3465874195098877, -0.5604937672615051, -0.546103298664093, -0.6589058637619019, 1.1632757186889648, -0.1414373368024826, 0.8855985403060913, 0.8320630788803101, -0.011740727350115776, 0.3960626721382141, 0.9369721412658691, -0.23245824873447418, 0.15219825506210327, 0.5275766849517822, -0.3763774335384369, -0.025569088757038116, -0.8228289484977722, 0.2839258909225464, 0.14519734680652618, -1.1037962436676025, 0.10966761410236359, 1.1622231006622314, 0.5284069180488586, -1.3808584213256836, 0.2224883735179901, 0.531606912612915, 0.5429273843765259, -0.06097705662250519, 0.8044898509979248, -1.3320266008377075, -1.7005101442337036, 0.17150864005088806, 0.1734115332365036, 1.3874454498291016, -1.2631081342697144, 0.7291828989982605, 0.5528866052627563, 0.26600220799446106, -0.14956170320510864, 0.3156946897506714, -0.0003793202340602875, 0.2502068281173706, -1.4095169305801392, -0.48334503173828125, -0.08092541992664337, 0.9871031641960144, -0.07212227582931519, 0.26868560910224915, -0.13567934930324554, -0.570418119430542, -1.4749764204025269, -0.06602756679058075, 1.7757294178009033, -0.1388419270515442, -0.4832753539085388, 0.6739102602005005, -0.15415887534618378, -0.6484306454658508, -0.904188334941864, -0.41950637102127075, 0.280504047870636, -0.8679946660995483, 2.8945348262786865, -0.18462251126766205, 0.2689562737941742, -1.359283208847046, -0.06126142665743828, 1.400024652481079, 0.5795222520828247, 0.6008418798446655, -0.017326314002275467, 1.4660552740097046, -0.598410964012146, 0.9327462911605835, -1.7505247592926025, -0.4721718430519104, 0.5239139795303345, 0.7486606240272522, -0.20584708452224731, 0.4058452546596527, -0.22664152085781097, 0.9041674137115479, -0.8295590281486511, 0.22834545373916626, -0.49112436175346375, -0.3622804284095764, 0.7753815650939941, -0.3025370240211487, 0.7975965142250061, -0.37064260244369507, -0.3065028488636017, 0.6426401138305664, 0.8861969113349915, 0.674432635307312, 0.09003680944442749, -1.0306066274642944, -1.2654261589050293, -0.12950146198272705, 0.34601783752441406, -0.8688439130783081, -0.6455129384994507, 0.6361594796180725, 0.15012772381305695, -0.6261225938796997, 0.32651299238204956, 0.09478995949029922, 1.3660088777542114, 0.45575106143951416, 0.21725240349769592, -0.6470402479171753, 0.9810007214546204, -0.22426576912403107, -0.5034438371658325, -0.05027320981025696, -1.1836919784545898, -1.093723177909851, -0.09913502633571625, -0.6992496252059937, -1.538642168045044, -1.410921335220337, 0.7811999917030334, -0.3867407739162445, -0.6392061710357666, 0.4342725872993469, -0.1719222068786621, -0.8266927003860474, -0.8460988998413086, -0.1725092977285385, -0.9962080717086792, -0.7345092296600342, 0.7262567281723022, -0.6352552175521851, 0.2311325967311859, 1.2252601385116577, -0.6401645541191101, 0.7784886360168457, -0.43187201023101807, -0.20861811935901642, 0.2786981761455536, -0.19916704297065735, -0.15467359125614166, 0.11039812862873077, -0.3244423270225525, -0.9078029990196228, 1.0255793333053589, -0.9216001033782959, -0.6363704204559326, -0.147885262966156, 0.9321087002754211, 0.26801151037216187, 0.12962569296360016, -1.1479620933532715, 2.042462110519409, 0.8943650722503662, -0.7294178009033203, 0.5893632173538208, 0.10518226027488708, 0.5985848903656006, 0.4843901991844177, 1.5037034749984741, 0.5394193530082703, 0.28124770522117615, 0.36307018995285034, -0.08289527148008347, -0.07388819009065628, -0.6846637725830078, -0.5581717491149902, 0.7019035816192627, 1.3189831972122192, 0.5726983547210693, 1.4407143592834473, -0.868824303150177, -0.8327349424362183, 1.1455622911453247, -0.6128543019294739, 0.007579980418086052, -0.2662222385406494, 1.5423877239227295, -0.9731329679489136, -0.7446916103363037, -0.7094883322715759, -0.09685498476028442, 0.4798887372016907, 0.5951244831085205, -0.42061007022857666, 0.4079534113407135, 0.6530316472053528, -1.2780394554138184, -1.0354738235473633, 0.43482425808906555, 0.4473141133785248, 0.27233976125717163, 0.08411046117544174, -0.4733821749687195, 0.44863057136535645, -0.6640049815177917, -1.248052716255188, -0.23730899393558502, 0.2678946852684021, 0.27091896533966064, 0.6770265698432922, 0.6378231644630432, -0.6879982948303223, 0.8958873748779297, -0.2524610161781311, -0.1365685611963272, -1.252105951309204, -0.87358158826828, 0.6996901631355286, -0.06374481320381165, -1.431391954421997, 0.6988534331321716, 1.0884538888931274, -0.3102448582649231, 0.10271944105625153, 1.824637770652771, -0.44572025537490845, -0.6763361096382141, -0.4731598496437073, 0.6449221968650818, 0.12704531848430634, 0.12821605801582336, -0.1746155321598053, 0.31479278206825256, 0.04682892560958862, -1.1553175449371338, -1.2186247110366821, 0.1669856458902359, -0.9253929257392883, -0.16957415640354156, -1.4537696838378906, -0.5497490167617798, 0.6271456480026245, 0.678750216960907, -1.3338360786437988, -0.15386652946472168, 0.1104399561882019, 0.05096650868654251, 0.47081127762794495, -0.3713894188404083, -0.015267595648765564, -0.22563570737838745, -1.24513578414917, -0.7575863003730774, 0.8676432371139526, 0.03693874552845955, -0.6643408536911011, -0.40899163484573364, -0.4274689257144928, 0.45715850591659546, 1.7549329996109009, 0.1846289187669754, -0.2630966305732727, -0.788865327835083, 1.044521689414978, 0.5649617910385132, -0.7349427938461304, -0.008105617947876453, -1.0293684005737305, -1.203500747680664, -1.1078280210494995, 0.7195194959640503, 1.0611168146133423, -0.6942813992500305, 0.8120943903923035, 0.7068981528282166, 0.8294821977615356, -1.3086848258972168, -0.029928676784038544, -0.8017305135726929, -0.7060720920562744, -0.18975764513015747, -0.150717094540596, 1.1259846687316895, 0.3084869384765625, -0.8503518104553223, 0.039869554340839386, 0.14049066603183746, 0.5655537843704224, 0.49282392859458923, 0.2523123621940613, 0.26705196499824524, -0.11487803608179092, 0.8163790106773376, 1.0851606130599976, 0.7870602607727051, 0.1414247304201126, -0.5520732998847961, 1.785786747932434, 0.5062507390975952, 0.7148536443710327, -0.6789456605911255, -0.44749894738197327, -1.3928861618041992, -0.8712013363838196, -0.8025415539741516, -0.6402075886726379, -0.749549150466919, -1.0015758275985718, 0.5011774301528931, -0.5646706819534302, -2.2196927070617676, -0.8440426588058472, -0.6824881434440613, -0.835074782371521, 0.12907172739505768, -0.4034184515476227, 0.9163123369216919, 0.7002233266830444, 0.31633609533309937, -0.20496591925621033, 0.7494385242462158, -0.7169315218925476, 0.24953743815422058, 0.3320128917694092, -1.237453818321228, -0.09977637231349945, -0.06643284857273102, 0.42718154191970825, 0.80355304479599, 0.08063714951276779, 0.6938832998275757, 0.14769510924816132, 1.5346699953079224, 1.1681420803070068, -0.6003626585006714, -0.289991170167923, -0.25103333592414856, -0.9702432751655579, -0.17050543427467346, 0.9273964166641235, -0.8766409754753113, -0.16559574007987976, -0.05140625685453415, -0.1917947232723236, -0.5854681730270386, -0.3988274931907654, -0.08498751372098923, -1.4558298587799072, 0.3332340717315674, -3.1727237701416016, 0.3516576290130615, 0.5069830417633057, -0.49963074922561646, -0.16410833597183228, 0.5776230692863464, 0.4535839259624481, 0.37121671438217163, -0.07427439093589783, 0.8402225971221924, -0.3385348618030548, 0.5522562861442566, -1.0814871788024902, 1.0106998682022095, -0.18307319283485413, -0.5649341344833374, -0.08306519687175751, 0.07888074219226837, 0.526630163192749, 0.1805488020181656, -0.29200267791748047, -1.3855924606323242, -0.4915313720703125, 0.13301436603069305, 0.3262459933757782, -1.8099253177642822, 0.7232481837272644, 0.529731273651123, -0.7536092400550842, -0.47676223516464233, 0.2309536188840866, 0.2677268981933594, 0.24515946209430695, -1.039365291595459, -0.29861485958099365, -0.8423231244087219, -0.751707911491394, -0.36133521795272827, -0.7193924188613892, -0.44023412466049194, -1.588018536567688, -0.14270570874214172, -0.22081813216209412, -0.28149861097335815, -0.9852514266967773, -2.041444778442383, 0.2686448395252228, -0.650710940361023, 0.4730536937713623, 1.5281214714050293, 0.12802448868751526, -0.22408442199230194, 0.6614745855331421, -1.0607235431671143, -0.5467890501022339, 0.5633580684661865, -0.7211870551109314, -0.4994490146636963, -0.7108256220817566, -0.16546188294887543, 0.15435028076171875, -0.5065501928329468, -0.563755214214325, -0.10505542904138565, -0.10681021213531494, -0.994815468788147, -0.4533367156982422, 1.0941975116729736, 0.6951140761375427, 0.15150439739227295, -0.6516186594963074, -1.4763017892837524, 1.357594609260559, -0.7088519334793091, -0.6171757578849792, -0.5769647359848022, 0.3854365944862366, -1.3431545495986938, -1.505115032196045, 0.5743007063865662, 0.8561831712722778, 0.37669637799263, -0.2258354127407074, 0.43431684374809265, 0.48282331228256226, -1.0014334917068481, -1.5049006938934326, -1.3346011638641357, -1.083592176437378, 0.3705938756465912, 0.4854121208190918, 0.5010727047920227, 0.03827427327632904, -0.5026500821113586, 0.9623275399208069, -0.2653047442436218, -0.23683765530586243, 1.5035890340805054, 0.2806272506713867, -0.34399405121803284, -0.4677543044090271, -1.1507883071899414, 0.9915828704833984, -0.06290465593338013, 0.4622684121131897, 0.9023198485374451, -0.4506186246871948, 0.32886868715286255, 0.2542322278022766, 0.8356689214706421, -0.9181602001190186, -1.0178229808807373, 0.7389822006225586, -0.4185836613178253, -0.48785465955734253, -0.7112761735916138, -0.3574427664279938, -0.25007790327072144, 0.4967373013496399, -0.8402669429779053, -0.19330964982509613, -0.34321850538253784, -0.37771517038345337, -0.8665773272514343, 0.48286768794059753, -1.6211110353469849, 0.028467737138271332, -0.39153358340263367, 0.41440343856811523, 0.36817747354507446, 0.14512589573860168, -0.9676312208175659, 0.41214263439178467, -0.07787974178791046, -1.10368812084198, 0.9692670106887817, -0.12339841574430466, -0.4548788368701935, -0.6423144340515137, -0.9692755937576294, -1.3869671821594238, -0.5639143586158752, 0.1465957760810852, -1.1989442110061646, 0.10157568752765656, -0.6172218918800354, 0.29441383481025696, 1.1351606845855713, 1.1536422967910767, 0.07778213173151016, -0.5379998087882996, 1.3452863693237305, 0.8322223424911499, 0.9429111480712891, -0.653245210647583, -0.8363131284713745, -1.5860294103622437, -0.1862306147813797, 0.5287123918533325, -1.3973995447158813, 0.4537370502948761, -0.9862949848175049, -0.03081144392490387, -1.178803563117981, 0.7729703783988953, 0.2377191036939621, -0.5916535258293152, 0.38274940848350525, 0.8219971060752869, -0.1692819595336914, -0.3796219825744629, 1.2553026676177979, 1.4672744274139404, -0.21148531138896942, 0.040830112993717194, 1.5765743255615234, -0.4901449978351593, 0.9178512692451477, 1.4529849290847778, 2.0145888328552246, -2.3290157318115234, 2.4443747997283936, 2.034822463989258, -0.8888068795204163, -0.39719462394714355, 0.5817633271217346, -0.12775254249572754, -0.9189705848693848, -0.1340845674276352, -0.107144795358181, 0.18960943818092346, -0.1990041732788086, -0.16979464888572693, 1.1384888887405396, -1.5773457288742065, -0.030883295461535454, 0.3011223375797272, -0.38904231786727905, 0.8645905256271362, -0.6253974437713623, -1.1833689212799072, -1.2950891256332397, -0.4793137013912201, -1.953271508216858, 1.141459584236145, -0.3443176746368408, 1.6907508373260498, -2.1398375034332275, 0.5966833233833313, -1.113606572151184, 0.010458903387188911, 0.38359761238098145, 1.200795292854309, -0.7681567072868347, -0.6537591218948364, -0.647976815700531, 0.4050306975841522, 0.6568033695220947, -0.2884197235107422, -0.16431769728660583, -0.8139246702194214, 1.16360604763031, 1.2655510902404785, -1.477719783782959, 0.14356514811515808, -1.5677753686904907, -0.12309630960226059, 1.7439913749694824, -0.9318727850914001, 0.021956125274300575, -0.40872761607170105, -0.31442585587501526, -0.5698927640914917, -1.2943902015686035, 0.48501813411712646, 1.3466813564300537, -0.3808031380176544, -0.9841204881668091, -1.1808562278747559, 0.19101490080356598, -0.08983121812343597, 1.3144123554229736, 1.201878309249878, -1.2070280313491821, 0.6357204914093018, -0.49336308240890503, -1.5569791793823242, 0.3914912939071655, -0.2605521082878113, -0.25916534662246704, -0.08473674952983856, -0.6864016056060791, 0.02729126438498497, 0.8209953308105469, -0.7221975922584534, -1.1395771503448486, -1.2264055013656616, 0.6687601804733276, 0.17073574662208557, 1.891187310218811, -1.6825299263000488, -0.014423942193388939, 1.5907419919967651, 0.9786670207977295, 0.11278130114078522, -1.8969600200653076, 1.2697261571884155, -0.8470472097396851, -0.48083457350730896, 2.1315934658050537, 2.0144643783569336, -0.06282549351453781, -0.9130691885948181, -0.4126585125923157, 0.6577180624008179, 0.6057597398757935, -0.13450346887111664, -0.11532030999660492, -1.718748688697815, -2.4954347610473633, -0.7146511673927307, -0.43670135736465454, 1.9274406433105469, -1.6083989143371582, 0.8818452954292297, -0.7583957314491272, -0.6903657913208008, 1.8859158754348755, 0.5455185174942017, 1.4707616567611694, -2.4904134273529053, 1.4263615608215332, -0.5111693739891052, -1.937335729598999, 0.6736418008804321, 0.502234697341919, 1.9942381381988525, 2.268778085708618, 1.9368470907211304, 0.548582911491394, 0.08879251033067703, -1.8035399913787842, 0.6142753958702087, 1.6687448024749756, -0.5474061965942383]"
31,4,ترفيعة,finan,"8

غ ّ أ ا ا 0 وحوح نا 1
الح د م
السو سي ا لعن وله ا 27 7
جح جع عد جد ا فر ا
رار رسم/ 7 / 01 1
بناء على اجات الاعون رمم 7 اللمام تفرد ِ - ل
وال ايا اين لاسي لهااي باسيلة رض ‎١7‏ لطر هلدا ا د
وعلى احجام المرسوترعم/1 ؟ ل ا ل 0 7 قد
با اس اليه الما لقم ادا العاطين الشكلة بالوار يق 67 ارين ا ل
191/1 ٠١والمفترن‏ بمصادقة اندجنة ال«ركريارمة لتعوي داءالساملين في وزارة الرى
اللشخلة بالغرار رمم لاا بار ا١ل‏ 131/17
يدر مايال-دسسية
مادق ‎١‏ يرف ترفيما ” عاديا كلأ من السادة الواردة اسماوهم|دتاه والعاملين لتنى وزارة الرى
منيرية الرى العامة لحولر الساحن ** ألئة الاولى ‏ - وذلك اعشاراص نا 7 1
سق الاح تي ً
الا ااي رد الاي الع ال ا دار الصوان ال لل ا ل ا
صرالارد ‏ الرسم اله لوم شاي شم سل
سميرا حمد هيفا ميتدين تي ١ل‏ ولى -71561 7-1 111 حي 1 م7 سقف العتة
ميل حسن نوق 2 0 َ ‎177١‏ 74 13 ا 0
سمير محمد متوج َِ ِ ٍَ 1111 1 1 ب يدا ا 5
طن ديم لوا ِ 3 1100 0 017 ا ن الال ِ 2
احمد ابراهيم عبد 2 ِ ِ © ‎٠7٠١‏ 1 « يل“ ا بماد
ذدعك ابراسيم محمود مهندسة مدثية الاولي. ‎7١17‏ 1 017 ا مض مقف الساه
طلان مطح البوسعي. - 3 “ ااا 11 .11 ا 7110
سوران محممدمسعودالترث ِ ِ 181"" 7/1 م عند ل 1 م7 ِ ِ
مشطقى حصل قسرة ‏ مهثلين تي الا زلى 11751 7 الف ل 1
ا على عامىي ِِ ٍ َ 119 181 0"" ل 6
صلا صا ل معلا . ِ : 8ه 71181 0 حي 1
أشن عل منادة ِِ اد 1 7/4 571 ا 110
مصطفى محمد مسطفى - ِ 1017 1 07 ا 1185
متى عدتان هلال ِ 2 ِ 11*91 783 66ت ل 1105
محعين يونس عيسى 20 . . 1 ل 0 ا 0 ا
)> كمال محط طول 2 ِ ِِ 06 7/1 1"" 0 1 عاب
مس اا بويا حا ميزه 7/1 51 احا 115
عماد صاذج مسعود | - ٍِ ِِ 0 1 571 سخ 01
تاررى ساني الفسيرى - ِ ِ حيرت 79 1 ا 113 لحارم
ستير أحط عصيان 7 2 ب 111 ا 01 ا 1
حسان ابراسب شسعيان 2 ِِ 2 كل 74 0 ا 1 11
زهير رصوان قصة ِ ِ ِ 11071 0 ون 1 ا 1713
بارن ارا حي 2 د ِ 0 11 1 م 1
0
7","[-1.202821969985962, 0.6998982429504395, 0.4433285892009735, -0.06987413763999939, 0.44714513421058655, -0.05437970161437988, 0.18149378895759583, 1.2040226459503174, -0.690010666847229, 0.5314467549324036, -0.18293842673301697, -0.3699173331260681, -0.6670184135437012, -0.545214056968689, 0.04583004117012024, 0.35328465700149536, 1.5531277656555176, 0.4742608070373535, -0.23716066777706146, 0.480386346578598, 0.4276687204837799, -0.9021979570388794, 0.007222936488687992, 0.4552881121635437, -0.22736544907093048, -0.32099342346191406, -0.4240559935569763, -0.4287477433681488, 0.19975371658802032, 0.9064972400665283, 0.4565806984901428, 0.43663978576660156, -0.5932244062423706, 0.05821188539266586, -0.26912590861320496, -0.9274303913116455, -1.2200100421905518, 1.0936344861984253, -0.46730494499206543, -0.5166215300559998, -0.1883024275302887, 0.0905769020318985, -0.9482018947601318, -0.2348758727312088, -0.9642611742019653, 0.3893333673477173, 0.5729110836982727, 1.750822901725769, 0.36696693301200867, 1.1568559408187866, -0.5172616839408875, 0.15290626883506775, -0.4235764741897583, -0.3260209560394287, -0.44300001859664917, 0.6543824672698975, 0.8113952875137329, -0.5669043064117432, -0.6228681206703186, -0.8864815831184387, -0.6913694143295288, -1.0618269443511963, -0.24348784983158112, -0.12848231196403503, 0.9867550730705261, 0.5255757570266724, 0.23510700464248657, -1.2880375385284424, -0.6950451731681824, -0.3418148159980774, 1.1236320734024048, 0.23444034159183502, -0.6706627011299133, 0.9971141815185547, 0.12796463072299957, -1.251806378364563, -1.360202431678772, 0.2690492868423462, -0.12529301643371582, -0.19036729633808136, 0.11490879952907562, -0.7509925365447998, -1.168343186378479, -0.4648705720901489, 0.9271528720855713, 0.38983410596847534, 1.4405858516693115, -0.8703987002372742, -0.4126822352409363, 0.3249152898788452, 1.0939967632293701, 1.3016096353530884, 0.2547866404056549, 0.8369019031524658, -0.5344676375389099, 0.03150607645511627, -0.30978071689605713, -0.3460938334465027, -0.0951552763581276, 0.8946058750152588, 1.4418153762817383, -0.8561790585517883, 1.3525296449661255, 1.0347154140472412, 0.6289305090904236, 0.6740093231201172, -0.07590191066265106, -0.10429756343364716, -0.6164323091506958, -5.372889041900635, -0.16239705681800842, -0.28388142585754395, 0.40369176864624023, 0.8551071286201477, 0.05418364703655243, 0.6578489542007446, 0.6406663060188293, -1.2779464721679688, -0.5722907781600952, 0.06125810742378235, 0.6880508661270142, -1.7573491334915161, -1.4291592836380005, 0.260538250207901, -1.8353679180145264, 1.1362178325653076, 0.8259546756744385, -0.35592493414878845, 0.28184372186660767, 0.2564198970794678, 1.42931067943573, -0.13679584860801697, 0.2148682326078415, -0.5557342171669006, 0.47164109349250793, -1.5967700481414795, 0.47637343406677246, -1.4110532999038696, 0.7821036577224731, 0.8202406167984009, 1.440840244293213, 1.3263031244277954, 1.1077791452407837, 0.0783056765794754, 1.6454182863235474, 0.17416077852249146, 0.30860546231269836, -0.429528146982193, -0.47717157006263733, 0.2355729043483734, -0.40985018014907837, -0.47951194643974304, 0.015452016144990921, 0.4929508566856384, 10.524462699890137, 0.47926509380340576, -0.32866138219833374, -0.5622303485870361, -0.535042405128479, 0.49040472507476807, 1.0351672172546387, 0.336381733417511, -0.833369255065918, 1.164665699005127, 0.16525262594223022, -2.3196053504943848, -0.7122982740402222, -1.5867162942886353, -0.3502587080001831, 0.04685875400900841, 0.1179405152797699, 0.2337406724691391, 0.015106797218322754, -0.2937223017215729, 0.21949723362922668, 1.4144909381866455, -1.3675930500030518, 0.14814496040344238, -0.839280903339386, -0.39193519949913025, 0.6575693488121033, -0.1875951588153839, -0.14062801003456116, 0.16004997491836548, -1.1385444402694702, -0.982829213142395, 0.07616718113422394, 0.05413106456398964, 0.9716922044754028, 0.27685117721557617, 1.7943516969680786, 1.2019973993301392, 0.1822182983160019, 0.6101136803627014, -0.4819723665714264, 0.07461090385913849, -0.7172057032585144, 0.47599971294403076, 0.07456734031438828, -0.017268653959035873, -0.04938676208257675, -0.7629750967025757, -0.5134268403053284, -0.10756225883960724, -0.14653193950653076, 0.4293971061706543, -0.5305379629135132, -0.21084529161453247, -0.26200374960899353, -1.201484203338623, -0.7091382741928101, -0.49400174617767334, -1.077495813369751, 0.6550484299659729, -0.24168914556503296, 0.1379813551902771, 0.2505128085613251, 0.6611946225166321, -0.971542239189148, -0.6347423791885376, -0.00826997309923172, 1.0794912576675415, -0.0373285748064518, 0.5351663827896118, 1.1740148067474365, -0.6346952319145203, -0.20994964241981506, 0.02571403980255127, -0.30673760175704956, -1.1464862823486328, 0.48554888367652893, 0.00354141928255558, 0.8397380113601685, 0.4270898103713989, 1.156707763671875, -0.5656461715698242, -0.7510327100753784, -0.4459960460662842, 0.2544708251953125, -0.14774389564990997, -0.15054810047149658, -0.0823754221200943, -1.1208770275115967, -0.158095121383667, -0.48385903239250183, 0.9468827247619629, -0.7669416666030884, -0.5941758155822754, -0.04870021343231201, -0.3637552261352539, 1.1476645469665527, -1.3465874195098877, -0.5604937672615051, -0.546103298664093, -0.6589058637619019, 1.1632757186889648, -0.1414373368024826, 0.8855985403060913, 0.8320630788803101, -0.011740727350115776, 0.3960626721382141, 0.9369721412658691, -0.23245824873447418, 0.15219825506210327, 0.5275766849517822, -0.3763774335384369, -0.025569088757038116, -0.8228289484977722, 0.2839258909225464, 0.14519734680652618, -1.1037962436676025, 0.10966761410236359, 1.1622231006622314, 0.5284069180488586, -1.3808584213256836, 0.2224883735179901, 0.531606912612915, 0.5429273843765259, -0.06097705662250519, 0.8044898509979248, -1.3320266008377075, -1.7005101442337036, 0.17150864005088806, 0.1734115332365036, 1.3874454498291016, -1.2631081342697144, 0.7291828989982605, 0.5528866052627563, 0.26600220799446106, -0.14956170320510864, 0.3156946897506714, -0.0003793202340602875, 0.2502068281173706, -1.4095169305801392, -0.48334503173828125, -0.08092541992664337, 0.9871031641960144, -0.07212227582931519, 0.26868560910224915, -0.13567934930324554, -0.570418119430542, -1.4749764204025269, -0.06602756679058075, 1.7757294178009033, -0.1388419270515442, -0.4832753539085388, 0.6739102602005005, -0.15415887534618378, -0.6484306454658508, -0.904188334941864, -0.41950637102127075, 0.280504047870636, -0.8679946660995483, 2.8945348262786865, -0.18462251126766205, 0.2689562737941742, -1.359283208847046, -0.06126142665743828, 1.400024652481079, 0.5795222520828247, 0.6008418798446655, -0.017326314002275467, 1.4660552740097046, -0.598410964012146, 0.9327462911605835, -1.7505247592926025, -0.4721718430519104, 0.5239139795303345, 0.7486606240272522, -0.20584708452224731, 0.4058452546596527, -0.22664152085781097, 0.9041674137115479, -0.8295590281486511, 0.22834545373916626, -0.49112436175346375, -0.3622804284095764, 0.7753815650939941, -0.3025370240211487, 0.7975965142250061, -0.37064260244369507, -0.3065028488636017, 0.6426401138305664, 0.8861969113349915, 0.674432635307312, 0.09003680944442749, -1.0306066274642944, -1.2654261589050293, -0.12950146198272705, 0.34601783752441406, -0.8688439130783081, -0.6455129384994507, 0.6361594796180725, 0.15012772381305695, -0.6261225938796997, 0.32651299238204956, 0.09478995949029922, 1.3660088777542114, 0.45575106143951416, 0.21725240349769592, -0.6470402479171753, 0.9810007214546204, -0.22426576912403107, -0.5034438371658325, -0.05027320981025696, -1.1836919784545898, -1.093723177909851, -0.09913502633571625, -0.6992496252059937, -1.538642168045044, -1.410921335220337, 0.7811999917030334, -0.3867407739162445, -0.6392061710357666, 0.4342725872993469, -0.1719222068786621, -0.8266927003860474, -0.8460988998413086, -0.1725092977285385, -0.9962080717086792, -0.7345092296600342, 0.7262567281723022, -0.6352552175521851, 0.2311325967311859, 1.2252601385116577, -0.6401645541191101, 0.7784886360168457, -0.43187201023101807, -0.20861811935901642, 0.2786981761455536, -0.19916704297065735, -0.15467359125614166, 0.11039812862873077, -0.3244423270225525, -0.9078029990196228, 1.0255793333053589, -0.9216001033782959, -0.6363704204559326, -0.147885262966156, 0.9321087002754211, 0.26801151037216187, 0.12962569296360016, -1.1479620933532715, 2.042462110519409, 0.8943650722503662, -0.7294178009033203, 0.5893632173538208, 0.10518226027488708, 0.5985848903656006, 0.4843901991844177, 1.5037034749984741, 0.5394193530082703, 0.28124770522117615, 0.36307018995285034, -0.08289527148008347, -0.07388819009065628, -0.6846637725830078, -0.5581717491149902, 0.7019035816192627, 1.3189831972122192, 0.5726983547210693, 1.4407143592834473, -0.868824303150177, -0.8327349424362183, 1.1455622911453247, -0.6128543019294739, 0.007579980418086052, -0.2662222385406494, 1.5423877239227295, -0.9731329679489136, -0.7446916103363037, -0.7094883322715759, -0.09685498476028442, 0.4798887372016907, 0.5951244831085205, -0.42061007022857666, 0.4079534113407135, 0.6530316472053528, -1.2780394554138184, -1.0354738235473633, 0.43482425808906555, 0.4473141133785248, 0.27233976125717163, 0.08411046117544174, -0.4733821749687195, 0.44863057136535645, -0.6640049815177917, -1.248052716255188, -0.23730899393558502, 0.2678946852684021, 0.27091896533966064, 0.6770265698432922, 0.6378231644630432, -0.6879982948303223, 0.8958873748779297, -0.2524610161781311, -0.1365685611963272, -1.252105951309204, -0.87358158826828, 0.6996901631355286, -0.06374481320381165, -1.431391954421997, 0.6988534331321716, 1.0884538888931274, -0.3102448582649231, 0.10271944105625153, 1.824637770652771, -0.44572025537490845, -0.6763361096382141, -0.4731598496437073, 0.6449221968650818, 0.12704531848430634, 0.12821605801582336, -0.1746155321598053, 0.31479278206825256, 0.04682892560958862, -1.1553175449371338, -1.2186247110366821, 0.1669856458902359, -0.9253929257392883, -0.16957415640354156, -1.4537696838378906, -0.5497490167617798, 0.6271456480026245, 0.678750216960907, -1.3338360786437988, -0.15386652946472168, 0.1104399561882019, 0.05096650868654251, 0.47081127762794495, -0.3713894188404083, -0.015267595648765564, -0.22563570737838745, -1.24513578414917, -0.7575863003730774, 0.8676432371139526, 0.03693874552845955, -0.6643408536911011, -0.40899163484573364, -0.4274689257144928, 0.45715850591659546, 1.7549329996109009, 0.1846289187669754, -0.2630966305732727, -0.788865327835083, 1.044521689414978, 0.5649617910385132, -0.7349427938461304, -0.008105617947876453, -1.0293684005737305, -1.203500747680664, -1.1078280210494995, 0.7195194959640503, 1.0611168146133423, -0.6942813992500305, 0.8120943903923035, 0.7068981528282166, 0.8294821977615356, -1.3086848258972168, -0.029928676784038544, -0.8017305135726929, -0.7060720920562744, -0.18975764513015747, -0.150717094540596, 1.1259846687316895, 0.3084869384765625, -0.8503518104553223, 0.039869554340839386, 0.14049066603183746, 0.5655537843704224, 0.49282392859458923, 0.2523123621940613, 0.26705196499824524, -0.11487803608179092, 0.8163790106773376, 1.0851606130599976, 0.7870602607727051, 0.1414247304201126, -0.5520732998847961, 1.785786747932434, 0.5062507390975952, 0.7148536443710327, -0.6789456605911255, -0.44749894738197327, -1.3928861618041992, -0.8712013363838196, -0.8025415539741516, -0.6402075886726379, -0.749549150466919, -1.0015758275985718, 0.5011774301528931, -0.5646706819534302, -2.2196927070617676, -0.8440426588058472, -0.6824881434440613, -0.835074782371521, 0.12907172739505768, -0.4034184515476227, 0.9163123369216919, 0.7002233266830444, 0.31633609533309937, -0.20496591925621033, 0.7494385242462158, -0.7169315218925476, 0.24953743815422058, 0.3320128917694092, -1.237453818321228, -0.09977637231349945, -0.06643284857273102, 0.42718154191970825, 0.80355304479599, 0.08063714951276779, 0.6938832998275757, 0.14769510924816132, 1.5346699953079224, 1.1681420803070068, -0.6003626585006714, -0.289991170167923, -0.25103333592414856, -0.9702432751655579, -0.17050543427467346, 0.9273964166641235, -0.8766409754753113, -0.16559574007987976, -0.05140625685453415, -0.1917947232723236, -0.5854681730270386, -0.3988274931907654, -0.08498751372098923, -1.4558298587799072, 0.3332340717315674, -3.1727237701416016, 0.3516576290130615, 0.5069830417633057, -0.49963074922561646, -0.16410833597183228, 0.5776230692863464, 0.4535839259624481, 0.37121671438217163, -0.07427439093589783, 0.8402225971221924, -0.3385348618030548, 0.5522562861442566, -1.0814871788024902, 1.0106998682022095, -0.18307319283485413, -0.5649341344833374, -0.08306519687175751, 0.07888074219226837, 0.526630163192749, 0.1805488020181656, -0.29200267791748047, -1.3855924606323242, -0.4915313720703125, 0.13301436603069305, 0.3262459933757782, -1.8099253177642822, 0.7232481837272644, 0.529731273651123, -0.7536092400550842, -0.47676223516464233, 0.2309536188840866, 0.2677268981933594, 0.24515946209430695, -1.039365291595459, -0.29861485958099365, -0.8423231244087219, -0.751707911491394, -0.36133521795272827, -0.7193924188613892, -0.44023412466049194, -1.588018536567688, -0.14270570874214172, -0.22081813216209412, -0.28149861097335815, -0.9852514266967773, -2.041444778442383, 0.2686448395252228, -0.650710940361023, 0.4730536937713623, 1.5281214714050293, 0.12802448868751526, -0.22408442199230194, 0.6614745855331421, -1.0607235431671143, -0.5467890501022339, 0.5633580684661865, -0.7211870551109314, -0.4994490146636963, -0.7108256220817566, -0.16546188294887543, 0.15435028076171875, -0.5065501928329468, -0.563755214214325, -0.10505542904138565, -0.10681021213531494, -0.994815468788147, -0.4533367156982422, 1.0941975116729736, 0.6951140761375427, 0.15150439739227295, -0.6516186594963074, -1.4763017892837524, 1.357594609260559, -0.7088519334793091, -0.6171757578849792, -0.5769647359848022, 0.3854365944862366, -1.3431545495986938, -1.505115032196045, 0.5743007063865662, 0.8561831712722778, 0.37669637799263, -0.2258354127407074, 0.43431684374809265, 0.48282331228256226, -1.0014334917068481, -1.5049006938934326, -1.3346011638641357, -1.083592176437378, 0.3705938756465912, 0.4854121208190918, 0.5010727047920227, 0.03827427327632904, -0.5026500821113586, 0.9623275399208069, -0.2653047442436218, -0.23683765530586243, 1.5035890340805054, 0.2806272506713867, -0.34399405121803284, -0.4677543044090271, -1.1507883071899414, 0.9915828704833984, -0.06290465593338013, 0.4622684121131897, 0.9023198485374451, -0.4506186246871948, 0.32886868715286255, 0.2542322278022766, 0.8356689214706421, -0.9181602001190186, -1.0178229808807373, 0.7389822006225586, -0.4185836613178253, -0.48785465955734253, -0.7112761735916138, -0.3574427664279938, -0.25007790327072144, 0.4967373013496399, -0.8402669429779053, -0.19330964982509613, -0.34321850538253784, -0.37771517038345337, -0.8665773272514343, 0.48286768794059753, -1.6211110353469849, 0.028467737138271332, -0.39153358340263367, 0.41440343856811523, 0.36817747354507446, 0.14512589573860168, -0.9676312208175659, 0.41214263439178467, -0.07787974178791046, -1.10368812084198, 0.9692670106887817, -0.12339841574430466, -0.4548788368701935, -0.6423144340515137, -0.9692755937576294, -1.3869671821594238, -0.5639143586158752, 0.1465957760810852, -1.1989442110061646, 0.10157568752765656, -0.6172218918800354, 0.29441383481025696, 1.1351606845855713, 1.1536422967910767, 0.07778213173151016, -0.5379998087882996, 1.3452863693237305, 0.8322223424911499, 0.9429111480712891, -0.653245210647583, -0.8363131284713745, -1.5860294103622437, -0.1862306147813797, 0.5287123918533325, -1.3973995447158813, 0.4537370502948761, -0.9862949848175049, -0.03081144392490387, -1.178803563117981, 0.7729703783988953, 0.2377191036939621, -0.5916535258293152, 0.38274940848350525, 0.8219971060752869, -0.1692819595336914, -0.3796219825744629, 1.2553026676177979, 1.4672744274139404, -0.21148531138896942, 0.040830112993717194, 1.5765743255615234, -0.4901449978351593]","[0.9178512692451477, 1.4529849290847778, 2.0145888328552246, -2.3290157318115234, 2.4443747997283936, 2.034822463989258, -0.8888068795204163, -0.39719462394714355, 0.5817633271217346, -0.12775254249572754, -0.9189705848693848, -0.1340845674276352, -0.107144795358181, 0.18960943818092346, -0.1990041732788086, -0.16979464888572693, 1.1384888887405396, -1.5773457288742065, -0.030883295461535454, 0.3011223375797272, -0.38904231786727905, 0.8645905256271362, -0.6253974437713623, -1.1833689212799072, -1.2950891256332397, -0.4793137013912201, -1.953271508216858, 1.141459584236145, -0.3443176746368408, 1.6907508373260498, -2.1398375034332275, 0.5966833233833313, -1.113606572151184, 0.010458903387188911, 0.38359761238098145, 1.200795292854309, -0.7681567072868347, -0.6537591218948364, -0.647976815700531, 0.4050306975841522, 0.6568033695220947, -0.2884197235107422, -0.16431769728660583, -0.8139246702194214, 1.16360604763031, 1.2655510902404785, -1.477719783782959, 0.14356514811515808, -1.5677753686904907, -0.12309630960226059, 1.7439913749694824, -0.9318727850914001, 0.021956125274300575, -0.40872761607170105, -0.31442585587501526, -0.5698927640914917, -1.2943902015686035, 0.48501813411712646, 1.3466813564300537, -0.3808031380176544, -0.9841204881668091, -1.1808562278747559, 0.19101490080356598, -0.08983121812343597, 1.3144123554229736, 1.201878309249878, -1.2070280313491821, 0.6357204914093018, -0.49336308240890503, -1.5569791793823242, 0.3914912939071655, -0.2605521082878113, -0.25916534662246704, -0.08473674952983856, -0.6864016056060791, 0.02729126438498497, 0.8209953308105469, -0.7221975922584534, -1.1395771503448486, -1.2264055013656616, 0.6687601804733276, 0.17073574662208557, 1.891187310218811, -1.6825299263000488, -0.014423942193388939, 1.5907419919967651, 0.9786670207977295, 0.11278130114078522, -1.8969600200653076, 1.2697261571884155, -0.8470472097396851, -0.48083457350730896, 2.1315934658050537, 2.0144643783569336, -0.06282549351453781, -0.9130691885948181, -0.4126585125923157, 0.6577180624008179, 0.6057597398757935, -0.13450346887111664, -0.11532030999660492, -1.718748688697815, -2.4954347610473633, -0.7146511673927307, -0.43670135736465454, 1.9274406433105469, -1.6083989143371582, 0.8818452954292297, -0.7583957314491272, -0.6903657913208008, 1.8859158754348755, 0.5455185174942017, 1.4707616567611694, -2.4904134273529053, 1.4263615608215332, -0.5111693739891052, -1.937335729598999, 0.6736418008804321, 0.502234697341919, 1.9942381381988525, 2.268778085708618, 1.9368470907211304, 0.548582911491394, 0.08879251033067703, -1.8035399913787842, 0.6142753958702087, 1.6687448024749756, -0.5474061965942383]","[-1.202821969985962, 0.6998982429504395, 0.4433285892009735, -0.06987413763999939, 0.44714513421058655, -0.05437970161437988, 0.18149378895759583, 1.2040226459503174, -0.690010666847229, 0.5314467549324036, -0.18293842673301697, -0.3699173331260681, -0.6670184135437012, -0.545214056968689, 0.04583004117012024, 0.35328465700149536, 1.5531277656555176, 0.4742608070373535, -0.23716066777706146, 0.480386346578598, 0.4276687204837799, -0.9021979570388794, 0.007222936488687992, 0.4552881121635437, -0.22736544907093048, -0.32099342346191406, -0.4240559935569763, -0.4287477433681488, 0.19975371658802032, 0.9064972400665283, 0.4565806984901428, 0.43663978576660156, -0.5932244062423706, 0.05821188539266586, -0.26912590861320496, -0.9274303913116455, -1.2200100421905518, 1.0936344861984253, -0.46730494499206543, -0.5166215300559998, -0.1883024275302887, 0.0905769020318985, -0.9482018947601318, -0.2348758727312088, -0.9642611742019653, 0.3893333673477173, 0.5729110836982727, 1.750822901725769, 0.36696693301200867, 1.1568559408187866, -0.5172616839408875, 0.15290626883506775, -0.4235764741897583, -0.3260209560394287, -0.44300001859664917, 0.6543824672698975, 0.8113952875137329, -0.5669043064117432, -0.6228681206703186, -0.8864815831184387, -0.6913694143295288, -1.0618269443511963, -0.24348784983158112, -0.12848231196403503, 0.9867550730705261, 0.5255757570266724, 0.23510700464248657, -1.2880375385284424, -0.6950451731681824, -0.3418148159980774, 1.1236320734024048, 0.23444034159183502, -0.6706627011299133, 0.9971141815185547, 0.12796463072299957, -1.251806378364563, -1.360202431678772, 0.2690492868423462, -0.12529301643371582, -0.19036729633808136, 0.11490879952907562, -0.7509925365447998, -1.168343186378479, -0.4648705720901489, 0.9271528720855713, 0.38983410596847534, 1.4405858516693115, -0.8703987002372742, -0.4126822352409363, 0.3249152898788452, 1.0939967632293701, 1.3016096353530884, 0.2547866404056549, 0.8369019031524658, -0.5344676375389099, 0.03150607645511627, -0.30978071689605713, -0.3460938334465027, -0.0951552763581276, 0.8946058750152588, 1.4418153762817383, -0.8561790585517883, 1.3525296449661255, 1.0347154140472412, 0.6289305090904236, 0.6740093231201172, -0.07590191066265106, -0.10429756343364716, -0.6164323091506958, -5.372889041900635, -0.16239705681800842, -0.28388142585754395, 0.40369176864624023, 0.8551071286201477, 0.05418364703655243, 0.6578489542007446, 0.6406663060188293, -1.2779464721679688, -0.5722907781600952, 0.06125810742378235, 0.6880508661270142, -1.7573491334915161, -1.4291592836380005, 0.260538250207901, -1.8353679180145264, 1.1362178325653076, 0.8259546756744385, -0.35592493414878845, 0.28184372186660767, 0.2564198970794678, 1.42931067943573, -0.13679584860801697, 0.2148682326078415, -0.5557342171669006, 0.47164109349250793, -1.5967700481414795, 0.47637343406677246, -1.4110532999038696, 0.7821036577224731, 0.8202406167984009, 1.440840244293213, 1.3263031244277954, 1.1077791452407837, 0.0783056765794754, 1.6454182863235474, 0.17416077852249146, 0.30860546231269836, -0.429528146982193, -0.47717157006263733, 0.2355729043483734, -0.40985018014907837, -0.47951194643974304, 0.015452016144990921, 0.4929508566856384, 10.524462699890137, 0.47926509380340576, -0.32866138219833374, -0.5622303485870361, -0.535042405128479, 0.49040472507476807, 1.0351672172546387, 0.336381733417511, -0.833369255065918, 1.164665699005127, 0.16525262594223022, -2.3196053504943848, -0.7122982740402222, -1.5867162942886353, -0.3502587080001831, 0.04685875400900841, 0.1179405152797699, 0.2337406724691391, 0.015106797218322754, -0.2937223017215729, 0.21949723362922668, 1.4144909381866455, -1.3675930500030518, 0.14814496040344238, -0.839280903339386, -0.39193519949913025, 0.6575693488121033, -0.1875951588153839, -0.14062801003456116, 0.16004997491836548, -1.1385444402694702, -0.982829213142395, 0.07616718113422394, 0.05413106456398964, 0.9716922044754028, 0.27685117721557617, 1.7943516969680786, 1.2019973993301392, 0.1822182983160019, 0.6101136803627014, -0.4819723665714264, 0.07461090385913849, -0.7172057032585144, 0.47599971294403076, 0.07456734031438828, -0.017268653959035873, -0.04938676208257675, -0.7629750967025757, -0.5134268403053284, -0.10756225883960724, -0.14653193950653076, 0.4293971061706543, -0.5305379629135132, -0.21084529161453247, -0.26200374960899353, -1.201484203338623, -0.7091382741928101, -0.49400174617767334, -1.077495813369751, 0.6550484299659729, -0.24168914556503296, 0.1379813551902771, 0.2505128085613251, 0.6611946225166321, -0.971542239189148, -0.6347423791885376, -0.00826997309923172, 1.0794912576675415, -0.0373285748064518, 0.5351663827896118, 1.1740148067474365, -0.6346952319145203, -0.20994964241981506, 0.02571403980255127, -0.30673760175704956, -1.1464862823486328, 0.48554888367652893, 0.00354141928255558, 0.8397380113601685, 0.4270898103713989, 1.156707763671875, -0.5656461715698242, -0.7510327100753784, -0.4459960460662842, 0.2544708251953125, -0.14774389564990997, -0.15054810047149658, -0.0823754221200943, -1.1208770275115967, -0.158095121383667, -0.48385903239250183, 0.9468827247619629, -0.7669416666030884, -0.5941758155822754, -0.04870021343231201, -0.3637552261352539, 1.1476645469665527, -1.3465874195098877, -0.5604937672615051, -0.546103298664093, -0.6589058637619019, 1.1632757186889648, -0.1414373368024826, 0.8855985403060913, 0.8320630788803101, -0.011740727350115776, 0.3960626721382141, 0.9369721412658691, -0.23245824873447418, 0.15219825506210327, 0.5275766849517822, -0.3763774335384369, -0.025569088757038116, -0.8228289484977722, 0.2839258909225464, 0.14519734680652618, -1.1037962436676025, 0.10966761410236359, 1.1622231006622314, 0.5284069180488586, -1.3808584213256836, 0.2224883735179901, 0.531606912612915, 0.5429273843765259, -0.06097705662250519, 0.8044898509979248, -1.3320266008377075, -1.7005101442337036, 0.17150864005088806, 0.1734115332365036, 1.3874454498291016, -1.2631081342697144, 0.7291828989982605, 0.5528866052627563, 0.26600220799446106, -0.14956170320510864, 0.3156946897506714, -0.0003793202340602875, 0.2502068281173706, -1.4095169305801392, -0.48334503173828125, -0.08092541992664337, 0.9871031641960144, -0.07212227582931519, 0.26868560910224915, -0.13567934930324554, -0.570418119430542, -1.4749764204025269, -0.06602756679058075, 1.7757294178009033, -0.1388419270515442, -0.4832753539085388, 0.6739102602005005, -0.15415887534618378, -0.6484306454658508, -0.904188334941864, -0.41950637102127075, 0.280504047870636, -0.8679946660995483, 2.8945348262786865, -0.18462251126766205, 0.2689562737941742, -1.359283208847046, -0.06126142665743828, 1.400024652481079, 0.5795222520828247, 0.6008418798446655, -0.017326314002275467, 1.4660552740097046, -0.598410964012146, 0.9327462911605835, -1.7505247592926025, -0.4721718430519104, 0.5239139795303345, 0.7486606240272522, -0.20584708452224731, 0.4058452546596527, -0.22664152085781097, 0.9041674137115479, -0.8295590281486511, 0.22834545373916626, -0.49112436175346375, -0.3622804284095764, 0.7753815650939941, -0.3025370240211487, 0.7975965142250061, -0.37064260244369507, -0.3065028488636017, 0.6426401138305664, 0.8861969113349915, 0.674432635307312, 0.09003680944442749, -1.0306066274642944, -1.2654261589050293, -0.12950146198272705, 0.34601783752441406, -0.8688439130783081, -0.6455129384994507, 0.6361594796180725, 0.15012772381305695, -0.6261225938796997, 0.32651299238204956, 0.09478995949029922, 1.3660088777542114, 0.45575106143951416, 0.21725240349769592, -0.6470402479171753, 0.9810007214546204, -0.22426576912403107, -0.5034438371658325, -0.05027320981025696, -1.1836919784545898, -1.093723177909851, -0.09913502633571625, -0.6992496252059937, -1.538642168045044, -1.410921335220337, 0.7811999917030334, -0.3867407739162445, -0.6392061710357666, 0.4342725872993469, -0.1719222068786621, -0.8266927003860474, -0.8460988998413086, -0.1725092977285385, -0.9962080717086792, -0.7345092296600342, 0.7262567281723022, -0.6352552175521851, 0.2311325967311859, 1.2252601385116577, -0.6401645541191101, 0.7784886360168457, -0.43187201023101807, -0.20861811935901642, 0.2786981761455536, -0.19916704297065735, -0.15467359125614166, 0.11039812862873077, -0.3244423270225525, -0.9078029990196228, 1.0255793333053589, -0.9216001033782959, -0.6363704204559326, -0.147885262966156, 0.9321087002754211, 0.26801151037216187, 0.12962569296360016, -1.1479620933532715, 2.042462110519409, 0.8943650722503662, -0.7294178009033203, 0.5893632173538208, 0.10518226027488708, 0.5985848903656006, 0.4843901991844177, 1.5037034749984741, 0.5394193530082703, 0.28124770522117615, 0.36307018995285034, -0.08289527148008347, -0.07388819009065628, -0.6846637725830078, -0.5581717491149902, 0.7019035816192627, 1.3189831972122192, 0.5726983547210693, 1.4407143592834473, -0.868824303150177, -0.8327349424362183, 1.1455622911453247, -0.6128543019294739, 0.007579980418086052, -0.2662222385406494, 1.5423877239227295, -0.9731329679489136, -0.7446916103363037, -0.7094883322715759, -0.09685498476028442, 0.4798887372016907, 0.5951244831085205, -0.42061007022857666, 0.4079534113407135, 0.6530316472053528, -1.2780394554138184, -1.0354738235473633, 0.43482425808906555, 0.4473141133785248, 0.27233976125717163, 0.08411046117544174, -0.4733821749687195, 0.44863057136535645, -0.6640049815177917, -1.248052716255188, -0.23730899393558502, 0.2678946852684021, 0.27091896533966064, 0.6770265698432922, 0.6378231644630432, -0.6879982948303223, 0.8958873748779297, -0.2524610161781311, -0.1365685611963272, -1.252105951309204, -0.87358158826828, 0.6996901631355286, -0.06374481320381165, -1.431391954421997, 0.6988534331321716, 1.0884538888931274, -0.3102448582649231, 0.10271944105625153, 1.824637770652771, -0.44572025537490845, -0.6763361096382141, -0.4731598496437073, 0.6449221968650818, 0.12704531848430634, 0.12821605801582336, -0.1746155321598053, 0.31479278206825256, 0.04682892560958862, -1.1553175449371338, -1.2186247110366821, 0.1669856458902359, -0.9253929257392883, -0.16957415640354156, -1.4537696838378906, -0.5497490167617798, 0.6271456480026245, 0.678750216960907, -1.3338360786437988, -0.15386652946472168, 0.1104399561882019, 0.05096650868654251, 0.47081127762794495, -0.3713894188404083, -0.015267595648765564, -0.22563570737838745, -1.24513578414917, -0.7575863003730774, 0.8676432371139526, 0.03693874552845955, -0.6643408536911011, -0.40899163484573364, -0.4274689257144928, 0.45715850591659546, 1.7549329996109009, 0.1846289187669754, -0.2630966305732727, -0.788865327835083, 1.044521689414978, 0.5649617910385132, -0.7349427938461304, -0.008105617947876453, -1.0293684005737305, -1.203500747680664, -1.1078280210494995, 0.7195194959640503, 1.0611168146133423, -0.6942813992500305, 0.8120943903923035, 0.7068981528282166, 0.8294821977615356, -1.3086848258972168, -0.029928676784038544, -0.8017305135726929, -0.7060720920562744, -0.18975764513015747, -0.150717094540596, 1.1259846687316895, 0.3084869384765625, -0.8503518104553223, 0.039869554340839386, 0.14049066603183746, 0.5655537843704224, 0.49282392859458923, 0.2523123621940613, 0.26705196499824524, -0.11487803608179092, 0.8163790106773376, 1.0851606130599976, 0.7870602607727051, 0.1414247304201126, -0.5520732998847961, 1.785786747932434, 0.5062507390975952, 0.7148536443710327, -0.6789456605911255, -0.44749894738197327, -1.3928861618041992, -0.8712013363838196, -0.8025415539741516, -0.6402075886726379, -0.749549150466919, -1.0015758275985718, 0.5011774301528931, -0.5646706819534302, -2.2196927070617676, -0.8440426588058472, -0.6824881434440613, -0.835074782371521, 0.12907172739505768, -0.4034184515476227, 0.9163123369216919, 0.7002233266830444, 0.31633609533309937, -0.20496591925621033, 0.7494385242462158, -0.7169315218925476, 0.24953743815422058, 0.3320128917694092, -1.237453818321228, -0.09977637231349945, -0.06643284857273102, 0.42718154191970825, 0.80355304479599, 0.08063714951276779, 0.6938832998275757, 0.14769510924816132, 1.5346699953079224, 1.1681420803070068, -0.6003626585006714, -0.289991170167923, -0.25103333592414856, -0.9702432751655579, -0.17050543427467346, 0.9273964166641235, -0.8766409754753113, -0.16559574007987976, -0.05140625685453415, -0.1917947232723236, -0.5854681730270386, -0.3988274931907654, -0.08498751372098923, -1.4558298587799072, 0.3332340717315674, -3.1727237701416016, 0.3516576290130615, 0.5069830417633057, -0.49963074922561646, -0.16410833597183228, 0.5776230692863464, 0.4535839259624481, 0.37121671438217163, -0.07427439093589783, 0.8402225971221924, -0.3385348618030548, 0.5522562861442566, -1.0814871788024902, 1.0106998682022095, -0.18307319283485413, -0.5649341344833374, -0.08306519687175751, 0.07888074219226837, 0.526630163192749, 0.1805488020181656, -0.29200267791748047, -1.3855924606323242, -0.4915313720703125, 0.13301436603069305, 0.3262459933757782, -1.8099253177642822, 0.7232481837272644, 0.529731273651123, -0.7536092400550842, -0.47676223516464233, 0.2309536188840866, 0.2677268981933594, 0.24515946209430695, -1.039365291595459, -0.29861485958099365, -0.8423231244087219, -0.751707911491394, -0.36133521795272827, -0.7193924188613892, -0.44023412466049194, -1.588018536567688, -0.14270570874214172, -0.22081813216209412, -0.28149861097335815, -0.9852514266967773, -2.041444778442383, 0.2686448395252228, -0.650710940361023, 0.4730536937713623, 1.5281214714050293, 0.12802448868751526, -0.22408442199230194, 0.6614745855331421, -1.0607235431671143, -0.5467890501022339, 0.5633580684661865, -0.7211870551109314, -0.4994490146636963, -0.7108256220817566, -0.16546188294887543, 0.15435028076171875, -0.5065501928329468, -0.563755214214325, -0.10505542904138565, -0.10681021213531494, -0.994815468788147, -0.4533367156982422, 1.0941975116729736, 0.6951140761375427, 0.15150439739227295, -0.6516186594963074, -1.4763017892837524, 1.357594609260559, -0.7088519334793091, -0.6171757578849792, -0.5769647359848022, 0.3854365944862366, -1.3431545495986938, -1.505115032196045, 0.5743007063865662, 0.8561831712722778, 0.37669637799263, -0.2258354127407074, 0.43431684374809265, 0.48282331228256226, -1.0014334917068481, -1.5049006938934326, -1.3346011638641357, -1.083592176437378, 0.3705938756465912, 0.4854121208190918, 0.5010727047920227, 0.03827427327632904, -0.5026500821113586, 0.9623275399208069, -0.2653047442436218, -0.23683765530586243, 1.5035890340805054, 0.2806272506713867, -0.34399405121803284, -0.4677543044090271, -1.1507883071899414, 0.9915828704833984, -0.06290465593338013, 0.4622684121131897, 0.9023198485374451, -0.4506186246871948, 0.32886868715286255, 0.2542322278022766, 0.8356689214706421, -0.9181602001190186, -1.0178229808807373, 0.7389822006225586, -0.4185836613178253, -0.48785465955734253, -0.7112761735916138, -0.3574427664279938, -0.25007790327072144, 0.4967373013496399, -0.8402669429779053, -0.19330964982509613, -0.34321850538253784, -0.37771517038345337, -0.8665773272514343, 0.48286768794059753, -1.6211110353469849, 0.028467737138271332, -0.39153358340263367, 0.41440343856811523, 0.36817747354507446, 0.14512589573860168, -0.9676312208175659, 0.41214263439178467, -0.07787974178791046, -1.10368812084198, 0.9692670106887817, -0.12339841574430466, -0.4548788368701935, -0.6423144340515137, -0.9692755937576294, -1.3869671821594238, -0.5639143586158752, 0.1465957760810852, -1.1989442110061646, 0.10157568752765656, -0.6172218918800354, 0.29441383481025696, 1.1351606845855713, 1.1536422967910767, 0.07778213173151016, -0.5379998087882996, 1.3452863693237305, 0.8322223424911499, 0.9429111480712891, -0.653245210647583, -0.8363131284713745, -1.5860294103622437, -0.1862306147813797, 0.5287123918533325, -1.3973995447158813, 0.4537370502948761, -0.9862949848175049, -0.03081144392490387, -1.178803563117981, 0.7729703783988953, 0.2377191036939621, -0.5916535258293152, 0.38274940848350525, 0.8219971060752869, -0.1692819595336914, -0.3796219825744629, 1.2553026676177979, 1.4672744274139404, -0.21148531138896942, 0.040830112993717194, 1.5765743255615234, -0.4901449978351593, 0.9178512692451477, 1.4529849290847778, 2.0145888328552246, -2.3290157318115234, 2.4443747997283936, 2.034822463989258, -0.8888068795204163, -0.39719462394714355, 0.5817633271217346, -0.12775254249572754, -0.9189705848693848, -0.1340845674276352, -0.107144795358181, 0.18960943818092346, -0.1990041732788086, -0.16979464888572693, 1.1384888887405396, -1.5773457288742065, -0.030883295461535454, 0.3011223375797272, -0.38904231786727905, 0.8645905256271362, -0.6253974437713623, -1.1833689212799072, -1.2950891256332397, -0.4793137013912201, -1.953271508216858, 1.141459584236145, -0.3443176746368408, 1.6907508373260498, -2.1398375034332275, 0.5966833233833313, -1.113606572151184, 0.010458903387188911, 0.38359761238098145, 1.200795292854309, -0.7681567072868347, -0.6537591218948364, -0.647976815700531, 0.4050306975841522, 0.6568033695220947, -0.2884197235107422, -0.16431769728660583, -0.8139246702194214, 1.16360604763031, 1.2655510902404785, -1.477719783782959, 0.14356514811515808, -1.5677753686904907, -0.12309630960226059, 1.7439913749694824, -0.9318727850914001, 0.021956125274300575, -0.40872761607170105, -0.31442585587501526, -0.5698927640914917, -1.2943902015686035, 0.48501813411712646, 1.3466813564300537, -0.3808031380176544, -0.9841204881668091, -1.1808562278747559, 0.19101490080356598, -0.08983121812343597, 1.3144123554229736, 1.201878309249878, -1.2070280313491821, 0.6357204914093018, -0.49336308240890503, -1.5569791793823242, 0.3914912939071655, -0.2605521082878113, -0.25916534662246704, -0.08473674952983856, -0.6864016056060791, 0.02729126438498497, 0.8209953308105469, -0.7221975922584534, -1.1395771503448486, -1.2264055013656616, 0.6687601804733276, 0.17073574662208557, 1.891187310218811, -1.6825299263000488, -0.014423942193388939, 1.5907419919967651, 0.9786670207977295, 0.11278130114078522, -1.8969600200653076, 1.2697261571884155, -0.8470472097396851, -0.48083457350730896, 2.1315934658050537, 2.0144643783569336, -0.06282549351453781, -0.9130691885948181, -0.4126585125923157, 0.6577180624008179, 0.6057597398757935, -0.13450346887111664, -0.11532030999660492, -1.718748688697815, -2.4954347610473633, -0.7146511673927307, -0.43670135736465454, 1.9274406433105469, -1.6083989143371582, 0.8818452954292297, -0.7583957314491272, -0.6903657913208008, 1.8859158754348755, 0.5455185174942017, 1.4707616567611694, -2.4904134273529053, 1.4263615608215332, -0.5111693739891052, -1.937335729598999, 0.6736418008804321, 0.502234697341919, 1.9942381381988525, 2.268778085708618, 1.9368470907211304, 0.548582911491394, 0.08879251033067703, -1.8035399913787842, 0.6142753958702087, 1.6687448024749756, -0.5474061965942383]"
32,5,تعيين,emmp,"يناء لىّالتانون رقم/ ‎/١7‏ لعام 1987
ض يناء على احتام الكنون رقم/84/ لعام 1476 ا ا
0 وعلى احكام الرسوم /7؟1/ تريخ 6 ‎٠76/17/17‏ م

وعلى القرار رقم 45 59/ طريخ 1970/6/7 ف ؟ 0“ م
ا ب ا

وعلى القانون رقم/١/‏ لعام ‎١985‏
‏وعلى ك لمرسوم ‎١‏ لعام ‎١1487‏ والممدد بالمرسوم ‎١٠‏ لعام و
وعلى الب حاحب العلاقة رقم / ‎١٠92‏ / تريخ ‎١157/7/17‏

2 يقير عايلى :

لزب

صاكة ‎١‏ يمتح السيد الميندس المدنيى عرظان محمد سليطان احمد ‏ العامل لدى وزارة الرىي مديزرية الزى العامد لحوثي الساحل
ٍ ْ تعويضاء ‎٠‏ شهريا بنسبة 5 7 من اجر المقايل لقتاء تعويما ‎٠:‏ المبيعتاتامة وحسن ادازرة وانتاجوذلك اعتبلرا: ص[ ريخ

مباشرة العمل في 1147/17/7 ‎٠‏

صادة 7 يصرف التعويتى التاجم عن هنذا القرار من اعتمادات وزازة الرى -- مديرية الرى المامكه لحو للساجل على اليتد/رملا 7

ا دمشى في 0 7 ‎١77 ١‏
2 ا

8 ل ب ا ص ِ

: صورة الى:

1

-. وزارة العاليه للنشر - الاداريه كم الاصل

لالص

اع

1

0
1 أمسا اا
1 7ط
87

١","[-0.6175280809402466, 1.9683399200439453, 1.2053182125091553, -0.7009953856468201, 0.7246678471565247, 0.36577630043029785, 0.4658297300338745, 1.0052565336227417, -0.6579887866973877, -0.3105650842189789, -0.12325534969568253, 0.3897383213043213, -0.41100239753723145, -0.45231765508651733, 0.06309723854064941, 0.44987255334854126, 1.3597261905670166, 0.6209580898284912, -0.31127405166625977, -0.12245354056358337, 0.4005942642688751, -0.29428598284721375, 0.478583425283432, 0.6125832796096802, 0.29812943935394287, -0.15036553144454956, -1.090345859527588, -0.37650933861732483, 0.01842936873435974, 0.19996070861816406, 0.45232993364334106, 0.6412470936775208, -0.7608720064163208, 0.4306769073009491, -0.3513869643211365, -0.7726978063583374, -1.0105302333831787, 1.3418415784835815, -0.8732866048812866, -0.9276004433631897, -0.7097874283790588, -1.041000247001648, -0.32514065504074097, -0.39429861307144165, -1.0587401390075684, 0.3488210439682007, 0.5208766460418701, 1.2476567029953003, -0.11012732237577438, 1.669766902923584, -1.0154823064804077, 0.5164604783058167, -0.1446996033191681, -0.373729407787323, -0.48393771052360535, 0.6148071885108948, 0.07271358370780945, -0.3678871691226959, -1.1314620971679688, -1.1387978792190552, -0.6341248750686646, -0.6358322501182556, -0.14830797910690308, 0.23241877555847168, 0.6974559426307678, 0.060354799032211304, 0.6750410199165344, -1.6234956979751587, -0.12026083469390869, 0.23708850145339966, 0.5898711085319519, 0.45293235778808594, -0.3039074242115021, 0.297891229391098, -0.10253959894180298, -0.44781944155693054, -1.2679839134216309, -0.08441265672445297, 0.06692898273468018, 0.7053768038749695, -0.16704419255256653, -0.6725032329559326, -1.1383998394012451, -0.10747165232896805, 1.1305915117263794, 0.15421827137470245, 0.5578839778900146, -0.5142307877540588, 1.168274164199829, 0.1086580902338028, 0.28023725748062134, 0.9116292595863342, -0.059498369693756104, 1.0257670879364014, -0.0818755179643631, -0.021106824278831482, -0.3702070116996765, -0.4257471561431885, -0.726112425327301, 0.4993927478790283, 1.5587048530578613, -0.6565767526626587, 1.0771374702453613, 0.7167688608169556, 0.8973531723022461, 0.9500595927238464, -0.5766921043395996, 0.548078179359436, -0.8564139604568481, -6.284086227416992, 0.20035947859287262, -0.41966578364372253, 0.2163267284631729, 0.38209930062294006, 0.07005824148654938, 0.18926817178726196, 1.0036288499832153, -1.338320016860962, -1.11832594871521, -0.03151634335517883, 0.7864965200424194, -1.000758171081543, -1.7179360389709473, 0.1232718825340271, -1.2905781269073486, 0.6892913579940796, 0.7970462441444397, -0.4256620407104492, -0.19286079704761505, 0.18844524025917053, 0.8801842927932739, -0.21236050128936768, 0.14211855828762054, -0.7533168792724609, 1.0148738622665405, -2.075632333755493, 0.45131510496139526, -1.558721661567688, 0.6861501336097717, 0.5557161569595337, 0.9496846795082092, 1.5737663507461548, 1.2305090427398682, -0.7559242248535156, 0.9202196598052979, 0.02394375205039978, 0.11555250734090805, -0.33965086936950684, -0.0181160569190979, 0.4415072202682495, 0.15233078598976135, -0.3152378797531128, 0.320942223072052, -0.4188759922981262, 10.815996170043945, 0.2386908382177353, -0.622916579246521, -0.33233827352523804, -0.044610653072595596, 0.9641598463058472, 1.0894919633865356, 0.36150825023651123, -0.9111937284469604, 1.3136379718780518, -0.6861671805381775, -2.3632731437683105, -0.8010287284851074, -1.314853310585022, -0.27429336309432983, 0.1269046515226364, 0.08989816904067993, 0.7247828245162964, 0.17313194274902344, -0.11586253345012665, -0.37838757038116455, 1.2542670965194702, -1.1139205694198608, 0.05180981755256653, -0.9500404000282288, -0.5221509337425232, 0.1077958270907402, 0.25501489639282227, -0.47938305139541626, 0.9994163513183594, -0.5250054597854614, -0.34472787380218506, 0.7765677571296692, 0.2561415731906891, 0.7408380508422852, -0.12016105651855469, 0.2893868088722229, 1.3313992023468018, -0.14469528198242188, 0.763643205165863, -0.6862475275993347, -0.38941556215286255, -1.46136474609375, 0.5739096403121948, 0.4226621985435486, -0.45360517501831055, -0.12913894653320312, -0.8262377977371216, -0.8570795655250549, 0.4683901369571686, 0.3215634822845459, -0.30882740020751953, -0.2678442895412445, 0.3533517122268677, -0.20519757270812988, -1.3459279537200928, -0.7138938903808594, -0.9760884642601013, -1.0744057893753052, 0.5961912274360657, -0.36613333225250244, -0.1433732509613037, 0.49895957112312317, 0.31803542375564575, -1.0393321514129639, -0.5623602867126465, 0.9551955461502075, 1.069136142730713, -0.49561503529548645, 0.06409773975610733, 1.622826099395752, -1.137351632118225, 0.012835569679737091, 0.5524510741233826, -0.20406606793403625, -0.003909662365913391, 1.2322548627853394, -0.40063363313674927, 0.8849714398384094, 0.48447108268737793, 1.2186565399169922, -0.09125544875860214, -0.972452700138092, 0.12085463106632233, 0.015261076390743256, 0.26198533177375793, 0.05538757145404816, 0.22102761268615723, -1.2762227058410645, -0.8569521903991699, -0.6373037099838257, 1.2673180103302002, -0.2078806608915329, -0.7661701440811157, -0.41735315322875977, 0.06792790442705154, 1.788076400756836, -1.2195215225219727, -0.1791398674249649, -0.448404461145401, -1.1743429899215698, 0.797187089920044, -0.01431695744395256, 0.6028266549110413, 0.46963295340538025, -0.2278110682964325, 0.15232346951961517, 0.7074276804924011, 0.04130314290523529, -0.2994006872177124, 0.24127814173698425, -0.4557286202907562, -0.3099627196788788, -0.6852536201477051, -0.5196664929389954, 0.18036143481731415, -0.865205705165863, -0.13316193222999573, 0.7265644073486328, 0.6709770560264587, -1.7013823986053467, -0.46429526805877686, 0.1695745587348938, 0.6240721940994263, -0.34513455629348755, 0.13624519109725952, -0.8410583734512329, -1.0650560855865479, -0.013953343033790588, -0.006649598479270935, 0.8910573124885559, -0.45923587679862976, 0.7229779958724976, 0.8006923198699951, 0.15069609880447388, -0.6803586483001709, 0.5636450052261353, -0.060166869312524796, 0.08605976402759552, -0.8009272813796997, -0.46391725540161133, -0.7622984647750854, 1.2031127214431763, -0.37547430396080017, -0.12653246521949768, -0.012803740799427032, -0.5334455370903015, -0.8342624306678772, 0.4707888960838318, 1.4949300289154053, 0.2849917411804199, -0.7069066166877747, 0.4514656364917755, -0.9096961617469788, -0.002414129674434662, -1.0519834756851196, -0.27489155530929565, -0.46805453300476074, -1.496143102645874, 2.9376132488250732, -0.45892536640167236, 0.5642757415771484, -1.0672361850738525, 0.2154323160648346, 0.45692330598831177, 0.2929689586162567, 0.2612249255180359, -0.1998085081577301, 1.6385235786437988, -0.6129152774810791, 0.38615700602531433, -1.2643133401870728, -0.26120591163635254, 0.300788938999176, 0.774627685546875, 0.013807520270347595, 0.4061841666698456, 0.6387842893600464, 0.7111300230026245, -0.7689636945724487, 0.5485701560974121, -0.09898826479911804, -0.20737162232398987, 0.5054401755332947, -0.1976856291294098, 0.7310959696769714, -0.19459329545497894, -0.5375466346740723, 0.42776668071746826, 0.37855324149131775, 0.8005015254020691, 0.376428484916687, -0.6536134481430054, -1.2829031944274902, 0.17831072211265564, 0.2356060892343521, -1.6152617931365967, -0.5144702196121216, 0.019316725432872772, -0.08930079638957977, -1.083907961845398, 0.41420337557792664, -0.49153250455856323, 0.9166958332061768, 0.5868601202964783, -0.5791304707527161, -1.0579118728637695, 1.1321910619735718, -0.2649881839752197, -0.31039103865623474, 0.15607841312885284, -0.8000285625457764, -0.1633424162864685, -0.2087058573961258, -0.28213173151016235, -1.4012072086334229, -1.362992525100708, 1.2734534740447998, -0.6211708188056946, -0.6003243923187256, -0.27223071455955505, 0.15162591636180878, -0.014615476131439209, -1.0870709419250488, -0.10829859972000122, -1.002506971359253, -0.734871506690979, 0.6899763345718384, -0.2702914774417877, -0.2202146053314209, 1.091903567314148, -0.4913560152053833, 0.8829874396324158, -0.7346624135971069, -0.11321565508842468, 0.34501752257347107, -0.5544878244400024, -0.17402638494968414, -0.20788496732711792, -0.5556520223617554, -1.1187528371810913, 0.03387871012091637, -1.035201907157898, -0.21819689869880676, -0.22254705429077148, 0.619527280330658, 0.023661240935325623, 0.8699835538864136, -1.1245830059051514, 1.2278238534927368, 1.0275706052780151, -0.7434217929840088, -0.17631638050079346, 0.13825875520706177, 0.8088469505310059, 0.0646045058965683, 2.1393790245056152, 0.8542851805686951, 0.10019238293170929, 0.22163312137126923, 0.2492755949497223, 0.1049957349896431, -0.43918365240097046, -0.08077225089073181, 0.23159822821617126, 0.4294849932193756, 0.1553962528705597, 0.7843549251556396, -0.5713465809822083, -0.8600836396217346, 1.4788209199905396, -0.5377996563911438, -0.2577764093875885, -0.5538734197616577, 1.1850987672805786, -0.2603350877761841, -0.7663259506225586, -0.9157554507255554, -0.6361778974533081, -0.33114129304885864, 0.053011342883110046, -0.4519990086555481, 0.8743311166763306, 0.6323842406272888, -1.6372437477111816, -1.4028583765029907, 0.27922552824020386, 0.6303536891937256, 0.20061373710632324, -0.1531459242105484, -0.29602935910224915, 0.7142080068588257, -0.37762755155563354, -1.4344518184661865, 0.5981603264808655, 0.7071942687034607, -0.21920840442180634, 1.271303415298462, 1.2408802509307861, -0.8424173593521118, 0.25174465775489807, -0.5843886137008667, 0.24951383471488953, -0.7462384700775146, -0.6161127090454102, 0.35930711030960083, 0.5875370502471924, -1.8319796323776245, 1.1113241910934448, 1.3834397792816162, 0.1510206013917923, -0.15878528356552124, 0.7525920867919922, -0.5854366421699524, -0.8882583975791931, -0.644527018070221, 0.5180299282073975, 0.4897110164165497, 0.032095082104206085, -0.6852565407752991, 0.3610934019088745, -0.34853363037109375, -0.3959827423095703, -0.7671262621879578, 0.28909236192703247, -0.7895607948303223, 0.07989691197872162, -1.3051855564117432, -0.15129858255386353, -0.32044705748558044, 0.3836137652397156, -1.2106680870056152, 0.4139281213283539, 0.26221755146980286, 0.6284435391426086, 0.9616222381591797, -0.07704345881938934, -0.5070183277130127, -0.14504331350326538, -1.108748197555542, -1.1406022310256958, 0.01773524284362793, 0.7427225708961487, -1.0358784198760986, -0.5377703309059143, 0.028348281979560852, 0.32926130294799805, 1.896185040473938, -0.12749575078487396, -0.2908390164375305, -0.05321033298969269, 1.7932451963424683, 0.39516472816467285, -0.5575870275497437, 0.37425175309181213, -0.6269572377204895, -0.7341949343681335, -0.9701266288757324, 0.7280169725418091, 0.0021493136882781982, -0.39724278450012207, 0.11786817014217377, 0.8335326910018921, 0.36352819204330444, -0.823031485080719, 0.016418790444731712, -1.155942440032959, -0.5093779563903809, 0.026376575231552124, -0.3487030863761902, 1.123335361480713, 0.16015192866325378, -0.2685467302799225, -0.3423836827278137, 0.0332285612821579, 0.5547839403152466, 0.19678986072540283, 0.3894040286540985, -0.17297828197479248, -0.33881381154060364, 0.08854586631059647, 0.6391597986221313, 0.757392942905426, 0.10853929817676544, -0.41943344473838806, 2.188718795776367, 0.39813944697380066, 0.07942190766334534, -0.07424548268318176, -0.07497918605804443, -1.0480766296386719, -1.264776587486267, -0.9998090863227844, -0.6037148237228394, -1.0344641208648682, -0.6984671354293823, 0.2690701186656952, -1.2049566507339478, -2.006019353866577, -0.7704845666885376, -1.232332468032837, -0.5676372051239014, 0.17125067114830017, -0.8380386829376221, 1.1504557132720947, 0.5171980857849121, 0.7672011852264404, 0.04618605598807335, 0.4109261929988861, -0.6130337119102478, 0.4138844609260559, 0.5200154781341553, -1.506203532218933, 0.2845299243927002, 0.6755840182304382, 0.6227570176124573, 0.8345763683319092, 0.5619962811470032, 0.3744649291038513, 0.9444146156311035, 1.699421763420105, 0.9897535443305969, -0.8124175071716309, -0.2448129802942276, -0.7239208221435547, -0.7729930281639099, -0.4210524559020996, 0.7258016467094421, -0.600881814956665, 0.12458591908216476, -0.3688197135925293, -0.05361676216125488, -0.19859907031059265, -0.47942984104156494, -0.07553055137395859, -1.5923705101013184, 0.8667540550231934, -3.013443946838379, 0.5816659331321716, 0.9089804887771606, -0.3462100625038147, 0.07863829284906387, 0.7653622627258301, 0.3295927941799164, 0.07936267554759979, 0.5930912494659424, 0.6828275918960571, -0.5346641540527344, -0.03945249319076538, -1.49649977684021, 0.9143085479736328, 0.015103280544281006, -0.6908983588218689, -0.5086407661437988, -0.26192542910575867, 0.0534970797598362, 0.6637679934501648, 0.08563263714313507, -1.233686089515686, -0.6615750193595886, 0.05566488206386566, -0.28929823637008667, -1.5579746961593628, 0.020923063158988953, 0.743245005607605, -0.442538857460022, -0.18062210083007812, -0.06374514102935791, 0.23776838183403015, 0.5727806687355042, 0.02709517627954483, -0.5673301219940186, -0.651853621006012, -0.9196064472198486, -0.4296361207962036, -0.10601598769426346, -0.3894273638725281, -1.4619064331054688, -0.11669711023569107, -0.997235119342804, -0.8275132179260254, -0.455645352602005, -1.635429859161377, 0.15258315205574036, -0.21440425515174866, 0.08128237724304199, 1.5772536993026733, 0.14108668267726898, -0.13208481669425964, 0.11159488558769226, -0.8928877115249634, -0.31697458028793335, 0.5885049104690552, -0.9398878216743469, -0.5219732522964478, -0.535705029964447, -0.26729393005371094, 0.22359417378902435, -0.4070684313774109, 0.27583158016204834, -0.21473205089569092, 0.0010166466236114502, -0.5027482509613037, -1.0502032041549683, 0.9668647646903992, 1.0220351219177246, -0.025448322296142578, -1.0535099506378174, -1.198897361755371, 1.126260757446289, -0.040639109909534454, 0.10715429484844208, -0.2284257560968399, 0.5428657531738281, -1.3622591495513916, -1.9266903400421143, 0.8863896727561951, 1.0876604318618774, -0.06624098122119904, -0.20624761283397675, 0.5733501315116882, 0.15193228423595428, -0.6205583214759827, -1.380523920059204, -0.29566940665245056, -1.1658029556274414, 0.4987925887107849, 0.8438330292701721, 0.8470596075057983, -0.10762904584407806, -0.36788201332092285, 1.5025691986083984, 0.0803908109664917, -0.4251493215560913, 0.9817386865615845, 0.18318992853164673, -0.5492192506790161, -0.1248745396733284, -0.892463743686676, 1.7843955755233765, -0.5505788326263428, 0.06737537682056427, 0.07402826100587845, -0.029163679108023643, -0.33397436141967773, 0.20945115387439728, 0.9019322395324707, -0.37509146332740784, -0.8862011432647705, 0.4397541582584381, -0.3653780519962311, -0.513593316078186, -1.0309803485870361, 0.27437344193458557, -0.23648148775100708, 0.840424656867981, -0.6474823951721191, -0.2590179145336151, -0.48316681385040283, -0.3203866183757782, -0.47328048944473267, 0.19125428795814514, -1.0196623802185059, 0.285898894071579, -0.5950077772140503, 0.21925070881843567, 0.02145300805568695, 0.5054827928543091, -0.06405933946371078, 0.13623666763305664, -0.2810608744621277, -0.8231339454650879, 0.9967564344406128, -0.3161873519420624, -0.5793258547782898, -0.3109953999519348, -1.1525356769561768, -1.6833325624465942, -0.026431143283843994, 0.042130205780267715, -0.9605254530906677, 0.5015473365783691, -0.041128188371658325, 0.5323902368545532, 0.9812074899673462, 0.8469122648239136, 0.33319538831710815, -0.6583741903305054, 0.7003957033157349, 0.010694965720176697, 0.904007613658905, -0.8159078359603882, -1.503753662109375, -1.5514280796051025, 0.06594346463680267, 0.3672028183937073, -0.8452566862106323, 0.31553617119789124, -0.20328786969184875, 0.14112991094589233, -0.7191150188446045, 0.6163654923439026, 0.45969220995903015, -1.332007646560669, 0.4743639826774597, 1.4927085638046265, -0.13502922654151917, -0.5580302476882935, 0.7156839966773987, 1.621774435043335, -0.13246355950832367, 0.10242269933223724, 1.5392837524414062, -0.5205926299095154]","[0.7792774438858032, 1.8204646110534668, 2.3631036281585693, -2.2438204288482666, 2.9614462852478027, 2.4509735107421875, -0.9710226655006409, -0.6990154981613159, -0.2496277242898941, 0.18454881012439728, 0.017025426030158997, -0.7055169939994812, -0.24899402260780334, -0.9639776945114136, -0.2990126311779022, -0.5645096302032471, 0.6768814325332642, -2.201333999633789, 0.11665098369121552, 0.5866377353668213, -0.4538426101207733, 1.0586363077163696, 0.35426652431488037, -1.953885555267334, -2.085038423538208, -0.7584852576255798, -1.5108689069747925, 2.320343017578125, -0.13720037043094635, 1.3741257190704346, -2.3462014198303223, 0.24448251724243164, -0.9857929944992065, 0.24755965173244476, 1.030408501625061, 0.7696455717086792, -1.2234002351760864, -0.6299330592155457, -0.6424720287322998, 0.6147100925445557, 0.08488297462463379, -0.6542596220970154, -0.5031408071517944, -0.48660412430763245, 1.442112922668457, 0.7916774153709412, -1.613917350769043, -0.00956057757139206, -1.9739187955856323, 0.6535862684249878, 2.087171792984009, -0.7248479723930359, -0.5662047266960144, -1.047675371170044, 0.28362035751342773, -0.17986521124839783, -1.5423110723495483, 0.20949006080627441, 1.334832787513733, -0.9778406620025635, -1.0235605239868164, -1.958540678024292, 0.21109820902347565, -0.5724967122077942, 1.1354960203170776, 0.8789991140365601, -1.7983598709106445, 0.5722559094429016, -0.8404583930969238, -2.3116085529327393, 0.5091372132301331, -0.3528044819831848, -0.24394214153289795, 0.36253488063812256, -0.8302752375602722, -0.027125049382448196, 0.4464004635810852, -1.4043382406234741, -0.8042864203453064, -1.728714942932129, 1.0229963064193726, 0.34274181723594666, 1.9626901149749756, -2.4997260570526123, 0.9877798557281494, 2.796954393386841, 1.4585645198822021, 0.7866352200508118, -2.229877471923828, 0.8332284092903137, -0.9694966077804565, 0.22876045107841492, 2.4090042114257812, 2.2777774333953857, -0.5101777911186218, -1.8506299257278442, -0.5195789337158203, 0.7452765703201294, 0.0919845849275589, -0.5309197902679443, -0.3106572926044464, -1.965775728225708, -3.195089101791382, -1.7729572057724, -0.1372922658920288, 2.559692621231079, -1.5168461799621582, 1.7918611764907837, -1.1905696392059326, -0.38800930976867676, 3.0028138160705566, -0.4357960522174835, 2.073190212249756, -3.1884660720825195, 2.1319077014923096, -0.12106156349182129, -2.4915215969085693, 0.41948825120925903, 0.8660117387771606, 2.6225745677948, 2.500143527984619, 2.5864293575286865, 0.990414559841156, -0.13135093450546265, -1.7560815811157227, -0.1890869438648224, 2.2624964714050293, -0.8115649223327637]","[-0.6175280809402466, 1.9683399200439453, 1.2053182125091553, -0.7009953856468201, 0.7246678471565247, 0.36577630043029785, 0.4658297300338745, 1.0052565336227417, -0.6579887866973877, -0.3105650842189789, -0.12325534969568253, 0.3897383213043213, -0.41100239753723145, -0.45231765508651733, 0.06309723854064941, 0.44987255334854126, 1.3597261905670166, 0.6209580898284912, -0.31127405166625977, -0.12245354056358337, 0.4005942642688751, -0.29428598284721375, 0.478583425283432, 0.6125832796096802, 0.29812943935394287, -0.15036553144454956, -1.090345859527588, -0.37650933861732483, 0.01842936873435974, 0.19996070861816406, 0.45232993364334106, 0.6412470936775208, -0.7608720064163208, 0.4306769073009491, -0.3513869643211365, -0.7726978063583374, -1.0105302333831787, 1.3418415784835815, -0.8732866048812866, -0.9276004433631897, -0.7097874283790588, -1.041000247001648, -0.32514065504074097, -0.39429861307144165, -1.0587401390075684, 0.3488210439682007, 0.5208766460418701, 1.2476567029953003, -0.11012732237577438, 1.669766902923584, -1.0154823064804077, 0.5164604783058167, -0.1446996033191681, -0.373729407787323, -0.48393771052360535, 0.6148071885108948, 0.07271358370780945, -0.3678871691226959, -1.1314620971679688, -1.1387978792190552, -0.6341248750686646, -0.6358322501182556, -0.14830797910690308, 0.23241877555847168, 0.6974559426307678, 0.060354799032211304, 0.6750410199165344, -1.6234956979751587, -0.12026083469390869, 0.23708850145339966, 0.5898711085319519, 0.45293235778808594, -0.3039074242115021, 0.297891229391098, -0.10253959894180298, -0.44781944155693054, -1.2679839134216309, -0.08441265672445297, 0.06692898273468018, 0.7053768038749695, -0.16704419255256653, -0.6725032329559326, -1.1383998394012451, -0.10747165232896805, 1.1305915117263794, 0.15421827137470245, 0.5578839778900146, -0.5142307877540588, 1.168274164199829, 0.1086580902338028, 0.28023725748062134, 0.9116292595863342, -0.059498369693756104, 1.0257670879364014, -0.0818755179643631, -0.021106824278831482, -0.3702070116996765, -0.4257471561431885, -0.726112425327301, 0.4993927478790283, 1.5587048530578613, -0.6565767526626587, 1.0771374702453613, 0.7167688608169556, 0.8973531723022461, 0.9500595927238464, -0.5766921043395996, 0.548078179359436, -0.8564139604568481, -6.284086227416992, 0.20035947859287262, -0.41966578364372253, 0.2163267284631729, 0.38209930062294006, 0.07005824148654938, 0.18926817178726196, 1.0036288499832153, -1.338320016860962, -1.11832594871521, -0.03151634335517883, 0.7864965200424194, -1.000758171081543, -1.7179360389709473, 0.1232718825340271, -1.2905781269073486, 0.6892913579940796, 0.7970462441444397, -0.4256620407104492, -0.19286079704761505, 0.18844524025917053, 0.8801842927932739, -0.21236050128936768, 0.14211855828762054, -0.7533168792724609, 1.0148738622665405, -2.075632333755493, 0.45131510496139526, -1.558721661567688, 0.6861501336097717, 0.5557161569595337, 0.9496846795082092, 1.5737663507461548, 1.2305090427398682, -0.7559242248535156, 0.9202196598052979, 0.02394375205039978, 0.11555250734090805, -0.33965086936950684, -0.0181160569190979, 0.4415072202682495, 0.15233078598976135, -0.3152378797531128, 0.320942223072052, -0.4188759922981262, 10.815996170043945, 0.2386908382177353, -0.622916579246521, -0.33233827352523804, -0.044610653072595596, 0.9641598463058472, 1.0894919633865356, 0.36150825023651123, -0.9111937284469604, 1.3136379718780518, -0.6861671805381775, -2.3632731437683105, -0.8010287284851074, -1.314853310585022, -0.27429336309432983, 0.1269046515226364, 0.08989816904067993, 0.7247828245162964, 0.17313194274902344, -0.11586253345012665, -0.37838757038116455, 1.2542670965194702, -1.1139205694198608, 0.05180981755256653, -0.9500404000282288, -0.5221509337425232, 0.1077958270907402, 0.25501489639282227, -0.47938305139541626, 0.9994163513183594, -0.5250054597854614, -0.34472787380218506, 0.7765677571296692, 0.2561415731906891, 0.7408380508422852, -0.12016105651855469, 0.2893868088722229, 1.3313992023468018, -0.14469528198242188, 0.763643205165863, -0.6862475275993347, -0.38941556215286255, -1.46136474609375, 0.5739096403121948, 0.4226621985435486, -0.45360517501831055, -0.12913894653320312, -0.8262377977371216, -0.8570795655250549, 0.4683901369571686, 0.3215634822845459, -0.30882740020751953, -0.2678442895412445, 0.3533517122268677, -0.20519757270812988, -1.3459279537200928, -0.7138938903808594, -0.9760884642601013, -1.0744057893753052, 0.5961912274360657, -0.36613333225250244, -0.1433732509613037, 0.49895957112312317, 0.31803542375564575, -1.0393321514129639, -0.5623602867126465, 0.9551955461502075, 1.069136142730713, -0.49561503529548645, 0.06409773975610733, 1.622826099395752, -1.137351632118225, 0.012835569679737091, 0.5524510741233826, -0.20406606793403625, -0.003909662365913391, 1.2322548627853394, -0.40063363313674927, 0.8849714398384094, 0.48447108268737793, 1.2186565399169922, -0.09125544875860214, -0.972452700138092, 0.12085463106632233, 0.015261076390743256, 0.26198533177375793, 0.05538757145404816, 0.22102761268615723, -1.2762227058410645, -0.8569521903991699, -0.6373037099838257, 1.2673180103302002, -0.2078806608915329, -0.7661701440811157, -0.41735315322875977, 0.06792790442705154, 1.788076400756836, -1.2195215225219727, -0.1791398674249649, -0.448404461145401, -1.1743429899215698, 0.797187089920044, -0.01431695744395256, 0.6028266549110413, 0.46963295340538025, -0.2278110682964325, 0.15232346951961517, 0.7074276804924011, 0.04130314290523529, -0.2994006872177124, 0.24127814173698425, -0.4557286202907562, -0.3099627196788788, -0.6852536201477051, -0.5196664929389954, 0.18036143481731415, -0.865205705165863, -0.13316193222999573, 0.7265644073486328, 0.6709770560264587, -1.7013823986053467, -0.46429526805877686, 0.1695745587348938, 0.6240721940994263, -0.34513455629348755, 0.13624519109725952, -0.8410583734512329, -1.0650560855865479, -0.013953343033790588, -0.006649598479270935, 0.8910573124885559, -0.45923587679862976, 0.7229779958724976, 0.8006923198699951, 0.15069609880447388, -0.6803586483001709, 0.5636450052261353, -0.060166869312524796, 0.08605976402759552, -0.8009272813796997, -0.46391725540161133, -0.7622984647750854, 1.2031127214431763, -0.37547430396080017, -0.12653246521949768, -0.012803740799427032, -0.5334455370903015, -0.8342624306678772, 0.4707888960838318, 1.4949300289154053, 0.2849917411804199, -0.7069066166877747, 0.4514656364917755, -0.9096961617469788, -0.002414129674434662, -1.0519834756851196, -0.27489155530929565, -0.46805453300476074, -1.496143102645874, 2.9376132488250732, -0.45892536640167236, 0.5642757415771484, -1.0672361850738525, 0.2154323160648346, 0.45692330598831177, 0.2929689586162567, 0.2612249255180359, -0.1998085081577301, 1.6385235786437988, -0.6129152774810791, 0.38615700602531433, -1.2643133401870728, -0.26120591163635254, 0.300788938999176, 0.774627685546875, 0.013807520270347595, 0.4061841666698456, 0.6387842893600464, 0.7111300230026245, -0.7689636945724487, 0.5485701560974121, -0.09898826479911804, -0.20737162232398987, 0.5054401755332947, -0.1976856291294098, 0.7310959696769714, -0.19459329545497894, -0.5375466346740723, 0.42776668071746826, 0.37855324149131775, 0.8005015254020691, 0.376428484916687, -0.6536134481430054, -1.2829031944274902, 0.17831072211265564, 0.2356060892343521, -1.6152617931365967, -0.5144702196121216, 0.019316725432872772, -0.08930079638957977, -1.083907961845398, 0.41420337557792664, -0.49153250455856323, 0.9166958332061768, 0.5868601202964783, -0.5791304707527161, -1.0579118728637695, 1.1321910619735718, -0.2649881839752197, -0.31039103865623474, 0.15607841312885284, -0.8000285625457764, -0.1633424162864685, -0.2087058573961258, -0.28213173151016235, -1.4012072086334229, -1.362992525100708, 1.2734534740447998, -0.6211708188056946, -0.6003243923187256, -0.27223071455955505, 0.15162591636180878, -0.014615476131439209, -1.0870709419250488, -0.10829859972000122, -1.002506971359253, -0.734871506690979, 0.6899763345718384, -0.2702914774417877, -0.2202146053314209, 1.091903567314148, -0.4913560152053833, 0.8829874396324158, -0.7346624135971069, -0.11321565508842468, 0.34501752257347107, -0.5544878244400024, -0.17402638494968414, -0.20788496732711792, -0.5556520223617554, -1.1187528371810913, 0.03387871012091637, -1.035201907157898, -0.21819689869880676, -0.22254705429077148, 0.619527280330658, 0.023661240935325623, 0.8699835538864136, -1.1245830059051514, 1.2278238534927368, 1.0275706052780151, -0.7434217929840088, -0.17631638050079346, 0.13825875520706177, 0.8088469505310059, 0.0646045058965683, 2.1393790245056152, 0.8542851805686951, 0.10019238293170929, 0.22163312137126923, 0.2492755949497223, 0.1049957349896431, -0.43918365240097046, -0.08077225089073181, 0.23159822821617126, 0.4294849932193756, 0.1553962528705597, 0.7843549251556396, -0.5713465809822083, -0.8600836396217346, 1.4788209199905396, -0.5377996563911438, -0.2577764093875885, -0.5538734197616577, 1.1850987672805786, -0.2603350877761841, -0.7663259506225586, -0.9157554507255554, -0.6361778974533081, -0.33114129304885864, 0.053011342883110046, -0.4519990086555481, 0.8743311166763306, 0.6323842406272888, -1.6372437477111816, -1.4028583765029907, 0.27922552824020386, 0.6303536891937256, 0.20061373710632324, -0.1531459242105484, -0.29602935910224915, 0.7142080068588257, -0.37762755155563354, -1.4344518184661865, 0.5981603264808655, 0.7071942687034607, -0.21920840442180634, 1.271303415298462, 1.2408802509307861, -0.8424173593521118, 0.25174465775489807, -0.5843886137008667, 0.24951383471488953, -0.7462384700775146, -0.6161127090454102, 0.35930711030960083, 0.5875370502471924, -1.8319796323776245, 1.1113241910934448, 1.3834397792816162, 0.1510206013917923, -0.15878528356552124, 0.7525920867919922, -0.5854366421699524, -0.8882583975791931, -0.644527018070221, 0.5180299282073975, 0.4897110164165497, 0.032095082104206085, -0.6852565407752991, 0.3610934019088745, -0.34853363037109375, -0.3959827423095703, -0.7671262621879578, 0.28909236192703247, -0.7895607948303223, 0.07989691197872162, -1.3051855564117432, -0.15129858255386353, -0.32044705748558044, 0.3836137652397156, -1.2106680870056152, 0.4139281213283539, 0.26221755146980286, 0.6284435391426086, 0.9616222381591797, -0.07704345881938934, -0.5070183277130127, -0.14504331350326538, -1.108748197555542, -1.1406022310256958, 0.01773524284362793, 0.7427225708961487, -1.0358784198760986, -0.5377703309059143, 0.028348281979560852, 0.32926130294799805, 1.896185040473938, -0.12749575078487396, -0.2908390164375305, -0.05321033298969269, 1.7932451963424683, 0.39516472816467285, -0.5575870275497437, 0.37425175309181213, -0.6269572377204895, -0.7341949343681335, -0.9701266288757324, 0.7280169725418091, 0.0021493136882781982, -0.39724278450012207, 0.11786817014217377, 0.8335326910018921, 0.36352819204330444, -0.823031485080719, 0.016418790444731712, -1.155942440032959, -0.5093779563903809, 0.026376575231552124, -0.3487030863761902, 1.123335361480713, 0.16015192866325378, -0.2685467302799225, -0.3423836827278137, 0.0332285612821579, 0.5547839403152466, 0.19678986072540283, 0.3894040286540985, -0.17297828197479248, -0.33881381154060364, 0.08854586631059647, 0.6391597986221313, 0.757392942905426, 0.10853929817676544, -0.41943344473838806, 2.188718795776367, 0.39813944697380066, 0.07942190766334534, -0.07424548268318176, -0.07497918605804443, -1.0480766296386719, -1.264776587486267, -0.9998090863227844, -0.6037148237228394, -1.0344641208648682, -0.6984671354293823, 0.2690701186656952, -1.2049566507339478, -2.006019353866577, -0.7704845666885376, -1.232332468032837, -0.5676372051239014, 0.17125067114830017, -0.8380386829376221, 1.1504557132720947, 0.5171980857849121, 0.7672011852264404, 0.04618605598807335, 0.4109261929988861, -0.6130337119102478, 0.4138844609260559, 0.5200154781341553, -1.506203532218933, 0.2845299243927002, 0.6755840182304382, 0.6227570176124573, 0.8345763683319092, 0.5619962811470032, 0.3744649291038513, 0.9444146156311035, 1.699421763420105, 0.9897535443305969, -0.8124175071716309, -0.2448129802942276, -0.7239208221435547, -0.7729930281639099, -0.4210524559020996, 0.7258016467094421, -0.600881814956665, 0.12458591908216476, -0.3688197135925293, -0.05361676216125488, -0.19859907031059265, -0.47942984104156494, -0.07553055137395859, -1.5923705101013184, 0.8667540550231934, -3.013443946838379, 0.5816659331321716, 0.9089804887771606, -0.3462100625038147, 0.07863829284906387, 0.7653622627258301, 0.3295927941799164, 0.07936267554759979, 0.5930912494659424, 0.6828275918960571, -0.5346641540527344, -0.03945249319076538, -1.49649977684021, 0.9143085479736328, 0.015103280544281006, -0.6908983588218689, -0.5086407661437988, -0.26192542910575867, 0.0534970797598362, 0.6637679934501648, 0.08563263714313507, -1.233686089515686, -0.6615750193595886, 0.05566488206386566, -0.28929823637008667, -1.5579746961593628, 0.020923063158988953, 0.743245005607605, -0.442538857460022, -0.18062210083007812, -0.06374514102935791, 0.23776838183403015, 0.5727806687355042, 0.02709517627954483, -0.5673301219940186, -0.651853621006012, -0.9196064472198486, -0.4296361207962036, -0.10601598769426346, -0.3894273638725281, -1.4619064331054688, -0.11669711023569107, -0.997235119342804, -0.8275132179260254, -0.455645352602005, -1.635429859161377, 0.15258315205574036, -0.21440425515174866, 0.08128237724304199, 1.5772536993026733, 0.14108668267726898, -0.13208481669425964, 0.11159488558769226, -0.8928877115249634, -0.31697458028793335, 0.5885049104690552, -0.9398878216743469, -0.5219732522964478, -0.535705029964447, -0.26729393005371094, 0.22359417378902435, -0.4070684313774109, 0.27583158016204834, -0.21473205089569092, 0.0010166466236114502, -0.5027482509613037, -1.0502032041549683, 0.9668647646903992, 1.0220351219177246, -0.025448322296142578, -1.0535099506378174, -1.198897361755371, 1.126260757446289, -0.040639109909534454, 0.10715429484844208, -0.2284257560968399, 0.5428657531738281, -1.3622591495513916, -1.9266903400421143, 0.8863896727561951, 1.0876604318618774, -0.06624098122119904, -0.20624761283397675, 0.5733501315116882, 0.15193228423595428, -0.6205583214759827, -1.380523920059204, -0.29566940665245056, -1.1658029556274414, 0.4987925887107849, 0.8438330292701721, 0.8470596075057983, -0.10762904584407806, -0.36788201332092285, 1.5025691986083984, 0.0803908109664917, -0.4251493215560913, 0.9817386865615845, 0.18318992853164673, -0.5492192506790161, -0.1248745396733284, -0.892463743686676, 1.7843955755233765, -0.5505788326263428, 0.06737537682056427, 0.07402826100587845, -0.029163679108023643, -0.33397436141967773, 0.20945115387439728, 0.9019322395324707, -0.37509146332740784, -0.8862011432647705, 0.4397541582584381, -0.3653780519962311, -0.513593316078186, -1.0309803485870361, 0.27437344193458557, -0.23648148775100708, 0.840424656867981, -0.6474823951721191, -0.2590179145336151, -0.48316681385040283, -0.3203866183757782, -0.47328048944473267, 0.19125428795814514, -1.0196623802185059, 0.285898894071579, -0.5950077772140503, 0.21925070881843567, 0.02145300805568695, 0.5054827928543091, -0.06405933946371078, 0.13623666763305664, -0.2810608744621277, -0.8231339454650879, 0.9967564344406128, -0.3161873519420624, -0.5793258547782898, -0.3109953999519348, -1.1525356769561768, -1.6833325624465942, -0.026431143283843994, 0.042130205780267715, -0.9605254530906677, 0.5015473365783691, -0.041128188371658325, 0.5323902368545532, 0.9812074899673462, 0.8469122648239136, 0.33319538831710815, -0.6583741903305054, 0.7003957033157349, 0.010694965720176697, 0.904007613658905, -0.8159078359603882, -1.503753662109375, -1.5514280796051025, 0.06594346463680267, 0.3672028183937073, -0.8452566862106323, 0.31553617119789124, -0.20328786969184875, 0.14112991094589233, -0.7191150188446045, 0.6163654923439026, 0.45969220995903015, -1.332007646560669, 0.4743639826774597, 1.4927085638046265, -0.13502922654151917, -0.5580302476882935, 0.7156839966773987, 1.621774435043335, -0.13246355950832367, 0.10242269933223724, 1.5392837524414062, -0.5205926299095154, 0.7792774438858032, 1.8204646110534668, 2.3631036281585693, -2.2438204288482666, 2.9614462852478027, 2.4509735107421875, -0.9710226655006409, -0.6990154981613159, -0.2496277242898941, 0.18454881012439728, 0.017025426030158997, -0.7055169939994812, -0.24899402260780334, -0.9639776945114136, -0.2990126311779022, -0.5645096302032471, 0.6768814325332642, -2.201333999633789, 0.11665098369121552, 0.5866377353668213, -0.4538426101207733, 1.0586363077163696, 0.35426652431488037, -1.953885555267334, -2.085038423538208, -0.7584852576255798, -1.5108689069747925, 2.320343017578125, -0.13720037043094635, 1.3741257190704346, -2.3462014198303223, 0.24448251724243164, -0.9857929944992065, 0.24755965173244476, 1.030408501625061, 0.7696455717086792, -1.2234002351760864, -0.6299330592155457, -0.6424720287322998, 0.6147100925445557, 0.08488297462463379, -0.6542596220970154, -0.5031408071517944, -0.48660412430763245, 1.442112922668457, 0.7916774153709412, -1.613917350769043, -0.00956057757139206, -1.9739187955856323, 0.6535862684249878, 2.087171792984009, -0.7248479723930359, -0.5662047266960144, -1.047675371170044, 0.28362035751342773, -0.17986521124839783, -1.5423110723495483, 0.20949006080627441, 1.334832787513733, -0.9778406620025635, -1.0235605239868164, -1.958540678024292, 0.21109820902347565, -0.5724967122077942, 1.1354960203170776, 0.8789991140365601, -1.7983598709106445, 0.5722559094429016, -0.8404583930969238, -2.3116085529327393, 0.5091372132301331, -0.3528044819831848, -0.24394214153289795, 0.36253488063812256, -0.8302752375602722, -0.027125049382448196, 0.4464004635810852, -1.4043382406234741, -0.8042864203453064, -1.728714942932129, 1.0229963064193726, 0.34274181723594666, 1.9626901149749756, -2.4997260570526123, 0.9877798557281494, 2.796954393386841, 1.4585645198822021, 0.7866352200508118, -2.229877471923828, 0.8332284092903137, -0.9694966077804565, 0.22876045107841492, 2.4090042114257812, 2.2777774333953857, -0.5101777911186218, -1.8506299257278442, -0.5195789337158203, 0.7452765703201294, 0.0919845849275589, -0.5309197902679443, -0.3106572926044464, -1.965775728225708, -3.195089101791382, -1.7729572057724, -0.1372922658920288, 2.559692621231079, -1.5168461799621582, 1.7918611764907837, -1.1905696392059326, -0.38800930976867676, 3.0028138160705566, -0.4357960522174835, 2.073190212249756, -3.1884660720825195, 2.1319077014923096, -0.12106156349182129, -2.4915215969085693, 0.41948825120925903, 0.8660117387771606, 2.6225745677948, 2.500143527984619, 2.5864293575286865, 0.990414559841156, -0.13135093450546265, -1.7560815811157227, -0.1890869438648224, 2.2624964714050293, -0.8115649223327637]"
