document_id,record_number,doc_type,corrected_label,text,emb,z,combined
39,1,طلب مراسلة,output_doc,"|الهيئة العامة للموارد المائنية

0 1
1
1 1
1

نا على أختام انون رقم /9 1 نعم 87*!

أوعلى أ أحكام القانوؤن الأساسي للعاملين في الدولة رقم ‎١/‏ */ لعام ‎٠٠١٠6‏
‏و المرسوم التشريعي رقم ‎١/‏ تريغ 1 7 24 ‎١‏

أوعلى القرار رقم //49 ‎/١""6‏ تاريخ ‎١/١١‏ 8

ع ل

1
1
1
1
ا

مسلدة 11/7 تكلف الإدارية ب بن المالية و تقوم بكافة الأعمال

0/1/5 يبلغ هذا الأمر من يلزم لتنفيذ

طرطوس في ‎7١٠١/6/1,‏","[-0.7447266578674316, 1.6801531314849854, 0.866889476776123, 0.32564401626586914, 1.3636144399642944, -0.038876503705978394, -0.077793188393116, 0.7732600569725037, -0.5104666948318481, -0.5764580368995667, -0.5191080570220947, -0.05351100116968155, -0.5235199928283691, 0.23129025101661682, -0.12407828867435455, 0.6290714740753174, 2.1120569705963135, 0.1308782994747162, -0.2916991114616394, 0.5043739080429077, 0.4745444357395172, -1.1926250457763672, 0.6781994104385376, 0.43235042691230774, 0.8207722902297974, -0.30012068152427673, -0.24497807025909424, 0.6977689862251282, 0.6805182099342346, 0.2911860942840576, -0.2100781351327896, 1.003476858139038, -0.8889820575714111, 0.721098780632019, -0.7221407890319824, -0.23914852738380432, 0.1296204924583435, 0.22720980644226074, -0.8436246514320374, -1.1839262247085571, -1.2470988035202026, -0.914512038230896, -0.4678458869457245, 0.04053373634815216, -0.5288829207420349, -0.017748527228832245, 0.8703778982162476, 0.7831372618675232, -0.11029082536697388, 1.2082850933074951, 0.062942735850811, 0.08598875999450684, 0.5696216821670532, -0.49607932567596436, 0.3173641562461853, -0.1741705983877182, -0.6237186789512634, 0.0566457137465477, -1.1137967109680176, -0.7970578670501709, -0.06567742675542831, -0.9688730835914612, -0.6113079786300659, -0.552353024482727, 0.734296441078186, -0.7042418718338013, 0.40972575545310974, -1.0993458032608032, 0.38772839307785034, -0.12058362364768982, -0.23149797320365906, 0.6210234761238098, 0.7312965989112854, 0.1576245129108429, 0.17231620848178864, -0.7380918860435486, -0.16518762707710266, 0.7170879244804382, 0.12165214121341705, 1.0333408117294312, -0.9093219041824341, -0.26608550548553467, -1.9039608240127563, -0.277804970741272, 0.7202703952789307, 0.3709788918495178, 0.2511194050312042, 0.18342478573322296, 0.9574253559112549, -0.6182022094726562, 0.35199618339538574, 0.6165622472763062, -0.3223249316215515, 1.2529078722000122, -0.8069680333137512, 0.42214077711105347, 0.5999380946159363, -0.41688013076782227, -1.1019500494003296, 0.22368134558200836, 0.49856242537498474, -0.6081457138061523, 0.3979906141757965, 0.8901428580284119, -0.059534426778554916, 0.9153091311454773, -1.1435506343841553, 0.9191301465034485, -0.05065791308879852, -6.3968892097473145, 0.11873321235179901, 0.2347680628299713, -0.6978641748428345, 0.33448588848114014, 0.6837778687477112, 0.4213559925556183, 0.49887704849243164, -0.5412883758544922, -0.42610275745391846, 0.7746438980102539, 0.11283104121685028, -0.5145114660263062, -1.5156983137130737, 0.175277441740036, -1.0506051778793335, 0.6668136715888977, -0.004214368760585785, -0.11005133390426636, -0.25748294591903687, 0.15564855933189392, 0.8604245781898499, -0.5724641680717468, -0.0014662891626358032, -0.18920984864234924, 0.6232814788818359, -0.31487226486206055, -0.24451187252998352, -1.5178114175796509, 0.6464163064956665, 1.482863187789917, 0.45240864157676697, 0.9299393892288208, 0.7377448678016663, -0.9948511123657227, 1.099199891090393, 0.5324435234069824, -0.2265406847000122, 0.10585016012191772, 1.0585660934448242, -0.04610273241996765, -0.441779226064682, -1.7793254852294922, -0.117181196808815, -0.39920270442962646, 9.324734687805176, 0.15450523793697357, -0.33251357078552246, 0.04932017624378204, 0.4588612914085388, 0.5736353993415833, 0.47095733880996704, 1.0027680397033691, -0.6661013960838318, 0.9146201610565186, 0.004065662622451782, -1.3269504308700562, 0.03610718250274658, -0.6261931657791138, -0.6637116074562073, 0.08052712678909302, -0.14002463221549988, -0.020511135458946228, 0.10215067863464355, 0.03928080201148987, -0.9735924601554871, 0.7059314846992493, -1.3544913530349731, -0.09207914769649506, -0.7591688632965088, -1.136667013168335, -0.04837110638618469, -0.5281602144241333, -0.15854057669639587, 0.818926215171814, 0.04856237769126892, 0.3458138704299927, 0.28147241473197937, -0.21735461056232452, 0.772190272808075, 0.8527201414108276, -0.004954402334988117, 1.2586535215377808, 0.1424988955259323, 0.2509413957595825, -0.4942685067653656, 0.07309618592262268, -1.5038025379180908, -0.4326383173465729, -0.719322919845581, -0.8149923086166382, 0.5623927712440491, -1.0694410800933838, 0.010103404521942139, 0.1519005000591278, 0.678718626499176, -0.2248551994562149, -0.8941931128501892, -0.6071685552597046, -0.26436278223991394, -1.9111108779907227, -0.29065096378326416, -0.40423041582107544, -1.3932653665542603, 0.38558658957481384, 0.1640148162841797, -0.4959031939506531, -0.2047470062971115, 0.7420859336853027, -0.9906072020530701, -0.553119421005249, 1.2741546630859375, 0.6992286443710327, 0.3010171949863434, 0.5213854908943176, 2.308047294616699, 0.03145034611225128, -0.6596181392669678, 0.5981621146202087, -0.32175523042678833, -1.1461658477783203, 0.8930059671401978, -0.20409716665744781, 1.0978013277053833, -0.16992051899433136, 0.8734148740768433, -0.6436243057250977, -0.7493821978569031, 0.910155177116394, -0.8861228823661804, 0.10275568068027496, 0.09319225698709488, 1.1651883125305176, -0.8377405405044556, -1.5134310722351074, -0.5315830111503601, 0.496127188205719, -0.8042832612991333, -0.7788187861442566, -0.5423857569694519, 0.36962687969207764, 1.6301782131195068, -0.3225187063217163, -0.5847688913345337, -0.2252950668334961, -2.354989528656006, -0.12169167399406433, -1.234298586845398, 0.44540935754776, 0.33139052987098694, -0.2965033948421478, 0.25004714727401733, -0.4155351519584656, -0.17298930883407593, 0.10254336893558502, 0.3752567768096924, -0.4967075288295746, -0.2971499562263489, -0.1754286289215088, -1.0058718919754028, 0.6483712196350098, -1.1058250665664673, -0.1809881627559662, 0.5217127799987793, 0.7157227396965027, -1.9767580032348633, -0.983357310295105, 0.2268809676170349, 0.596206784248352, -0.2087031751871109, 0.19844511151313782, -0.7098528146743774, -0.8709023594856262, -0.09562572836875916, 0.5206355452537537, 0.38896605372428894, -0.5821625590324402, 0.12734992802143097, -0.007062703371047974, -0.16708502173423767, -0.059060677886009216, 0.3567083179950714, -0.2450733780860901, -0.03134686499834061, -1.718687653541565, -0.34913671016693115, -1.045424461364746, 0.9579694867134094, -0.917567253112793, -0.12863123416900635, 0.12965577840805054, -0.6425612568855286, -0.8332460522651672, 0.4842297434806824, 1.1990011930465698, -0.49284619092941284, -0.9713282585144043, 0.22311247885227203, -1.5729169845581055, -0.04994921386241913, -0.7722487449645996, -0.5718462467193604, -0.13675713539123535, -0.7883208394050598, 3.9169962406158447, -0.4620268642902374, 0.4057967960834503, -0.9639293551445007, 0.30221447348594666, 1.1583876609802246, 0.017280474305152893, 0.10236802697181702, -0.2452888935804367, 0.5022867918014526, 0.049026235938072205, 0.572442352771759, -0.5676084160804749, -0.4877978563308716, 0.1624300330877304, 0.3424551486968994, 0.35674455761909485, -0.1378190815448761, 0.4469614028930664, -0.19481056928634644, -0.2513207197189331, 0.7871905565261841, -0.12887516617774963, 0.004455752670764923, -0.00409601628780365, -0.04958419129252434, 0.16061580181121826, -0.752151608467102, -0.4858493506908417, 0.2294766902923584, -0.37083399295806885, 1.0948532819747925, 1.0975186824798584, 0.1856246441602707, -1.2806482315063477, -0.2507498562335968, -0.13180802762508392, -0.8579860925674438, -0.9973615407943726, -0.4201503396034241, -0.06103809177875519, -1.1302391290664673, 0.49707120656967163, 0.11848820745944977, 1.2306187152862549, 0.9975284337997437, -0.4325587749481201, -0.33866485953330994, 0.8670978546142578, -0.24306124448776245, 0.22517499327659607, 0.07594361156225204, -0.3812997341156006, -0.22842855751514435, 0.20186422765254974, -0.25131911039352417, -1.53585946559906, -1.4604758024215698, 0.06784513592720032, 0.4686073362827301, -0.06301863491535187, 0.16641436517238617, 0.6064791679382324, 0.5993480086326599, -1.4072027206420898, -0.7460497617721558, -1.0298060178756714, -0.1926209181547165, 0.3117692470550537, 0.03679737448692322, -0.2681776285171509, 1.996509075164795, -0.857709527015686, 1.5384948253631592, -0.23183195292949677, -0.48921045660972595, 0.867290198802948, 1.1649785041809082, 0.3354117274284363, 0.3936670422554016, -0.05378372594714165, -1.3556127548217773, 0.1835821270942688, -1.824686884880066, -0.06547217816114426, -0.31684625148773193, 0.8335722088813782, -0.9955329298973083, 0.7258068919181824, -0.5041805505752563, 0.7632097601890564, 1.183074712753296, 0.17182619869709015, -0.585252046585083, -0.45260530710220337, 0.12819664180278778, -0.6102439165115356, 1.4007368087768555, 0.6099013686180115, -0.6672804951667786, -0.34944483637809753, 1.3600088357925415, -0.2196778655052185, 0.5149149894714355, -0.44506406784057617, 0.4972382187843323, 0.7202403545379639, -0.6361191272735596, 1.0887401103973389, -0.9525283575057983, -0.2093667984008789, 1.0990921258926392, -0.6578236222267151, 0.2790541648864746, -0.5310532450675964, 1.195277452468872, -0.8095026612281799, -0.25536084175109863, -0.6025195121765137, -0.3850928843021393, 0.7729564905166626, -0.2827226519584656, -1.3065314292907715, 0.21175798773765564, 0.09133999794721603, -1.8066108226776123, -1.1604076623916626, 0.8280173540115356, 0.663334846496582, -0.3500823378562927, -0.35123464465141296, -0.4073561429977417, 0.5996471047401428, -0.3524504005908966, -0.7275837063789368, -0.10809025913476944, 1.275071144104004, 0.13279713690280914, 0.7778398394584656, 0.2063104510307312, -0.7780902981758118, 0.22977545857429504, -1.6079521179199219, -0.665185809135437, -0.0035670995712280273, -0.674468994140625, 0.7167490124702454, 1.078438401222229, -1.1517646312713623, 1.1612664461135864, 1.3933676481246948, -0.7982252240180969, 0.8381173610687256, 0.8239492177963257, -1.0593246221542358, -0.9121716022491455, -1.554810881614685, -0.6021991968154907, 0.5603522062301636, -0.08331288397312164, 0.13600409030914307, 1.1634881496429443, -0.0037046223878860474, -0.5055949687957764, -1.5044543743133545, 0.2864454984664917, -0.8211253881454468, -1.0119810104370117, -0.5405356287956238, 0.42268720269203186, -0.1240321546792984, 0.6745418906211853, -0.6780970096588135, 0.2919310927391052, -0.45623117685317993, 0.4725915193557739, 0.7382541298866272, -0.15114015340805054, -0.7101092338562012, 0.3538634181022644, -1.2348735332489014, -1.013993501663208, 1.1172187328338623, 0.41097861528396606, -0.6504297256469727, -0.7570492625236511, 0.9337807893753052, -0.0695442259311676, 0.824790358543396, 0.4271266460418701, 0.010219290852546692, -0.7093411087989807, 2.039280891418457, -0.4460250735282898, -1.0980582237243652, 0.39621052145957947, 0.7233880162239075, -0.19266624748706818, -0.33023586869239807, -0.14959195256233215, 0.5809148550033569, 0.2025499790906906, 0.26454687118530273, -0.2658088803291321, 0.22741679847240448, -1.0619311332702637, -0.07521820813417435, -1.8117847442626953, -0.5875623226165771, -0.9563002586364746, -0.17226605117321014, 0.7270857095718384, -0.33321240544319153, -0.19296622276306152, -0.47676950693130493, -0.1054578572511673, 0.2858853340148926, 0.05135296657681465, 0.5106097459793091, -0.3031393885612488, 0.21232199668884277, 0.535653293132782, -0.35204172134399414, 0.7872563004493713, 0.6903688907623291, -0.8354772925376892, 1.523754358291626, 0.4483332931995392, -0.037540145218372345, -0.18718457221984863, 0.5962262749671936, -0.3138103187084198, -0.9268065690994263, -1.1295799016952515, -0.05694103240966797, -1.0146620273590088, -0.4138033390045166, -0.1767369657754898, -1.2801443338394165, -1.0470257997512817, -0.10877713561058044, -1.0353761911392212, -0.8954789042472839, 1.057206392288208, -0.886557400226593, 0.9207713007926941, 0.14385055005550385, 1.4233715534210205, 0.5163013339042664, 0.7533828020095825, -0.6145355701446533, 0.7479322552680969, 0.99075847864151, -1.5665897130966187, 0.03966771066188812, 0.31805384159088135, -0.033248528838157654, 1.3659148216247559, 0.22278565168380737, 0.36642947793006897, 1.9135222434997559, 1.0903735160827637, 1.2168561220169067, -0.5479902625083923, -0.44739335775375366, 0.05088840425014496, -0.6408123970031738, -0.5971457958221436, 0.8498815894126892, -0.2086080014705658, 1.1895893812179565, 0.06851564347743988, 0.05458184331655502, 0.090210922062397, -0.8583878874778748, 0.6085155606269836, -0.6488984823226929, 0.47241294384002686, -1.8905116319656372, 0.06539946794509888, 1.505196213722229, 0.059282418340444565, 0.6464482545852661, 0.3840790092945099, -0.5002485513687134, -0.5433120727539062, 0.23518511652946472, 1.065242886543274, -0.6372774839401245, -0.301271915435791, -0.9461408853530884, 0.5655038952827454, -0.08186519145965576, -0.6470611691474915, 0.45255619287490845, -0.28747066855430603, 0.6333158612251282, -0.35828936100006104, 0.095880426466465, -1.0469822883605957, -0.4808380603790283, 0.37073153257369995, 0.17094528675079346, -0.7975478172302246, 0.2816856801509857, 1.0107163190841675, 0.09270350635051727, -0.31559282541275024, 0.12908115983009338, 0.6104583144187927, 0.052902378141880035, -0.5507593154907227, -1.0611836910247803, -1.1942142248153687, -0.9266276359558105, -0.9882926940917969, 0.5510253310203552, -0.8530619740486145, -1.512102723121643, -0.3282409906387329, -0.7227445840835571, -0.6085271835327148, -0.13337397575378418, -1.3100372552871704, 0.12967897951602936, -0.1290607899427414, -0.631976842880249, 1.364390254020691, 0.27968519926071167, -0.07727234065532684, -0.42897385358810425, -0.7264936566352844, -0.4287335276603699, 1.5201568603515625, -0.9244303107261658, -1.3474479913711548, -0.5964805483818054, -0.1850980669260025, -0.3015437126159668, 0.1077890545129776, -0.19637595117092133, -0.5751926898956299, -0.2985834777355194, -0.2920685112476349, -0.82066810131073, 0.9127991795539856, -0.009006932377815247, -0.2366960346698761, -1.1003795862197876, -0.22794994711875916, -0.3117790222167969, 0.21792450547218323, -0.7930145859718323, 0.45185986161231995, 0.3485908508300781, -1.0862035751342773, -0.714058518409729, 0.9787421822547913, 0.11754807829856873, -1.0170785188674927, 0.13749940693378448, 0.4858562648296356, 1.0138195753097534, 0.01923316717147827, -1.5142711400985718, -0.23733758926391602, -0.9802213907241821, 0.403150349855423, 1.7088278532028198, 1.2327067852020264, 0.04298260807991028, -0.8016313314437866, 1.7454391717910767, 0.9061532020568848, -0.5708094835281372, 0.5110601186752319, 0.03907935321331024, -0.9420274496078491, -0.6180588603019714, -0.36204326152801514, 1.358664631843567, -0.5567114949226379, -0.20780588686466217, 1.3559658527374268, -0.5293633937835693, -1.0790371894836426, 0.6343024373054504, 1.0425773859024048, -0.7868945002555847, -0.7218711376190186, 0.8984201550483704, -0.2253035306930542, -0.40090614557266235, -0.6367219686508179, -0.024795236065983772, -0.8681891560554504, 1.214536428451538, 0.10796553641557693, -0.4533126652240753, 0.3124074935913086, -0.3374468684196472, -1.0586599111557007, -0.22771717607975006, -1.421128749847412, -0.5667046308517456, -0.6062191128730774, 0.23604430258274078, 1.018041729927063, 0.772275447845459, -0.304640531539917, -0.10455518215894699, -0.31231701374053955, -0.4923020601272583, -0.2512880861759186, 0.5965914726257324, -0.24432167410850525, -0.4034309387207031, -0.4163961410522461, -0.9864708781242371, 0.40591609477996826, 0.26677206158638, -0.37893205881118774, 0.9247121810913086, 0.06813058257102966, 0.7896621823310852, 0.6791109442710876, 0.1055675521492958, 0.18081027269363403, -0.23328091204166412, 0.9560243487358093, -0.37628015875816345, 0.9809430241584778, -0.9542734622955322, -1.2755742073059082, -1.0715175867080688, -0.04673219099640846, 0.4475540518760681, -0.900931715965271, 0.6502882242202759, -0.25603407621383667, -0.3154280185699463, -0.4196440577507019, 0.7059482336044312, -0.009648308157920837, -0.7952872514724731, 1.345712661743164, 0.37438055872917175, -0.1076468825340271, -0.884183406829834, 0.5129705667495728, 0.7268328070640564, 0.3476157486438751, 0.4565891623497009, 1.229641318321228, -1.539219617843628]","[0.711909830570221, 1.837378740310669, 2.6558961868286133, -2.1491506099700928, 3.42482328414917, 2.752159357070923, -1.1178550720214844, -0.7481683492660522, -1.0002429485321045, 0.7741177082061768, 0.5144287943840027, -0.9444054961204529, -0.4627789556980133, -2.191969633102417, -0.6229209899902344, -0.9928468465805054, 0.5947287082672119, -2.8191003799438477, 0.07734370976686478, 1.018441915512085, -0.1372855007648468, 1.5358681678771973, 1.0499529838562012, -2.609276533126831, -2.855724811553955, -1.1644086837768555, -1.1190677881240845, 3.1164777278900146, 0.019147705286741257, 1.1653943061828613, -2.664966106414795, -0.21133357286453247, -0.7403146028518677, 0.46596649289131165, 1.4606982469558716, 0.3291770815849304, -1.8117610216140747, -0.7241274118423462, -0.718211829662323, 0.7230162620544434, -0.46682584285736084, -0.9861594438552856, -0.6849686503410339, -0.4884498417377472, 1.6095362901687622, 0.029888994991779327, -1.6062086820602417, -0.010706000030040741, -2.117770195007324, 1.1637663841247559, 2.6254148483276367, -0.6028729677200317, -1.1177806854248047, -1.7723864316940308, 0.9263331890106201, 0.09784191846847534, -1.8253285884857178, -0.04467536509037018, 0.8828305602073669, -1.7164831161499023, -1.384179711341858, -2.375710964202881, 0.13254033029079437, -1.125786542892456, 1.1687365770339966, 0.5042121410369873, -1.961395263671875, 0.6883236169815063, -1.3157739639282227, -2.9953176975250244, 0.6568873524665833, -0.6510170102119446, -0.15412217378616333, 0.6081042885780334, -0.8728203773498535, -0.023145411163568497, 0.27516886591911316, -1.8868622779846191, -0.8960679173469543, -1.9435405731201172, 1.2379838228225708, 0.40254682302474976, 1.9369724988937378, -3.1474552154541016, 1.680777907371521, 3.615834951400757, 1.7213315963745117, 1.116123080253601, -2.5303456783294678, 0.8785790205001831, -1.349846363067627, 0.4488851726055145, 2.7651174068450928, 2.511373996734619, -0.9476696252822876, -2.6661276817321777, -0.8520436882972717, 0.6957917213439941, 0.2181062400341034, -0.6965487003326416, -0.6720965504646301, -1.9942026138305664, -3.890180826187134, -2.6296348571777344, 0.20213253796100616, 3.25040602684021, -1.6746797561645508, 2.046004056930542, -1.4834693670272827, 0.0689745768904686, 3.768068313598633, -1.3157962560653687, 2.2874858379364014, -3.851839780807495, 2.6895041465759277, 0.24048863351345062, -2.8260998725891113, 0.3608458638191223, 0.774687647819519, 2.9323835372924805, 2.4264931678771973, 3.1277358531951904, 1.3840104341506958, -0.5209378600120544, -1.7501217126846313, -0.5908790230751038, 2.3609166145324707, -0.8997328281402588]","[-0.7447266578674316, 1.6801531314849854, 0.866889476776123, 0.32564401626586914, 1.3636144399642944, -0.038876503705978394, -0.077793188393116, 0.7732600569725037, -0.5104666948318481, -0.5764580368995667, -0.5191080570220947, -0.05351100116968155, -0.5235199928283691, 0.23129025101661682, -0.12407828867435455, 0.6290714740753174, 2.1120569705963135, 0.1308782994747162, -0.2916991114616394, 0.5043739080429077, 0.4745444357395172, -1.1926250457763672, 0.6781994104385376, 0.43235042691230774, 0.8207722902297974, -0.30012068152427673, -0.24497807025909424, 0.6977689862251282, 0.6805182099342346, 0.2911860942840576, -0.2100781351327896, 1.003476858139038, -0.8889820575714111, 0.721098780632019, -0.7221407890319824, -0.23914852738380432, 0.1296204924583435, 0.22720980644226074, -0.8436246514320374, -1.1839262247085571, -1.2470988035202026, -0.914512038230896, -0.4678458869457245, 0.04053373634815216, -0.5288829207420349, -0.017748527228832245, 0.8703778982162476, 0.7831372618675232, -0.11029082536697388, 1.2082850933074951, 0.062942735850811, 0.08598875999450684, 0.5696216821670532, -0.49607932567596436, 0.3173641562461853, -0.1741705983877182, -0.6237186789512634, 0.0566457137465477, -1.1137967109680176, -0.7970578670501709, -0.06567742675542831, -0.9688730835914612, -0.6113079786300659, -0.552353024482727, 0.734296441078186, -0.7042418718338013, 0.40972575545310974, -1.0993458032608032, 0.38772839307785034, -0.12058362364768982, -0.23149797320365906, 0.6210234761238098, 0.7312965989112854, 0.1576245129108429, 0.17231620848178864, -0.7380918860435486, -0.16518762707710266, 0.7170879244804382, 0.12165214121341705, 1.0333408117294312, -0.9093219041824341, -0.26608550548553467, -1.9039608240127563, -0.277804970741272, 0.7202703952789307, 0.3709788918495178, 0.2511194050312042, 0.18342478573322296, 0.9574253559112549, -0.6182022094726562, 0.35199618339538574, 0.6165622472763062, -0.3223249316215515, 1.2529078722000122, -0.8069680333137512, 0.42214077711105347, 0.5999380946159363, -0.41688013076782227, -1.1019500494003296, 0.22368134558200836, 0.49856242537498474, -0.6081457138061523, 0.3979906141757965, 0.8901428580284119, -0.059534426778554916, 0.9153091311454773, -1.1435506343841553, 0.9191301465034485, -0.05065791308879852, -6.3968892097473145, 0.11873321235179901, 0.2347680628299713, -0.6978641748428345, 0.33448588848114014, 0.6837778687477112, 0.4213559925556183, 0.49887704849243164, -0.5412883758544922, -0.42610275745391846, 0.7746438980102539, 0.11283104121685028, -0.5145114660263062, -1.5156983137130737, 0.175277441740036, -1.0506051778793335, 0.6668136715888977, -0.004214368760585785, -0.11005133390426636, -0.25748294591903687, 0.15564855933189392, 0.8604245781898499, -0.5724641680717468, -0.0014662891626358032, -0.18920984864234924, 0.6232814788818359, -0.31487226486206055, -0.24451187252998352, -1.5178114175796509, 0.6464163064956665, 1.482863187789917, 0.45240864157676697, 0.9299393892288208, 0.7377448678016663, -0.9948511123657227, 1.099199891090393, 0.5324435234069824, -0.2265406847000122, 0.10585016012191772, 1.0585660934448242, -0.04610273241996765, -0.441779226064682, -1.7793254852294922, -0.117181196808815, -0.39920270442962646, 9.324734687805176, 0.15450523793697357, -0.33251357078552246, 0.04932017624378204, 0.4588612914085388, 0.5736353993415833, 0.47095733880996704, 1.0027680397033691, -0.6661013960838318, 0.9146201610565186, 0.004065662622451782, -1.3269504308700562, 0.03610718250274658, -0.6261931657791138, -0.6637116074562073, 0.08052712678909302, -0.14002463221549988, -0.020511135458946228, 0.10215067863464355, 0.03928080201148987, -0.9735924601554871, 0.7059314846992493, -1.3544913530349731, -0.09207914769649506, -0.7591688632965088, -1.136667013168335, -0.04837110638618469, -0.5281602144241333, -0.15854057669639587, 0.818926215171814, 0.04856237769126892, 0.3458138704299927, 0.28147241473197937, -0.21735461056232452, 0.772190272808075, 0.8527201414108276, -0.004954402334988117, 1.2586535215377808, 0.1424988955259323, 0.2509413957595825, -0.4942685067653656, 0.07309618592262268, -1.5038025379180908, -0.4326383173465729, -0.719322919845581, -0.8149923086166382, 0.5623927712440491, -1.0694410800933838, 0.010103404521942139, 0.1519005000591278, 0.678718626499176, -0.2248551994562149, -0.8941931128501892, -0.6071685552597046, -0.26436278223991394, -1.9111108779907227, -0.29065096378326416, -0.40423041582107544, -1.3932653665542603, 0.38558658957481384, 0.1640148162841797, -0.4959031939506531, -0.2047470062971115, 0.7420859336853027, -0.9906072020530701, -0.553119421005249, 1.2741546630859375, 0.6992286443710327, 0.3010171949863434, 0.5213854908943176, 2.308047294616699, 0.03145034611225128, -0.6596181392669678, 0.5981621146202087, -0.32175523042678833, -1.1461658477783203, 0.8930059671401978, -0.20409716665744781, 1.0978013277053833, -0.16992051899433136, 0.8734148740768433, -0.6436243057250977, -0.7493821978569031, 0.910155177116394, -0.8861228823661804, 0.10275568068027496, 0.09319225698709488, 1.1651883125305176, -0.8377405405044556, -1.5134310722351074, -0.5315830111503601, 0.496127188205719, -0.8042832612991333, -0.7788187861442566, -0.5423857569694519, 0.36962687969207764, 1.6301782131195068, -0.3225187063217163, -0.5847688913345337, -0.2252950668334961, -2.354989528656006, -0.12169167399406433, -1.234298586845398, 0.44540935754776, 0.33139052987098694, -0.2965033948421478, 0.25004714727401733, -0.4155351519584656, -0.17298930883407593, 0.10254336893558502, 0.3752567768096924, -0.4967075288295746, -0.2971499562263489, -0.1754286289215088, -1.0058718919754028, 0.6483712196350098, -1.1058250665664673, -0.1809881627559662, 0.5217127799987793, 0.7157227396965027, -1.9767580032348633, -0.983357310295105, 0.2268809676170349, 0.596206784248352, -0.2087031751871109, 0.19844511151313782, -0.7098528146743774, -0.8709023594856262, -0.09562572836875916, 0.5206355452537537, 0.38896605372428894, -0.5821625590324402, 0.12734992802143097, -0.007062703371047974, -0.16708502173423767, -0.059060677886009216, 0.3567083179950714, -0.2450733780860901, -0.03134686499834061, -1.718687653541565, -0.34913671016693115, -1.045424461364746, 0.9579694867134094, -0.917567253112793, -0.12863123416900635, 0.12965577840805054, -0.6425612568855286, -0.8332460522651672, 0.4842297434806824, 1.1990011930465698, -0.49284619092941284, -0.9713282585144043, 0.22311247885227203, -1.5729169845581055, -0.04994921386241913, -0.7722487449645996, -0.5718462467193604, -0.13675713539123535, -0.7883208394050598, 3.9169962406158447, -0.4620268642902374, 0.4057967960834503, -0.9639293551445007, 0.30221447348594666, 1.1583876609802246, 0.017280474305152893, 0.10236802697181702, -0.2452888935804367, 0.5022867918014526, 0.049026235938072205, 0.572442352771759, -0.5676084160804749, -0.4877978563308716, 0.1624300330877304, 0.3424551486968994, 0.35674455761909485, -0.1378190815448761, 0.4469614028930664, -0.19481056928634644, -0.2513207197189331, 0.7871905565261841, -0.12887516617774963, 0.004455752670764923, -0.00409601628780365, -0.04958419129252434, 0.16061580181121826, -0.752151608467102, -0.4858493506908417, 0.2294766902923584, -0.37083399295806885, 1.0948532819747925, 1.0975186824798584, 0.1856246441602707, -1.2806482315063477, -0.2507498562335968, -0.13180802762508392, -0.8579860925674438, -0.9973615407943726, -0.4201503396034241, -0.06103809177875519, -1.1302391290664673, 0.49707120656967163, 0.11848820745944977, 1.2306187152862549, 0.9975284337997437, -0.4325587749481201, -0.33866485953330994, 0.8670978546142578, -0.24306124448776245, 0.22517499327659607, 0.07594361156225204, -0.3812997341156006, -0.22842855751514435, 0.20186422765254974, -0.25131911039352417, -1.53585946559906, -1.4604758024215698, 0.06784513592720032, 0.4686073362827301, -0.06301863491535187, 0.16641436517238617, 0.6064791679382324, 0.5993480086326599, -1.4072027206420898, -0.7460497617721558, -1.0298060178756714, -0.1926209181547165, 0.3117692470550537, 0.03679737448692322, -0.2681776285171509, 1.996509075164795, -0.857709527015686, 1.5384948253631592, -0.23183195292949677, -0.48921045660972595, 0.867290198802948, 1.1649785041809082, 0.3354117274284363, 0.3936670422554016, -0.05378372594714165, -1.3556127548217773, 0.1835821270942688, -1.824686884880066, -0.06547217816114426, -0.31684625148773193, 0.8335722088813782, -0.9955329298973083, 0.7258068919181824, -0.5041805505752563, 0.7632097601890564, 1.183074712753296, 0.17182619869709015, -0.585252046585083, -0.45260530710220337, 0.12819664180278778, -0.6102439165115356, 1.4007368087768555, 0.6099013686180115, -0.6672804951667786, -0.34944483637809753, 1.3600088357925415, -0.2196778655052185, 0.5149149894714355, -0.44506406784057617, 0.4972382187843323, 0.7202403545379639, -0.6361191272735596, 1.0887401103973389, -0.9525283575057983, -0.2093667984008789, 1.0990921258926392, -0.6578236222267151, 0.2790541648864746, -0.5310532450675964, 1.195277452468872, -0.8095026612281799, -0.25536084175109863, -0.6025195121765137, -0.3850928843021393, 0.7729564905166626, -0.2827226519584656, -1.3065314292907715, 0.21175798773765564, 0.09133999794721603, -1.8066108226776123, -1.1604076623916626, 0.8280173540115356, 0.663334846496582, -0.3500823378562927, -0.35123464465141296, -0.4073561429977417, 0.5996471047401428, -0.3524504005908966, -0.7275837063789368, -0.10809025913476944, 1.275071144104004, 0.13279713690280914, 0.7778398394584656, 0.2063104510307312, -0.7780902981758118, 0.22977545857429504, -1.6079521179199219, -0.665185809135437, -0.0035670995712280273, -0.674468994140625, 0.7167490124702454, 1.078438401222229, -1.1517646312713623, 1.1612664461135864, 1.3933676481246948, -0.7982252240180969, 0.8381173610687256, 0.8239492177963257, -1.0593246221542358, -0.9121716022491455, -1.554810881614685, -0.6021991968154907, 0.5603522062301636, -0.08331288397312164, 0.13600409030914307, 1.1634881496429443, -0.0037046223878860474, -0.5055949687957764, -1.5044543743133545, 0.2864454984664917, -0.8211253881454468, -1.0119810104370117, -0.5405356287956238, 0.42268720269203186, -0.1240321546792984, 0.6745418906211853, -0.6780970096588135, 0.2919310927391052, -0.45623117685317993, 0.4725915193557739, 0.7382541298866272, -0.15114015340805054, -0.7101092338562012, 0.3538634181022644, -1.2348735332489014, -1.013993501663208, 1.1172187328338623, 0.41097861528396606, -0.6504297256469727, -0.7570492625236511, 0.9337807893753052, -0.0695442259311676, 0.824790358543396, 0.4271266460418701, 0.010219290852546692, -0.7093411087989807, 2.039280891418457, -0.4460250735282898, -1.0980582237243652, 0.39621052145957947, 0.7233880162239075, -0.19266624748706818, -0.33023586869239807, -0.14959195256233215, 0.5809148550033569, 0.2025499790906906, 0.26454687118530273, -0.2658088803291321, 0.22741679847240448, -1.0619311332702637, -0.07521820813417435, -1.8117847442626953, -0.5875623226165771, -0.9563002586364746, -0.17226605117321014, 0.7270857095718384, -0.33321240544319153, -0.19296622276306152, -0.47676950693130493, -0.1054578572511673, 0.2858853340148926, 0.05135296657681465, 0.5106097459793091, -0.3031393885612488, 0.21232199668884277, 0.535653293132782, -0.35204172134399414, 0.7872563004493713, 0.6903688907623291, -0.8354772925376892, 1.523754358291626, 0.4483332931995392, -0.037540145218372345, -0.18718457221984863, 0.5962262749671936, -0.3138103187084198, -0.9268065690994263, -1.1295799016952515, -0.05694103240966797, -1.0146620273590088, -0.4138033390045166, -0.1767369657754898, -1.2801443338394165, -1.0470257997512817, -0.10877713561058044, -1.0353761911392212, -0.8954789042472839, 1.057206392288208, -0.886557400226593, 0.9207713007926941, 0.14385055005550385, 1.4233715534210205, 0.5163013339042664, 0.7533828020095825, -0.6145355701446533, 0.7479322552680969, 0.99075847864151, -1.5665897130966187, 0.03966771066188812, 0.31805384159088135, -0.033248528838157654, 1.3659148216247559, 0.22278565168380737, 0.36642947793006897, 1.9135222434997559, 1.0903735160827637, 1.2168561220169067, -0.5479902625083923, -0.44739335775375366, 0.05088840425014496, -0.6408123970031738, -0.5971457958221436, 0.8498815894126892, -0.2086080014705658, 1.1895893812179565, 0.06851564347743988, 0.05458184331655502, 0.090210922062397, -0.8583878874778748, 0.6085155606269836, -0.6488984823226929, 0.47241294384002686, -1.8905116319656372, 0.06539946794509888, 1.505196213722229, 0.059282418340444565, 0.6464482545852661, 0.3840790092945099, -0.5002485513687134, -0.5433120727539062, 0.23518511652946472, 1.065242886543274, -0.6372774839401245, -0.301271915435791, -0.9461408853530884, 0.5655038952827454, -0.08186519145965576, -0.6470611691474915, 0.45255619287490845, -0.28747066855430603, 0.6333158612251282, -0.35828936100006104, 0.095880426466465, -1.0469822883605957, -0.4808380603790283, 0.37073153257369995, 0.17094528675079346, -0.7975478172302246, 0.2816856801509857, 1.0107163190841675, 0.09270350635051727, -0.31559282541275024, 0.12908115983009338, 0.6104583144187927, 0.052902378141880035, -0.5507593154907227, -1.0611836910247803, -1.1942142248153687, -0.9266276359558105, -0.9882926940917969, 0.5510253310203552, -0.8530619740486145, -1.512102723121643, -0.3282409906387329, -0.7227445840835571, -0.6085271835327148, -0.13337397575378418, -1.3100372552871704, 0.12967897951602936, -0.1290607899427414, -0.631976842880249, 1.364390254020691, 0.27968519926071167, -0.07727234065532684, -0.42897385358810425, -0.7264936566352844, -0.4287335276603699, 1.5201568603515625, -0.9244303107261658, -1.3474479913711548, -0.5964805483818054, -0.1850980669260025, -0.3015437126159668, 0.1077890545129776, -0.19637595117092133, -0.5751926898956299, -0.2985834777355194, -0.2920685112476349, -0.82066810131073, 0.9127991795539856, -0.009006932377815247, -0.2366960346698761, -1.1003795862197876, -0.22794994711875916, -0.3117790222167969, 0.21792450547218323, -0.7930145859718323, 0.45185986161231995, 0.3485908508300781, -1.0862035751342773, -0.714058518409729, 0.9787421822547913, 0.11754807829856873, -1.0170785188674927, 0.13749940693378448, 0.4858562648296356, 1.0138195753097534, 0.01923316717147827, -1.5142711400985718, -0.23733758926391602, -0.9802213907241821, 0.403150349855423, 1.7088278532028198, 1.2327067852020264, 0.04298260807991028, -0.8016313314437866, 1.7454391717910767, 0.9061532020568848, -0.5708094835281372, 0.5110601186752319, 0.03907935321331024, -0.9420274496078491, -0.6180588603019714, -0.36204326152801514, 1.358664631843567, -0.5567114949226379, -0.20780588686466217, 1.3559658527374268, -0.5293633937835693, -1.0790371894836426, 0.6343024373054504, 1.0425773859024048, -0.7868945002555847, -0.7218711376190186, 0.8984201550483704, -0.2253035306930542, -0.40090614557266235, -0.6367219686508179, -0.024795236065983772, -0.8681891560554504, 1.214536428451538, 0.10796553641557693, -0.4533126652240753, 0.3124074935913086, -0.3374468684196472, -1.0586599111557007, -0.22771717607975006, -1.421128749847412, -0.5667046308517456, -0.6062191128730774, 0.23604430258274078, 1.018041729927063, 0.772275447845459, -0.304640531539917, -0.10455518215894699, -0.31231701374053955, -0.4923020601272583, -0.2512880861759186, 0.5965914726257324, -0.24432167410850525, -0.4034309387207031, -0.4163961410522461, -0.9864708781242371, 0.40591609477996826, 0.26677206158638, -0.37893205881118774, 0.9247121810913086, 0.06813058257102966, 0.7896621823310852, 0.6791109442710876, 0.1055675521492958, 0.18081027269363403, -0.23328091204166412, 0.9560243487358093, -0.37628015875816345, 0.9809430241584778, -0.9542734622955322, -1.2755742073059082, -1.0715175867080688, -0.04673219099640846, 0.4475540518760681, -0.900931715965271, 0.6502882242202759, -0.25603407621383667, -0.3154280185699463, -0.4196440577507019, 0.7059482336044312, -0.009648308157920837, -0.7952872514724731, 1.345712661743164, 0.37438055872917175, -0.1076468825340271, -0.884183406829834, 0.5129705667495728, 0.7268328070640564, 0.3476157486438751, 0.4565891623497009, 1.229641318321228, -1.539219617843628, 0.711909830570221, 1.837378740310669, 2.6558961868286133, -2.1491506099700928, 3.42482328414917, 2.752159357070923, -1.1178550720214844, -0.7481683492660522, -1.0002429485321045, 0.7741177082061768, 0.5144287943840027, -0.9444054961204529, -0.4627789556980133, -2.191969633102417, -0.6229209899902344, -0.9928468465805054, 0.5947287082672119, -2.8191003799438477, 0.07734370976686478, 1.018441915512085, -0.1372855007648468, 1.5358681678771973, 1.0499529838562012, -2.609276533126831, -2.855724811553955, -1.1644086837768555, -1.1190677881240845, 3.1164777278900146, 0.019147705286741257, 1.1653943061828613, -2.664966106414795, -0.21133357286453247, -0.7403146028518677, 0.46596649289131165, 1.4606982469558716, 0.3291770815849304, -1.8117610216140747, -0.7241274118423462, -0.718211829662323, 0.7230162620544434, -0.46682584285736084, -0.9861594438552856, -0.6849686503410339, -0.4884498417377472, 1.6095362901687622, 0.029888994991779327, -1.6062086820602417, -0.010706000030040741, -2.117770195007324, 1.1637663841247559, 2.6254148483276367, -0.6028729677200317, -1.1177806854248047, -1.7723864316940308, 0.9263331890106201, 0.09784191846847534, -1.8253285884857178, -0.04467536509037018, 0.8828305602073669, -1.7164831161499023, -1.384179711341858, -2.375710964202881, 0.13254033029079437, -1.125786542892456, 1.1687365770339966, 0.5042121410369873, -1.961395263671875, 0.6883236169815063, -1.3157739639282227, -2.9953176975250244, 0.6568873524665833, -0.6510170102119446, -0.15412217378616333, 0.6081042885780334, -0.8728203773498535, -0.023145411163568497, 0.27516886591911316, -1.8868622779846191, -0.8960679173469543, -1.9435405731201172, 1.2379838228225708, 0.40254682302474976, 1.9369724988937378, -3.1474552154541016, 1.680777907371521, 3.615834951400757, 1.7213315963745117, 1.116123080253601, -2.5303456783294678, 0.8785790205001831, -1.349846363067627, 0.4488851726055145, 2.7651174068450928, 2.511373996734619, -0.9476696252822876, -2.6661276817321777, -0.8520436882972717, 0.6957917213439941, 0.2181062400341034, -0.6965487003326416, -0.6720965504646301, -1.9942026138305664, -3.890180826187134, -2.6296348571777344, 0.20213253796100616, 3.25040602684021, -1.6746797561645508, 2.046004056930542, -1.4834693670272827, 0.0689745768904686, 3.768068313598633, -1.3157962560653687, 2.2874858379364014, -3.851839780807495, 2.6895041465759277, 0.24048863351345062, -2.8260998725891113, 0.3608458638191223, 0.774687647819519, 2.9323835372924805, 2.4264931678771973, 3.1277358531951904, 1.3840104341506958, -0.5209378600120544, -1.7501217126846313, -0.5908790230751038, 2.3609166145324707, -0.8997328281402588]"
40,2,أمر إداري,output_doc,"ب المادئية ب “0

مة للمجوارد المالية :
الموارد المائية في محافظة طرطوس

0

ْ
أمر إداري رقم /
إن مدير الموارد المائية في محافظة طرطوس
بناءً على أحكام المرشوم التشريعي رقم ؟/ تاريخ ‎7١ ١١/1/77‏
على أحكام القانون الأساسي للعاملين في الدولة رقم ‎/2٠/‏ لعام ‎٠٠١٠6‏
‏«وعلى المرسوم التشريعي رقم /10/ تاريخ ‎٠٠٠١/9/11‏
‏: وعلى القرار رقم /497 ‎/١١‏ تاريخ ‎١٠‏
‎٠‏ وعلى الكتاب رقم/١٠10/‏ تاريخ ‎٠١17//1/1١‏

مادة ‎/١/‏ : تكلف المهندسة يارا فاروق عبدالاظيف بمهمة رئيسة شسية الجباية في قسم الموارة والاستشار -
دائرة الاستثمار بدلاً من المهندس أسامة السعد.

مادة /7/ : يبلغ هذا الأمر من يلزم لتنفيذه .

طرطوس في جب لا ‎٠١١7/‏

ا
الى م

--. مكتب السيد المدير
م الساذة معاو ني المدير ا
-- ق الشؤون الإدارية و القانونية - نقابة - تخطيط
موارد واستثمار - رقابة - شؤون العاملين
ديوان.

ااا","[0.8528854846954346, 1.8150113821029663, 1.338864803314209, -0.6485905647277832, 0.9293944239616394, 0.2542017698287964, -1.097178339958191, 0.5375367999076843, 0.22289183735847473, -1.35894775390625, 0.4254263937473297, -0.4339821934700012, 0.31056877970695496, 0.08001270890235901, -0.8619505763053894, 1.6160643100738525, 1.4909963607788086, 1.0565145015716553, 0.8272050023078918, 0.5397796630859375, 0.0026535391807556152, -0.7085694074630737, 0.3671413064002991, 0.4546385407447815, 0.671692967414856, 0.09940491616725922, -0.3985084891319275, 0.0669579952955246, 0.4550985097885132, 0.6397364139556885, 1.2263942956924438, 0.659662663936615, -1.3005127906799316, 0.8954856395721436, -0.8272573947906494, 0.08405753970146179, -0.1289573311805725, 0.8890654444694519, -1.0372560024261475, -1.2185441255569458, -0.35843008756637573, -1.4024194478988647, -0.014619097113609314, 0.7127548456192017, -1.2042285203933716, -0.17939844727516174, 0.40950116515159607, 0.9442183971405029, -0.8369074463844299, 0.22398769855499268, 0.5977727174758911, 0.5474736094474792, 0.3242500424385071, -0.10888583213090897, 0.26706069707870483, -0.5464056730270386, -0.40014320611953735, -0.682639479637146, -1.368310570716858, -0.18801045417785645, 0.6323574781417847, 0.09893852472305298, -0.37092462182044983, 0.3974681496620178, 0.4511306583881378, -0.32134705781936646, 0.37072667479515076, -1.3564589023590088, -0.11385105550289154, -0.05426034331321716, 0.3332073390483856, 1.7630864381790161, 0.7147096991539001, 0.3121902346611023, 0.7501335144042969, -1.21365225315094, -0.31578347086906433, -0.15312959253787994, -0.059185437858104706, 0.5095188021659851, -0.33853185176849365, -0.7213723659515381, -1.4577997922897339, -0.2704687714576721, -0.17956572771072388, 0.3254631757736206, 0.13155901432037354, 0.2780297100543976, 1.8660132884979248, -0.42608529329299927, 0.6357845067977905, 0.19413769245147705, -0.11004513502120972, 0.5967257022857666, -0.22695310413837433, 0.196669802069664, 0.2676209509372711, -1.3227063417434692, -0.6175007224082947, -0.6628970503807068, 0.6006046533584595, -0.12632454931735992, 1.0266590118408203, 0.028551116585731506, -0.13534191250801086, 0.025078684091567993, -0.6703609228134155, 1.394612193107605, -0.9125659465789795, -5.829802989959717, 0.27335625886917114, -0.32180172204971313, 0.4196555018424988, 0.5244295597076416, -0.8036288022994995, 0.9106464982032776, 0.24579527974128723, -0.21973463892936707, -0.3423038125038147, 0.23576509952545166, 0.40228891372680664, -1.3230684995651245, -1.8786157369613647, -0.6118886470794678, -1.1285346746444702, 0.6689858436584473, -0.09335628896951675, -1.5562435388565063, -0.21072088181972504, -0.17217262089252472, 1.0115795135498047, -0.8200962543487549, -0.04150998964905739, 0.05648551136255264, 0.3048599064350128, -0.38133180141448975, -0.0936489850282669, -1.9523223638534546, 0.7102493047714233, -0.006948217749595642, 0.042403701692819595, 0.752232551574707, -0.19145196676254272, -1.3241907358169556, 1.1942238807678223, 1.7525442838668823, -0.7858747243881226, -0.24950793385505676, -0.042476192116737366, 0.5290951728820801, 0.1965414583683014, -0.045081257820129395, -0.8234962224960327, -0.5513888597488403, 7.883755207061768, -0.14350005984306335, -0.11646091192960739, 0.4585951566696167, 0.23790884017944336, 1.0497643947601318, 0.8255662322044373, 1.5121700763702393, -1.4627835750579834, 1.691691279411316, 0.0790562778711319, -0.7559558153152466, -1.316497564315796, -0.1156892478466034, 0.26417383551597595, 0.023881014436483383, -0.1750231832265854, 0.6648314595222473, -0.03720371425151825, 0.024545207619667053, -0.906895637512207, 0.9515417218208313, -1.4790061712265015, -0.45200806856155396, -1.4392162561416626, -0.7436614036560059, 0.28061196208000183, 0.2990736961364746, -0.31109297275543213, 1.8852626085281372, 0.37358853220939636, -0.6304935216903687, 0.7286909818649292, -0.1474827527999878, 0.7885462641716003, 0.08933748304843903, 0.37708038091659546, 0.514352560043335, 0.0027902647852897644, 0.9501099586486816, -1.4750577211380005, -0.06708255410194397, -1.2022457122802734, -0.6616677641868591, -0.21974387764930725, -0.9537249803543091, 0.12645098567008972, 0.28733617067337036, 0.1185307502746582, -1.0172145366668701, 0.7886822819709778, -0.4242624044418335, -0.666554868221283, -0.5477069616317749, 0.5600077509880066, -1.4330639839172363, -1.2042454481124878, -0.6786023378372192, -1.4089322090148926, -0.2495553195476532, -1.1959850788116455, -0.5785809755325317, 0.14932963252067566, 0.5714360475540161, 0.44147634506225586, -0.13452716171741486, 2.528413772583008, 0.8245800733566284, -0.27217763662338257, 1.2471768856048584, 1.7794561386108398, -0.5565865635871887, -0.22265715897083282, 0.7908172607421875, -0.40085509419441223, -1.5675830841064453, 0.31189730763435364, 0.7523317933082581, 0.8937779068946838, 0.6985871195793152, 0.46448105573654175, -0.36257636547088623, -0.33519840240478516, 1.2411915063858032, -0.7095502018928528, 0.4424954354763031, -0.25980257987976074, 0.7073842287063599, -0.13889196515083313, -1.398268461227417, -0.39541739225387573, 0.8987122774124146, -0.08565298467874527, -1.3853659629821777, 0.14333057403564453, -0.4180338978767395, 1.1122384071350098, 0.2568299472332001, -0.7566499710083008, -0.034009236842393875, -2.4845130443573, -0.5071719884872437, -0.2424442172050476, -0.1504710167646408, 0.12903878092765808, 0.5039114356040955, 0.5017389059066772, 0.45751649141311646, -0.8775584697723389, -1.3161264657974243, 0.021304592490196228, 0.8227719068527222, 0.7274691462516785, -0.7536892294883728, -0.8736937642097473, 0.7496132254600525, -0.3384741544723511, 0.06611087918281555, -0.051648303866386414, 0.8382841944694519, -1.4114917516708374, -0.49319007992744446, 0.5751276612281799, -0.14899024367332458, 0.399347722530365, 0.3607580363750458, -0.9420527219772339, 0.2170877754688263, -0.1434115469455719, 0.8566619753837585, 0.21588945388793945, -0.48698633909225464, -0.0662243664264679, 0.09181101620197296, 0.12635263800621033, -1.3633416891098022, -0.5207529067993164, -0.5752274394035339, 0.2674063444137573, -0.16200219094753265, -0.7336393594741821, -0.8135108947753906, 0.5323811173439026, -0.15889258682727814, 0.21881268918514252, -0.36306482553482056, -0.42784056067466736, -1.2277692556381226, 0.5851713418960571, 1.2902369499206543, 0.9308632612228394, -0.8266127109527588, 1.1584835052490234, -1.3878495693206787, 0.8636400699615479, -0.17368006706237793, -1.2682665586471558, -0.2583824396133423, -0.761698305606842, 2.894580602645874, -0.05078272894024849, 0.24607796967029572, -1.10484778881073, 0.5769591927528381, -0.14642128348350525, -0.8212297558784485, 0.3579000234603882, -0.2506362497806549, 0.7882475256919861, -0.33293259143829346, 1.0285454988479614, -0.5787065625190735, -0.24253268539905548, -0.6117311120033264, 0.5508235692977905, -0.3247338533401489, 0.609107255935669, 1.1030834913253784, 0.6414554119110107, -0.12980210781097412, 1.1737384796142578, 0.03259335458278656, -0.6594620943069458, -0.22715264558792114, 0.01869569718837738, 0.712398111820221, -0.21328561007976532, -0.9118540287017822, -0.22140797972679138, -0.45909491181373596, 0.7076087594032288, 0.7384165525436401, 0.16501139104366302, -1.2535806894302368, 0.09952491521835327, 0.2798931300640106, -2.046051502227783, -0.8741085529327393, -0.23132716119289398, 0.5936334133148193, -1.1820003986358643, 0.011990942060947418, -0.9903814196586609, 0.6324058175086975, 1.2389222383499146, -0.4518722593784332, -0.3836210072040558, 2.521252155303955, -0.8174404501914978, -0.20316919684410095, 0.32525599002838135, 0.6554990410804749, -0.23835790157318115, 0.5549616813659668, -0.15426546335220337, -0.9029941558837891, -1.4401849508285522, 0.38417819142341614, 0.039449404925107956, 0.1756085902452469, -0.22920739650726318, 0.2836224436759949, 0.558754563331604, -1.5988569259643555, -0.1901528537273407, -0.3255595266819, -0.4368954598903656, 0.26129284501075745, -0.03315234184265137, 0.629000186920166, 0.8180935382843018, -1.500532865524292, 1.4370194673538208, 0.691453218460083, -0.3441484868526459, 0.8010249137878418, 0.7581220865249634, -0.5009478330612183, -0.37793976068496704, -1.1544910669326782, -0.6955624222755432, 0.7138411998748779, -1.375043511390686, -0.38121581077575684, -1.2523308992385864, 1.066048502922058, -0.645520806312561, 0.28756293654441833, -1.6984171867370605, 0.810051441192627, 0.6549132466316223, -0.8681557178497314, -1.2006818056106567, -0.7150408625602722, 0.6628187894821167, 0.9826509952545166, 1.2879819869995117, 0.806901752948761, -1.0399229526519775, -0.12855839729309082, 0.03756892681121826, -0.9414206743240356, 0.31144100427627563, 0.6372533440589905, 0.020118284970521927, -0.32867127656936646, -0.5407787561416626, 1.3073935508728027, -0.21285149455070496, 0.19854053854942322, 1.4094297885894775, -1.2966560125350952, 0.17748922109603882, -0.13623079657554626, 1.149106740951538, -0.8690007328987122, -0.14943765103816986, 0.023761950433254242, -1.3871570825576782, 0.6915000677108765, 0.16681501269340515, -0.2976275384426117, -0.2155364453792572, -0.4782111942768097, -2.446742296218872, -1.194941759109497, 0.22145161032676697, 1.8188600540161133, -0.09106019884347916, -0.9994683265686035, 0.4399368166923523, -0.14721933007240295, -0.3337132930755615, -0.8844379186630249, 0.4823828339576721, 1.1348906755447388, -0.49554431438446045, 0.11067638546228409, 0.6055423021316528, -0.9221483469009399, 0.06828226894140244, -0.8705368638038635, 0.013505388051271439, -1.0871118307113647, 0.02115851640701294, -0.4295165538787842, 0.8307639360427856, -1.2833824157714844, 1.3706532716751099, 0.8524627685546875, -0.13606444001197815, 0.21928110718727112, 0.2290305197238922, -0.18865875899791718, -0.8633016347885132, -0.47926491498947144, 0.1507781445980072, 0.26454320549964905, -0.27309465408325195, -0.3761608600616455, 0.8123935461044312, -0.016462698578834534, -0.5836865305900574, -1.5063005685806274, 0.026483342051506042, -0.6316193342208862, -0.8213076591491699, -0.749030351638794, 0.20160171389579773, -0.8627004623413086, 0.38819774985313416, -1.1601207256317139, 0.9050045013427734, -0.41710415482521057, 0.5015300512313843, 0.007710754871368408, 0.9017602801322937, -0.8555878400802612, -0.7653318643569946, -1.0311954021453857, -1.0540730953216553, 0.10208094120025635, 1.2419822216033936, -0.9680203199386597, -0.17002227902412415, 0.8268824815750122, -0.22548677027225494, 0.02657029777765274, -0.8492268919944763, -0.05319489538669586, 0.0331600159406662, 1.4486398696899414, -0.4166465401649475, -0.9031939506530762, -0.16004784405231476, -0.28503209352493286, -0.3667796552181244, -0.513741672039032, -0.47116950154304504, -0.08253422379493713, 0.5310932993888855, -0.3360264301300049, -0.24967266619205475, 0.19419938325881958, -0.14985811710357666, -0.7646908164024353, -0.4071832299232483, -0.7880703210830688, -0.8269402384757996, -0.3101973235607147, 0.855526328086853, -0.11175721883773804, -0.044411204755306244, -0.5866010785102844, -0.6324223279953003, 0.06038418412208557, -0.21408431231975555, 0.3688056766986847, -0.5558381676673889, -0.2594206929206848, 0.7408208250999451, -0.1966012716293335, 0.26207679510116577, -0.5928295850753784, -0.3238579332828522, 1.7608531713485718, -0.4415675699710846, 0.8948490619659424, -0.31205543875694275, 0.05091273412108421, 0.6858049631118774, -0.6783007979393005, -1.6939499378204346, -0.10916738212108612, -0.526913583278656, -0.42387300729751587, -0.4686945974826813, -1.3841209411621094, -0.9906045794487, 0.0708567202091217, -0.830950140953064, 0.12950801849365234, -0.07206186652183533, -1.2150417566299438, 1.4608372449874878, -0.8766432404518127, 0.7259421944618225, 0.36858847737312317, 0.950875997543335, -1.524247407913208, 0.25218191742897034, 0.6032351851463318, -1.3503156900405884, 0.15569278597831726, 0.39639735221862793, 0.23019064962863922, 1.669745922088623, 0.21709242463111877, 0.8337873816490173, 1.3704255819320679, 1.9759284257888794, 1.6997259855270386, -1.5270062685012817, 0.2234349399805069, 0.14641951024532318, -1.3301094770431519, -0.6965290307998657, 0.6250929236412048, 0.017724722623825073, 1.1546779870986938, -1.0917222499847412, 0.046796973794698715, 0.4580988883972168, -0.7097527384757996, 0.501642107963562, -0.7735713720321655, 0.7276651859283447, -1.3565559387207031, 0.11354410648345947, 1.0680996179580688, -0.1436191350221634, 0.5041813850402832, 0.9132078886032104, 0.432341992855072, -0.5381302833557129, 0.8724448680877686, 0.8121051788330078, -0.045801617205142975, 0.33547577261924744, -0.668736457824707, -0.7829478979110718, 0.17484444379806519, 0.29969218373298645, -0.4494355022907257, -0.04942689836025238, 0.1720512956380844, -0.41054022312164307, 0.5683258175849915, -2.050600051879883, -0.44559168815612793, -0.42485225200653076, 1.0831489562988281, -0.4813653230667114, -0.22682712972164154, 0.8493143320083618, 0.10917739570140839, 0.39822953939437866, 0.6172274947166443, 0.7829701900482178, 1.039162516593933, 0.21090488135814667, -0.3870924413204193, -0.6851410865783691, -0.5802202820777893, -0.07818462699651718, 0.15453331172466278, -0.04194575548171997, -0.8986506462097168, 0.2873510718345642, -1.0359814167022705, -1.017201542854309, -0.5965004563331604, -1.4500502347946167, 0.6162702441215515, -0.3507690727710724, 0.011274948716163635, 1.5258152484893799, 0.2680080235004425, -0.1278667151927948, 0.0457514226436615, -0.2862476110458374, -0.2064312994480133, 0.8437506556510925, -1.0034440755844116, 0.33347761631011963, -0.9781366586685181, -0.24307653307914734, -0.1560584008693695, 0.11627170443534851, -0.705395519733429, -0.5100300908088684, -0.015245839953422546, 0.12288308143615723, -0.9034738540649414, 0.813507616519928, -0.0900818407535553, -0.19769564270973206, -1.3920310735702515, 0.5166327953338623, 0.11276908218860626, 0.052119992673397064, -0.7652382850646973, 0.1249619722366333, 0.787636399269104, 0.028729766607284546, -0.01737530529499054, 1.4815082550048828, 0.49594709277153015, -1.8471280336380005, -0.10415657609701157, 0.5251051783561707, 0.1870729923248291, -0.10247752070426941, -0.868647575378418, 0.14143900573253632, -0.732245922088623, 0.42387694120407104, 0.651168704032898, 0.9630858898162842, 0.327278733253479, 0.3342086374759674, 1.4082247018814087, 0.7022369503974915, -0.6231805682182312, 0.1510237157344818, -1.2769551277160645, -0.5424107313156128, 0.5505599975585938, -0.3425399661064148, 0.61226487159729, -0.08105398714542389, -0.7548398375511169, -0.10275028645992279, -0.23057366907596588, -1.4973392486572266, -0.9048595428466797, 0.7912693023681641, -0.6091045141220093, -0.4997875988483429, -0.788565993309021, 0.1385306417942047, 0.4496554732322693, -0.3952697813510895, 0.8397607803344727, -0.6041760444641113, 1.2882500886917114, 0.19681479036808014, -0.3742201030254364, -0.43881070613861084, 0.016463512554764748, -1.0371168851852417, 0.11679390072822571, -1.3582763671875, -0.0606413409113884, -0.06382680684328079, 0.6999720335006714, 0.10949404537677765, 0.12440498173236847, -0.21826021373271942, -0.29403477907180786, 0.02763069048523903, -0.6160698533058167, -0.2377040982246399, 0.695059061050415, -0.06403066962957382, 0.7215325832366943, -0.8756712079048157, -1.1634010076522827, 0.3426702618598938, 0.2975376546382904, -0.7735253572463989, 1.0262788534164429, -0.13541433215141296, -0.36691272258758545, 0.0672055035829544, -0.25406739115715027, 0.7170199751853943, 0.1343885064125061, 0.2792658805847168, -0.3646324574947357, 0.9894540905952454, -0.7243870496749878, -1.6960957050323486, -1.2389845848083496, -0.1549222469329834, 0.5970001220703125, -0.580157995223999, 0.15166166424751282, 0.16908371448516846, -0.1651807278394699, -1.056282639503479, -0.3610595166683197, 0.2362775355577469, -1.2974843978881836, 0.4344841241836548, 0.7839287519454956, 0.45627927780151367, -0.3424004912376404, 0.27087122201919556, 0.08178960531949997, 0.1414489448070526, 1.0188541412353516, 1.1499569416046143, -1.1726868152618408]","[0.5986009836196899, 1.5790859460830688, 2.3849565982818604, -1.222147822380066, 2.820425510406494, 2.2079389095306396, -0.9400919079780579, -0.8100379109382629, -1.7953808307647705, 0.7190020084381104, 1.161112904548645, -1.2511260509490967, -0.9529445767402649, -2.8937201499938965, -0.739122211933136, -1.0699963569641113, 0.1815851777791977, -2.8590805530548096, 0.12037836015224457, 1.3991940021514893, -0.15046077966690063, 1.2930070161819458, 1.9118266105651855, -2.82430362701416, -3.067359447479248, -1.485105037689209, -0.6231697201728821, 3.344681978225708, 0.5312252640724182, 0.4913522005081177, -2.3343923091888428, -0.6993900537490845, -0.2813511788845062, 0.42317718267440796, 1.6687824726104736, -0.22360111773014069, -2.0374701023101807, -0.4804103970527649, -0.6728227138519287, 0.626593828201294, -1.1918504238128662, -1.1137162446975708, -0.962128758430481, -0.12463007867336273, 1.6142154932022095, -0.45683738589286804, -1.574826717376709, -0.13552936911582947, -2.0468199253082275, 1.6100854873657227, 2.5038504600524902, -0.4562265872955322, -1.6439465284347534, -1.8496297597885132, 1.0132938623428345, 0.6759156584739685, -1.3514056205749512, -0.6763738989830017, 0.7374404668807983, -1.7215564250946045, -1.0045998096466064, -2.757021188735962, 0.12820331752300262, -1.3207852840423584, 0.7871221899986267, 0.15630364418029785, -2.1835875511169434, 0.5670192837715149, -1.565169334411621, -2.9257795810699463, 0.6494768261909485, -0.4442397356033325, 0.23029392957687378, 0.6538788080215454, -0.41927528381347656, -0.045673225075006485, -0.11687146872282028, -2.0893449783325195, -0.3243809640407562, -1.544739007949829, 1.2172530889511108, 0.25383344292640686, 1.7931363582611084, -3.154175043106079, 2.1125521659851074, 4.18635368347168, 1.928015947341919, 1.8320232629776, -2.1211767196655273, 0.5082789063453674, -0.9458649158477783, 0.9929231405258179, 2.534356117248535, 2.284146785736084, -1.0708357095718384, -3.0253586769104004, -0.7486937642097473, 0.7425432205200195, -0.5391488075256348, -0.9006029367446899, -0.8707430362701416, -1.8271656036376953, -3.7152388095855713, -3.030383825302124, 0.46785202622413635, 2.958954095840454, -1.297611117362976, 2.203681230545044, -1.6272040605545044, 0.23754021525382996, 3.7796874046325684, -1.8583959341049194, 2.503769874572754, -3.4226627349853516, 2.7467546463012695, 0.20267997682094574, -2.591949462890625, 0.1460403949022293, 0.9744181632995605, 2.784777879714966, 2.198737144470215, 2.6762118339538574, 1.293745517730713, -0.5622192025184631, -1.2205147743225098, -1.3364973068237305, 2.4100284576416016, -1.0128941535949707]","[0.8528854846954346, 1.8150113821029663, 1.338864803314209, -0.6485905647277832, 0.9293944239616394, 0.2542017698287964, -1.097178339958191, 0.5375367999076843, 0.22289183735847473, -1.35894775390625, 0.4254263937473297, -0.4339821934700012, 0.31056877970695496, 0.08001270890235901, -0.8619505763053894, 1.6160643100738525, 1.4909963607788086, 1.0565145015716553, 0.8272050023078918, 0.5397796630859375, 0.0026535391807556152, -0.7085694074630737, 0.3671413064002991, 0.4546385407447815, 0.671692967414856, 0.09940491616725922, -0.3985084891319275, 0.0669579952955246, 0.4550985097885132, 0.6397364139556885, 1.2263942956924438, 0.659662663936615, -1.3005127906799316, 0.8954856395721436, -0.8272573947906494, 0.08405753970146179, -0.1289573311805725, 0.8890654444694519, -1.0372560024261475, -1.2185441255569458, -0.35843008756637573, -1.4024194478988647, -0.014619097113609314, 0.7127548456192017, -1.2042285203933716, -0.17939844727516174, 0.40950116515159607, 0.9442183971405029, -0.8369074463844299, 0.22398769855499268, 0.5977727174758911, 0.5474736094474792, 0.3242500424385071, -0.10888583213090897, 0.26706069707870483, -0.5464056730270386, -0.40014320611953735, -0.682639479637146, -1.368310570716858, -0.18801045417785645, 0.6323574781417847, 0.09893852472305298, -0.37092462182044983, 0.3974681496620178, 0.4511306583881378, -0.32134705781936646, 0.37072667479515076, -1.3564589023590088, -0.11385105550289154, -0.05426034331321716, 0.3332073390483856, 1.7630864381790161, 0.7147096991539001, 0.3121902346611023, 0.7501335144042969, -1.21365225315094, -0.31578347086906433, -0.15312959253787994, -0.059185437858104706, 0.5095188021659851, -0.33853185176849365, -0.7213723659515381, -1.4577997922897339, -0.2704687714576721, -0.17956572771072388, 0.3254631757736206, 0.13155901432037354, 0.2780297100543976, 1.8660132884979248, -0.42608529329299927, 0.6357845067977905, 0.19413769245147705, -0.11004513502120972, 0.5967257022857666, -0.22695310413837433, 0.196669802069664, 0.2676209509372711, -1.3227063417434692, -0.6175007224082947, -0.6628970503807068, 0.6006046533584595, -0.12632454931735992, 1.0266590118408203, 0.028551116585731506, -0.13534191250801086, 0.025078684091567993, -0.6703609228134155, 1.394612193107605, -0.9125659465789795, -5.829802989959717, 0.27335625886917114, -0.32180172204971313, 0.4196555018424988, 0.5244295597076416, -0.8036288022994995, 0.9106464982032776, 0.24579527974128723, -0.21973463892936707, -0.3423038125038147, 0.23576509952545166, 0.40228891372680664, -1.3230684995651245, -1.8786157369613647, -0.6118886470794678, -1.1285346746444702, 0.6689858436584473, -0.09335628896951675, -1.5562435388565063, -0.21072088181972504, -0.17217262089252472, 1.0115795135498047, -0.8200962543487549, -0.04150998964905739, 0.05648551136255264, 0.3048599064350128, -0.38133180141448975, -0.0936489850282669, -1.9523223638534546, 0.7102493047714233, -0.006948217749595642, 0.042403701692819595, 0.752232551574707, -0.19145196676254272, -1.3241907358169556, 1.1942238807678223, 1.7525442838668823, -0.7858747243881226, -0.24950793385505676, -0.042476192116737366, 0.5290951728820801, 0.1965414583683014, -0.045081257820129395, -0.8234962224960327, -0.5513888597488403, 7.883755207061768, -0.14350005984306335, -0.11646091192960739, 0.4585951566696167, 0.23790884017944336, 1.0497643947601318, 0.8255662322044373, 1.5121700763702393, -1.4627835750579834, 1.691691279411316, 0.0790562778711319, -0.7559558153152466, -1.316497564315796, -0.1156892478466034, 0.26417383551597595, 0.023881014436483383, -0.1750231832265854, 0.6648314595222473, -0.03720371425151825, 0.024545207619667053, -0.906895637512207, 0.9515417218208313, -1.4790061712265015, -0.45200806856155396, -1.4392162561416626, -0.7436614036560059, 0.28061196208000183, 0.2990736961364746, -0.31109297275543213, 1.8852626085281372, 0.37358853220939636, -0.6304935216903687, 0.7286909818649292, -0.1474827527999878, 0.7885462641716003, 0.08933748304843903, 0.37708038091659546, 0.514352560043335, 0.0027902647852897644, 0.9501099586486816, -1.4750577211380005, -0.06708255410194397, -1.2022457122802734, -0.6616677641868591, -0.21974387764930725, -0.9537249803543091, 0.12645098567008972, 0.28733617067337036, 0.1185307502746582, -1.0172145366668701, 0.7886822819709778, -0.4242624044418335, -0.666554868221283, -0.5477069616317749, 0.5600077509880066, -1.4330639839172363, -1.2042454481124878, -0.6786023378372192, -1.4089322090148926, -0.2495553195476532, -1.1959850788116455, -0.5785809755325317, 0.14932963252067566, 0.5714360475540161, 0.44147634506225586, -0.13452716171741486, 2.528413772583008, 0.8245800733566284, -0.27217763662338257, 1.2471768856048584, 1.7794561386108398, -0.5565865635871887, -0.22265715897083282, 0.7908172607421875, -0.40085509419441223, -1.5675830841064453, 0.31189730763435364, 0.7523317933082581, 0.8937779068946838, 0.6985871195793152, 0.46448105573654175, -0.36257636547088623, -0.33519840240478516, 1.2411915063858032, -0.7095502018928528, 0.4424954354763031, -0.25980257987976074, 0.7073842287063599, -0.13889196515083313, -1.398268461227417, -0.39541739225387573, 0.8987122774124146, -0.08565298467874527, -1.3853659629821777, 0.14333057403564453, -0.4180338978767395, 1.1122384071350098, 0.2568299472332001, -0.7566499710083008, -0.034009236842393875, -2.4845130443573, -0.5071719884872437, -0.2424442172050476, -0.1504710167646408, 0.12903878092765808, 0.5039114356040955, 0.5017389059066772, 0.45751649141311646, -0.8775584697723389, -1.3161264657974243, 0.021304592490196228, 0.8227719068527222, 0.7274691462516785, -0.7536892294883728, -0.8736937642097473, 0.7496132254600525, -0.3384741544723511, 0.06611087918281555, -0.051648303866386414, 0.8382841944694519, -1.4114917516708374, -0.49319007992744446, 0.5751276612281799, -0.14899024367332458, 0.399347722530365, 0.3607580363750458, -0.9420527219772339, 0.2170877754688263, -0.1434115469455719, 0.8566619753837585, 0.21588945388793945, -0.48698633909225464, -0.0662243664264679, 0.09181101620197296, 0.12635263800621033, -1.3633416891098022, -0.5207529067993164, -0.5752274394035339, 0.2674063444137573, -0.16200219094753265, -0.7336393594741821, -0.8135108947753906, 0.5323811173439026, -0.15889258682727814, 0.21881268918514252, -0.36306482553482056, -0.42784056067466736, -1.2277692556381226, 0.5851713418960571, 1.2902369499206543, 0.9308632612228394, -0.8266127109527588, 1.1584835052490234, -1.3878495693206787, 0.8636400699615479, -0.17368006706237793, -1.2682665586471558, -0.2583824396133423, -0.761698305606842, 2.894580602645874, -0.05078272894024849, 0.24607796967029572, -1.10484778881073, 0.5769591927528381, -0.14642128348350525, -0.8212297558784485, 0.3579000234603882, -0.2506362497806549, 0.7882475256919861, -0.33293259143829346, 1.0285454988479614, -0.5787065625190735, -0.24253268539905548, -0.6117311120033264, 0.5508235692977905, -0.3247338533401489, 0.609107255935669, 1.1030834913253784, 0.6414554119110107, -0.12980210781097412, 1.1737384796142578, 0.03259335458278656, -0.6594620943069458, -0.22715264558792114, 0.01869569718837738, 0.712398111820221, -0.21328561007976532, -0.9118540287017822, -0.22140797972679138, -0.45909491181373596, 0.7076087594032288, 0.7384165525436401, 0.16501139104366302, -1.2535806894302368, 0.09952491521835327, 0.2798931300640106, -2.046051502227783, -0.8741085529327393, -0.23132716119289398, 0.5936334133148193, -1.1820003986358643, 0.011990942060947418, -0.9903814196586609, 0.6324058175086975, 1.2389222383499146, -0.4518722593784332, -0.3836210072040558, 2.521252155303955, -0.8174404501914978, -0.20316919684410095, 0.32525599002838135, 0.6554990410804749, -0.23835790157318115, 0.5549616813659668, -0.15426546335220337, -0.9029941558837891, -1.4401849508285522, 0.38417819142341614, 0.039449404925107956, 0.1756085902452469, -0.22920739650726318, 0.2836224436759949, 0.558754563331604, -1.5988569259643555, -0.1901528537273407, -0.3255595266819, -0.4368954598903656, 0.26129284501075745, -0.03315234184265137, 0.629000186920166, 0.8180935382843018, -1.500532865524292, 1.4370194673538208, 0.691453218460083, -0.3441484868526459, 0.8010249137878418, 0.7581220865249634, -0.5009478330612183, -0.37793976068496704, -1.1544910669326782, -0.6955624222755432, 0.7138411998748779, -1.375043511390686, -0.38121581077575684, -1.2523308992385864, 1.066048502922058, -0.645520806312561, 0.28756293654441833, -1.6984171867370605, 0.810051441192627, 0.6549132466316223, -0.8681557178497314, -1.2006818056106567, -0.7150408625602722, 0.6628187894821167, 0.9826509952545166, 1.2879819869995117, 0.806901752948761, -1.0399229526519775, -0.12855839729309082, 0.03756892681121826, -0.9414206743240356, 0.31144100427627563, 0.6372533440589905, 0.020118284970521927, -0.32867127656936646, -0.5407787561416626, 1.3073935508728027, -0.21285149455070496, 0.19854053854942322, 1.4094297885894775, -1.2966560125350952, 0.17748922109603882, -0.13623079657554626, 1.149106740951538, -0.8690007328987122, -0.14943765103816986, 0.023761950433254242, -1.3871570825576782, 0.6915000677108765, 0.16681501269340515, -0.2976275384426117, -0.2155364453792572, -0.4782111942768097, -2.446742296218872, -1.194941759109497, 0.22145161032676697, 1.8188600540161133, -0.09106019884347916, -0.9994683265686035, 0.4399368166923523, -0.14721933007240295, -0.3337132930755615, -0.8844379186630249, 0.4823828339576721, 1.1348906755447388, -0.49554431438446045, 0.11067638546228409, 0.6055423021316528, -0.9221483469009399, 0.06828226894140244, -0.8705368638038635, 0.013505388051271439, -1.0871118307113647, 0.02115851640701294, -0.4295165538787842, 0.8307639360427856, -1.2833824157714844, 1.3706532716751099, 0.8524627685546875, -0.13606444001197815, 0.21928110718727112, 0.2290305197238922, -0.18865875899791718, -0.8633016347885132, -0.47926491498947144, 0.1507781445980072, 0.26454320549964905, -0.27309465408325195, -0.3761608600616455, 0.8123935461044312, -0.016462698578834534, -0.5836865305900574, -1.5063005685806274, 0.026483342051506042, -0.6316193342208862, -0.8213076591491699, -0.749030351638794, 0.20160171389579773, -0.8627004623413086, 0.38819774985313416, -1.1601207256317139, 0.9050045013427734, -0.41710415482521057, 0.5015300512313843, 0.007710754871368408, 0.9017602801322937, -0.8555878400802612, -0.7653318643569946, -1.0311954021453857, -1.0540730953216553, 0.10208094120025635, 1.2419822216033936, -0.9680203199386597, -0.17002227902412415, 0.8268824815750122, -0.22548677027225494, 0.02657029777765274, -0.8492268919944763, -0.05319489538669586, 0.0331600159406662, 1.4486398696899414, -0.4166465401649475, -0.9031939506530762, -0.16004784405231476, -0.28503209352493286, -0.3667796552181244, -0.513741672039032, -0.47116950154304504, -0.08253422379493713, 0.5310932993888855, -0.3360264301300049, -0.24967266619205475, 0.19419938325881958, -0.14985811710357666, -0.7646908164024353, -0.4071832299232483, -0.7880703210830688, -0.8269402384757996, -0.3101973235607147, 0.855526328086853, -0.11175721883773804, -0.044411204755306244, -0.5866010785102844, -0.6324223279953003, 0.06038418412208557, -0.21408431231975555, 0.3688056766986847, -0.5558381676673889, -0.2594206929206848, 0.7408208250999451, -0.1966012716293335, 0.26207679510116577, -0.5928295850753784, -0.3238579332828522, 1.7608531713485718, -0.4415675699710846, 0.8948490619659424, -0.31205543875694275, 0.05091273412108421, 0.6858049631118774, -0.6783007979393005, -1.6939499378204346, -0.10916738212108612, -0.526913583278656, -0.42387300729751587, -0.4686945974826813, -1.3841209411621094, -0.9906045794487, 0.0708567202091217, -0.830950140953064, 0.12950801849365234, -0.07206186652183533, -1.2150417566299438, 1.4608372449874878, -0.8766432404518127, 0.7259421944618225, 0.36858847737312317, 0.950875997543335, -1.524247407913208, 0.25218191742897034, 0.6032351851463318, -1.3503156900405884, 0.15569278597831726, 0.39639735221862793, 0.23019064962863922, 1.669745922088623, 0.21709242463111877, 0.8337873816490173, 1.3704255819320679, 1.9759284257888794, 1.6997259855270386, -1.5270062685012817, 0.2234349399805069, 0.14641951024532318, -1.3301094770431519, -0.6965290307998657, 0.6250929236412048, 0.017724722623825073, 1.1546779870986938, -1.0917222499847412, 0.046796973794698715, 0.4580988883972168, -0.7097527384757996, 0.501642107963562, -0.7735713720321655, 0.7276651859283447, -1.3565559387207031, 0.11354410648345947, 1.0680996179580688, -0.1436191350221634, 0.5041813850402832, 0.9132078886032104, 0.432341992855072, -0.5381302833557129, 0.8724448680877686, 0.8121051788330078, -0.045801617205142975, 0.33547577261924744, -0.668736457824707, -0.7829478979110718, 0.17484444379806519, 0.29969218373298645, -0.4494355022907257, -0.04942689836025238, 0.1720512956380844, -0.41054022312164307, 0.5683258175849915, -2.050600051879883, -0.44559168815612793, -0.42485225200653076, 1.0831489562988281, -0.4813653230667114, -0.22682712972164154, 0.8493143320083618, 0.10917739570140839, 0.39822953939437866, 0.6172274947166443, 0.7829701900482178, 1.039162516593933, 0.21090488135814667, -0.3870924413204193, -0.6851410865783691, -0.5802202820777893, -0.07818462699651718, 0.15453331172466278, -0.04194575548171997, -0.8986506462097168, 0.2873510718345642, -1.0359814167022705, -1.017201542854309, -0.5965004563331604, -1.4500502347946167, 0.6162702441215515, -0.3507690727710724, 0.011274948716163635, 1.5258152484893799, 0.2680080235004425, -0.1278667151927948, 0.0457514226436615, -0.2862476110458374, -0.2064312994480133, 0.8437506556510925, -1.0034440755844116, 0.33347761631011963, -0.9781366586685181, -0.24307653307914734, -0.1560584008693695, 0.11627170443534851, -0.705395519733429, -0.5100300908088684, -0.015245839953422546, 0.12288308143615723, -0.9034738540649414, 0.813507616519928, -0.0900818407535553, -0.19769564270973206, -1.3920310735702515, 0.5166327953338623, 0.11276908218860626, 0.052119992673397064, -0.7652382850646973, 0.1249619722366333, 0.787636399269104, 0.028729766607284546, -0.01737530529499054, 1.4815082550048828, 0.49594709277153015, -1.8471280336380005, -0.10415657609701157, 0.5251051783561707, 0.1870729923248291, -0.10247752070426941, -0.868647575378418, 0.14143900573253632, -0.732245922088623, 0.42387694120407104, 0.651168704032898, 0.9630858898162842, 0.327278733253479, 0.3342086374759674, 1.4082247018814087, 0.7022369503974915, -0.6231805682182312, 0.1510237157344818, -1.2769551277160645, -0.5424107313156128, 0.5505599975585938, -0.3425399661064148, 0.61226487159729, -0.08105398714542389, -0.7548398375511169, -0.10275028645992279, -0.23057366907596588, -1.4973392486572266, -0.9048595428466797, 0.7912693023681641, -0.6091045141220093, -0.4997875988483429, -0.788565993309021, 0.1385306417942047, 0.4496554732322693, -0.3952697813510895, 0.8397607803344727, -0.6041760444641113, 1.2882500886917114, 0.19681479036808014, -0.3742201030254364, -0.43881070613861084, 0.016463512554764748, -1.0371168851852417, 0.11679390072822571, -1.3582763671875, -0.0606413409113884, -0.06382680684328079, 0.6999720335006714, 0.10949404537677765, 0.12440498173236847, -0.21826021373271942, -0.29403477907180786, 0.02763069048523903, -0.6160698533058167, -0.2377040982246399, 0.695059061050415, -0.06403066962957382, 0.7215325832366943, -0.8756712079048157, -1.1634010076522827, 0.3426702618598938, 0.2975376546382904, -0.7735253572463989, 1.0262788534164429, -0.13541433215141296, -0.36691272258758545, 0.0672055035829544, -0.25406739115715027, 0.7170199751853943, 0.1343885064125061, 0.2792658805847168, -0.3646324574947357, 0.9894540905952454, -0.7243870496749878, -1.6960957050323486, -1.2389845848083496, -0.1549222469329834, 0.5970001220703125, -0.580157995223999, 0.15166166424751282, 0.16908371448516846, -0.1651807278394699, -1.056282639503479, -0.3610595166683197, 0.2362775355577469, -1.2974843978881836, 0.4344841241836548, 0.7839287519454956, 0.45627927780151367, -0.3424004912376404, 0.27087122201919556, 0.08178960531949997, 0.1414489448070526, 1.0188541412353516, 1.1499569416046143, -1.1726868152618408, 0.5986009836196899, 1.5790859460830688, 2.3849565982818604, -1.222147822380066, 2.820425510406494, 2.2079389095306396, -0.9400919079780579, -0.8100379109382629, -1.7953808307647705, 0.7190020084381104, 1.161112904548645, -1.2511260509490967, -0.9529445767402649, -2.8937201499938965, -0.739122211933136, -1.0699963569641113, 0.1815851777791977, -2.8590805530548096, 0.12037836015224457, 1.3991940021514893, -0.15046077966690063, 1.2930070161819458, 1.9118266105651855, -2.82430362701416, -3.067359447479248, -1.485105037689209, -0.6231697201728821, 3.344681978225708, 0.5312252640724182, 0.4913522005081177, -2.3343923091888428, -0.6993900537490845, -0.2813511788845062, 0.42317718267440796, 1.6687824726104736, -0.22360111773014069, -2.0374701023101807, -0.4804103970527649, -0.6728227138519287, 0.626593828201294, -1.1918504238128662, -1.1137162446975708, -0.962128758430481, -0.12463007867336273, 1.6142154932022095, -0.45683738589286804, -1.574826717376709, -0.13552936911582947, -2.0468199253082275, 1.6100854873657227, 2.5038504600524902, -0.4562265872955322, -1.6439465284347534, -1.8496297597885132, 1.0132938623428345, 0.6759156584739685, -1.3514056205749512, -0.6763738989830017, 0.7374404668807983, -1.7215564250946045, -1.0045998096466064, -2.757021188735962, 0.12820331752300262, -1.3207852840423584, 0.7871221899986267, 0.15630364418029785, -2.1835875511169434, 0.5670192837715149, -1.565169334411621, -2.9257795810699463, 0.6494768261909485, -0.4442397356033325, 0.23029392957687378, 0.6538788080215454, -0.41927528381347656, -0.045673225075006485, -0.11687146872282028, -2.0893449783325195, -0.3243809640407562, -1.544739007949829, 1.2172530889511108, 0.25383344292640686, 1.7931363582611084, -3.154175043106079, 2.1125521659851074, 4.18635368347168, 1.928015947341919, 1.8320232629776, -2.1211767196655273, 0.5082789063453674, -0.9458649158477783, 0.9929231405258179, 2.534356117248535, 2.284146785736084, -1.0708357095718384, -3.0253586769104004, -0.7486937642097473, 0.7425432205200195, -0.5391488075256348, -0.9006029367446899, -0.8707430362701416, -1.8271656036376953, -3.7152388095855713, -3.030383825302124, 0.46785202622413635, 2.958954095840454, -1.297611117362976, 2.203681230545044, -1.6272040605545044, 0.23754021525382996, 3.7796874046325684, -1.8583959341049194, 2.503769874572754, -3.4226627349853516, 2.7467546463012695, 0.20267997682094574, -2.591949462890625, 0.1460403949022293, 0.9744181632995605, 2.784777879714966, 2.198737144470215, 2.6762118339538574, 1.293745517730713, -0.5622192025184631, -1.2205147743225098, -1.3364973068237305, 2.4100284576416016, -1.0128941535949707]"
41,4,أمر إداري,output_doc,"وزارة الالوارد المائية ٍ
الهيئة امة للموارد المائية رخ
مديريلة الموارد المائية في محافظة طرطوس
م
. على أحكام القانون الأساسي للعاملين في الدولة رقم ‎/*١/‏ لعام ‎٠١6‏
‏وعلى القرار رقم //1541/ تاريخ ‎٠٠١/٠١/١١‏
‏وعلى القرار رقم /104/ تاريخ ‎١١١1/11/74‏

وعلى متطلبات العمل

. مادة ‎:/١/‏ تكلف كل من المهندسة يارا فاروق عبداللطيف والمهندسة سالي غسان عبد الرحمن
5 . بالعمل في قسم الموارد والاستثمار - دائرة الاستثمار بدلاً من العمل في المكتب الفني ويقومان
. بكافة الأعمال التي يكلفان بها .

مادة /1/ : يبلغ هذا الأمر من يلزم لتنفيذه .

طرطوس في حبر ارر.؟

حت""

صورة إلى :
مكتب السيد المدير
السادة معاوني المدير 0 1
الشؤون الإدارية و القانونية - نقابة - تخطيط
موارد واستثمار - المكتب الفني - رقابة - شؤون العاملين","[-0.5882759690284729, 1.85799241065979, 0.8538190126419067, -0.5708537697792053, 1.0888704061508179, 0.6987343430519104, -0.9036276340484619, 0.610913872718811, 0.2259995937347412, -1.2846752405166626, 0.25568661093711853, -0.7527904510498047, 0.04711103439331055, -0.021153032779693604, -0.819421648979187, 1.6058018207550049, 1.7805695533752441, 0.275689959526062, 0.5780659317970276, 0.37579795718193054, 0.07367384433746338, -1.2863065004348755, 0.5169548392295837, 1.1739026308059692, 0.9337562918663025, 0.6770157814025879, -0.6772254109382629, 0.06325463950634003, 0.4299861788749695, 0.3434395492076874, -0.025597691535949707, 0.9664296507835388, -0.7867971658706665, 1.5149791240692139, -1.6974663734436035, -0.3411516845226288, -0.8827279806137085, 0.9566466212272644, -0.28817373514175415, -0.8843528032302856, -0.5464703440666199, -1.0994712114334106, -0.25724199414253235, 0.43745410442352295, -1.2915223836898804, -0.07688218355178833, 0.8928228616714478, 1.1231034994125366, -0.09315194189548492, 0.4693477153778076, 0.10838815569877625, 0.5242710709571838, 0.706287145614624, 0.15051111578941345, 0.24408555030822754, 0.08595284819602966, -1.2364341020584106, -0.38907796144485474, -1.0486730337142944, 0.4128205180168152, -0.25069278478622437, -0.050040096044540405, -0.8206900358200073, 0.05304764211177826, 0.7012426257133484, -1.4361947774887085, 0.06221584230661392, -1.3453160524368286, -0.18232601881027222, 0.1092793345451355, -0.7465952038764954, 2.044802665710449, 0.9476523399353027, -0.09341103583574295, 0.2664793133735657, 0.598095715045929, -0.3815482556819916, -0.46953850984573364, 0.38526415824890137, 0.6682863235473633, -0.17771919071674347, -0.2796265780925751, -1.778237223625183, 0.010335121303796768, 0.8267838954925537, 0.038580045104026794, 0.20912286639213562, 0.48521336913108826, 2.360834836959839, -0.9880293607711792, 0.528537392616272, -0.03226208686828613, 0.29811230301856995, 0.9304832220077515, 0.3123236298561096, 0.25019240379333496, 0.3610120713710785, -1.0156804323196411, -1.2507121562957764, -0.7865462899208069, 1.0285725593566895, -0.2529057264328003, 0.9235053062438965, 0.4263569712638855, -0.0282726027071476, 0.07435114681720734, -0.9219030141830444, 1.2891262769699097, -0.23373498022556305, -6.281772136688232, 1.0845853090286255, -0.06171223521232605, -0.174515038728714, -0.04010362923145294, -1.2575441598892212, 1.6924761533737183, 0.32430410385131836, -0.3607892692089081, 0.24202686548233032, 0.43187373876571655, 0.1836218684911728, -1.250840187072754, -1.5192009210586548, 0.2665874660015106, -1.3605891466140747, 0.16623112559318542, -0.7080624103546143, -0.7652601003646851, 0.2381429523229599, -0.4116387963294983, 0.5804078578948975, 0.0884634256362915, -0.661515474319458, -0.16894909739494324, 0.5394159555435181, -0.21819254755973816, 0.0579950213432312, -0.9773378968238831, 0.9377069473266602, 0.3253631889820099, -0.27042677998542786, -0.11279787123203278, -0.13926956057548523, -1.4333460330963135, 0.9382028579711914, 0.9952226281166077, -0.781477153301239, -0.4331316351890564, 0.6251193284988403, -0.15591558814048767, 0.8361089825630188, -0.22214588522911072, -0.035854458808898926, -0.7920456528663635, 8.830794334411621, 0.25986993312835693, -0.37535858154296875, 0.38427168130874634, -0.03238067775964737, 0.7650495767593384, 0.3975825011730194, 0.6081855893135071, -1.688376784324646, 1.1545977592468262, 0.20540177822113037, -1.0079013109207153, -0.04504374414682388, -0.5985092520713806, -0.3386816382408142, 0.09902216494083405, -0.6283081769943237, 0.01802431046962738, 0.24322474002838135, -0.012336045503616333, -0.7486876845359802, 0.9017794132232666, -1.295477271080017, -0.7930434942245483, -1.0700743198394775, -1.4215396642684937, 0.09149861335754395, -0.4469449818134308, 0.17114385962486267, 1.6082491874694824, -0.6548680067062378, 0.03748554363846779, 0.50515216588974, -0.163221538066864, 0.30714863538742065, 0.1491253823041916, 0.06689813733100891, 0.2616386413574219, 0.38611507415771484, 0.6585355401039124, -0.26575398445129395, -0.5091811418533325, -0.8487406969070435, -0.025019004940986633, -0.30724406242370605, -0.8891608715057373, -0.002692136913537979, 0.11335819959640503, -0.4770522713661194, -0.30951017141342163, 1.0852172374725342, -0.460104763507843, -0.7266470789909363, -0.0019939690828323364, 0.7524733543395996, -1.8391363620758057, 0.07851052284240723, -0.32421204447746277, -1.5467852354049683, 0.02754686027765274, -0.31223171949386597, -0.5127463936805725, 0.200804203748703, 0.48557841777801514, -0.25691038370132446, -0.5821912288665771, 1.3911601305007935, 0.4267706871032715, 0.20985563099384308, 0.7432147264480591, 1.3043280839920044, -0.8596603870391846, -0.1488383412361145, 0.21311132609844208, -0.12991642951965332, -1.233959436416626, 0.17764899134635925, 0.30686691403388977, 1.1936551332473755, 0.5528542399406433, 1.0330933332443237, -0.1995045244693756, 0.2160504013299942, 1.332575798034668, -0.9738979339599609, -0.026114866137504578, -0.06377770751714706, 1.5777313709259033, -0.05470757186412811, -2.0410995483398438, -0.3330177068710327, 0.7239886522293091, 0.01695975661277771, -1.2757787704467773, -0.2634071707725525, 0.7411556839942932, 1.4722120761871338, -0.47220686078071594, -0.3906298279762268, -0.5346219539642334, -1.591352105140686, -0.4370499849319458, 0.12306585907936096, -0.6486055850982666, 0.14906778931617737, 0.6814460158348083, 0.31269216537475586, -0.3824864625930786, -0.4277759790420532, -0.9870259761810303, -0.19068649411201477, -0.3112469017505646, 0.17541460692882538, 0.16357429325580597, -1.404818058013916, 0.555695652961731, -0.9092991948127747, 0.31320786476135254, 0.3074255883693695, 1.3824187517166138, -1.446234107017517, -0.8368252515792847, 0.5933884382247925, 0.43530088663101196, 0.3473513722419739, -0.049481987953186035, -0.35851216316223145, -0.4438849687576294, -0.5519545674324036, 0.9834353923797607, 0.33177387714385986, -0.13695254921913147, 0.47546082735061646, -0.4713413715362549, -0.3320610523223877, -0.5641125440597534, -0.3708115816116333, -0.6523310542106628, -0.6286201477050781, -0.191181942820549, -0.09980490803718567, -0.9811017513275146, 0.4498205780982971, -0.3110294044017792, 0.48140254616737366, -0.045439042150974274, -0.30280858278274536, -0.8214443325996399, 0.5033463835716248, 0.2103070318698883, 1.0685036182403564, -1.1837139129638672, 1.1342167854309082, -1.6255028247833252, 0.36460238695144653, -0.4956589341163635, -1.0004684925079346, -1.1216142177581787, -1.1916946172714233, 2.922232151031494, -0.15315525233745575, 0.4115369915962219, -0.35063713788986206, -0.927026629447937, 0.1846686750650406, -0.45749250054359436, -0.4966980516910553, -0.7264604568481445, 0.6403049230575562, 0.09703236818313599, 0.6467739343643188, -0.5457969903945923, -0.09943114966154099, -0.4203585386276245, 0.41017624735832214, 0.32682475447654724, 0.21159695088863373, 0.7281015515327454, -0.4429205358028412, -0.3404165208339691, 1.3106507062911987, -0.40519776940345764, -0.25110098719596863, -0.16057530045509338, 0.12715113162994385, 0.059310995042324066, -1.3469717502593994, -0.3078788220882416, -0.04121938347816467, -1.072879433631897, 0.7445650696754456, 1.135994553565979, 0.07901085913181305, -0.5641685724258423, 0.03945225477218628, 0.5559331178665161, -1.1618963479995728, -0.2965966761112213, -0.20857717096805573, -0.13063539564609528, -0.9415029287338257, 0.26555007696151733, -0.41407930850982666, 0.4382241368293762, 1.3173202276229858, -0.4031917154788971, 0.12374657392501831, 1.495044469833374, -0.27480313181877136, 0.07394212484359741, 0.9606846570968628, 0.027357429265975952, 0.2734823226928711, 0.7415934801101685, -0.7006536722183228, -1.1372648477554321, -1.1826608180999756, 0.2700273096561432, 0.5084154009819031, -0.40752696990966797, -0.2152637541294098, 0.7636662721633911, 0.4500412940979004, -0.9620629549026489, 0.13818487524986267, -0.4407942295074463, -0.3052525520324707, 0.12450757622718811, -0.1578913927078247, 0.7882305979728699, 1.5151989459991455, -1.4968096017837524, 1.3821436166763306, 0.5395155549049377, -0.23152898252010345, 0.9752543568611145, 0.5447851419448853, -0.255429208278656, -0.5016016960144043, -1.5621979236602783, -0.8398796916007996, 0.5318582653999329, -0.8044286370277405, -0.9035284519195557, -0.6442230939865112, 0.9104868769645691, -0.9591414928436279, 0.2208784520626068, -1.1981890201568604, 0.43703800439834595, 0.7173893451690674, -0.6850863695144653, -1.0941286087036133, -0.1349153071641922, 0.3095906674861908, -0.19384583830833435, 0.7631115913391113, 0.6609150171279907, -0.8738481402397156, 0.6586064100265503, 0.3479463756084442, -0.8365476727485657, 0.6236129403114319, 0.6306571364402771, 0.4475102424621582, 0.027122803032398224, -0.5866599082946777, 1.1697801351547241, -0.9277291297912598, -0.2233828902244568, 0.9877979755401611, -0.8373444080352783, -0.19954334199428558, -0.39990779757499695, 0.3158663511276245, -0.1845957636833191, -0.37080511450767517, -0.2791740596294403, -0.8040945529937744, 0.5064710378646851, 0.5445866584777832, -0.1422785073518753, -0.32114654779434204, -0.21010559797286987, -2.3688762187957764, -1.7863497734069824, -0.3470662534236908, 1.5769728422164917, -0.03202956169843674, 0.008299119770526886, -0.11276817321777344, 0.14128203690052032, -0.7453593015670776, -0.7378690242767334, 0.20677778124809265, 1.0566068887710571, -0.1482391357421875, 0.4361840784549713, 0.7505764365196228, -0.998827338218689, -0.4967782497406006, -1.0930092334747314, -0.10748571902513504, -0.617541491985321, -0.2582490146160126, -0.6324695348739624, 1.4561917781829834, -0.7593704462051392, 0.865195095539093, 0.410108357667923, 0.019781723618507385, 1.2443716526031494, 0.3888143301010132, -0.5949425101280212, -1.0798271894454956, -1.325060486793518, -0.5084702968597412, 0.6428574919700623, -0.06514473259449005, -0.34263747930526733, 0.5747566223144531, 0.07487744092941284, -0.4346635937690735, -0.7121421098709106, -0.35888946056365967, -0.8473048210144043, -0.49773600697517395, -0.4664079248905182, 0.12528525292873383, -0.6137769222259521, 0.25214827060699463, -1.1146291494369507, 1.0438154935836792, -0.3963645100593567, -0.3267683684825897, -0.3417009711265564, 0.15474769473075867, -1.3876805305480957, 0.21812698245048523, -1.3494987487792969, -0.8485621213912964, 0.4819113314151764, 0.5799439549446106, -0.9664816856384277, -0.3584889769554138, 0.35216012597084045, 0.5108339190483093, 0.04564175754785538, -0.47675246000289917, 0.010876499116420746, -0.4221690893173218, 2.526676654815674, -0.24422617256641388, -1.239816665649414, 0.0998925045132637, 0.10275016725063324, -0.8562831282615662, -0.8091360926628113, -0.3304382860660553, -0.28298309445381165, 0.2920711636543274, 0.5034776926040649, -0.2007807046175003, -0.13490840792655945, -0.8671312928199768, -1.1479493379592896, -1.1580960750579834, -0.8386964797973633, -0.8271051049232483, 0.2625266909599304, 1.2613250017166138, -0.2847459614276886, -0.011653408408164978, -0.2652105689048767, -0.28914976119995117, -0.08890858292579651, -0.3279482424259186, 1.3397482633590698, -0.29456469416618347, -0.218099907040596, 0.6127222180366516, -0.3981708884239197, 0.32342493534088135, 0.8810727000236511, -1.0337440967559814, 1.247012972831726, -0.3658962845802307, 0.18137279152870178, -0.7694608569145203, 1.112023115158081, 0.5149297714233398, -0.8566559553146362, -0.7877641916275024, -0.6617140769958496, -0.22681283950805664, -0.4954719543457031, -0.4638914167881012, -1.1326764822006226, -0.6845688223838806, -0.30394798517227173, -0.7235901355743408, 0.030419494956731796, 0.9434043169021606, -1.324509620666504, 0.5305850505828857, 0.10929330438375473, 0.26429328322410583, -0.0892919972538948, 0.13755884766578674, -0.41618308424949646, 0.17320145666599274, 1.0116811990737915, -1.5737755298614502, 0.14551937580108643, 0.7519046664237976, -0.0506778210401535, 1.5129727125167847, 0.4092763066291809, 0.9468382000923157, 1.3507657051086426, 1.7133435010910034, 0.9618147611618042, -1.768621563911438, -0.27647703886032104, 0.0031789597123861313, -1.037527084350586, -0.23492003977298737, 0.7942013144493103, 0.8690165281295776, 0.898899257183075, 0.1982429325580597, 0.5450130105018616, 0.19764766097068787, -0.6998380422592163, 0.8879561424255371, -0.866679310798645, 0.7575602531433105, -1.0162999629974365, -0.8149780035018921, 1.0155357122421265, 0.5508515238761902, 0.6589149236679077, 0.79909348487854, -0.4490950405597687, -0.14978180825710297, 0.29816362261772156, 1.0854341983795166, -0.3041722774505615, -0.06791342794895172, -0.7098411321640015, -0.05271211266517639, -0.36859869956970215, -0.4528754949569702, -0.40062931180000305, -0.4500840902328491, 0.45417284965515137, -0.35755765438079834, -0.014726653695106506, -1.2507528066635132, -0.6102979183197021, 0.17110292613506317, 0.792724072933197, -0.592806339263916, -0.07593989372253418, 0.8763182163238525, 0.20063452422618866, 0.2034447342157364, 0.20615974068641663, 0.18789318203926086, 0.5726454854011536, -0.09926293790340424, -0.3560517728328705, 0.058425478637218475, -0.31635594367980957, -0.29763710498809814, -0.20779499411582947, -0.031121477484703064, -0.36682718992233276, 0.86564040184021, -1.1105583906173706, -1.3854351043701172, -0.4602811932563782, -1.7803733348846436, 0.35358792543411255, -0.003363698720932007, -0.553152322769165, 1.686439037322998, -0.6606757640838623, -0.7104216814041138, -0.43716856837272644, -0.4561833143234253, -0.43104296922683716, 1.126595377922058, -1.4457437992095947, 0.37878382205963135, -1.1176868677139282, -0.07203777134418488, -0.5873966217041016, 0.07621902227401733, -0.30838292837142944, -0.13166382908821106, -0.7030398845672607, 0.5215387344360352, -1.1939390897750854, 0.3508235812187195, 0.37789350748062134, -0.10144978761672974, -1.6143320798873901, 0.031984686851501465, -0.5264449119567871, 0.8506714105606079, -0.25665032863616943, 0.4815303385257721, 1.322035312652588, -0.3589882254600525, -0.2963254749774933, 0.5011011362075806, 0.5502164363861084, -0.7732905149459839, 0.3632127344608307, 0.7551635503768921, -0.20587697625160217, -0.4264739751815796, -1.104060411453247, -0.47569942474365234, -0.39638033509254456, 0.3332638442516327, 1.6633082628250122, 0.7228884696960449, -0.14285829663276672, 0.147068589925766, 1.467084288597107, 0.8366040587425232, -0.3677349388599396, 0.44456756114959717, -0.1548614501953125, -0.3572804629802704, 0.4478929042816162, -0.6471478939056396, 1.779226541519165, -0.06578099727630615, 0.07797418534755707, 0.3545195758342743, -0.02057744190096855, -0.9263172745704651, 0.04819662868976593, 0.6557484269142151, -0.2939828336238861, 0.5357602834701538, -0.2833980321884155, 0.4998769760131836, -0.028446711599826813, -0.22669991850852966, 0.9619990587234497, -0.3150375783443451, 1.6720749139785767, 0.3768828809261322, -0.5242855548858643, -0.11212905496358871, -0.03888007998466492, -0.21621115505695343, 0.13943175971508026, -1.4521719217300415, -0.01634586602449417, -1.2197871208190918, 0.15054719150066376, 0.34479814767837524, 0.044220246374607086, -0.07159058749675751, 0.12638869881629944, -0.6428459882736206, -1.0648903846740723, -0.4246458113193512, 1.2429221868515015, -0.37885552644729614, 0.9170675277709961, -0.7813200354576111, -1.6259489059448242, -0.33086302876472473, -0.0073327478021383286, -0.7590919137001038, 0.6532160043716431, -0.725960373878479, 0.47415444254875183, 0.1139606311917305, -0.8354674577713013, 0.17703935503959656, 0.5042442083358765, 0.6075495481491089, -0.6910949945449829, 0.22009798884391785, -0.3113934099674225, -0.6816728115081787, -2.2069413661956787, -0.452446311712265, 0.6969980001449585, -0.07437644898891449, 0.6923738718032837, 0.11063215881586075, 0.07989413291215897, 0.07459088414907455, -0.4650174081325531, 0.38966983556747437, -1.1404292583465576, 1.830000400543213, 1.0101603269577026, 0.0012362748384475708, -0.43666401505470276, -0.2831020951271057, 0.4992709755897522, 0.06139913573861122, -0.17775358259677887, 1.279747486114502, -1.609254240989685]","[0.5852903127670288, 1.5283863544464111, 2.2625911235809326, -1.2017430067062378, 2.9903669357299805, 2.082158088684082, -1.0505316257476807, -0.6094154715538025, -1.8518927097320557, 0.7635043263435364, 1.0912554264068604, -1.150803565979004, -1.0365214347839355, -2.974382162094116, -0.7719588875770569, -0.97896409034729, 0.19461853802204132, -2.7833542823791504, -0.018408624455332756, 1.351004719734192, -0.0705658569931984, 1.354191780090332, 1.9038606882095337, -2.7745749950408936, -2.9496583938598633, -1.4556156396865845, -0.4980146586894989, 3.3785111904144287, 0.42517924308776855, 0.39601391553878784, -2.2722220420837402, -0.6737611889839172, -0.16371676325798035, 0.519659161567688, 1.8053423166275024, -0.23409129679203033, -1.9283808469772339, -0.43472397327423096, -0.8158527612686157, 0.6217217445373535, -1.2306596040725708, -1.2043955326080322, -1.0940160751342773, -0.17451515793800354, 1.5341757535934448, -0.6459683775901794, -1.4949049949645996, 0.08359823375940323, -2.049894094467163, 1.5947266817092896, 2.311713695526123, -0.387395977973938, -1.665121078491211, -1.8988913297653198, 1.2692275047302246, 0.5042178630828857, -1.4065659046173096, -0.5129236578941345, 0.4945840835571289, -1.7965660095214844, -1.2204413414001465, -2.6949527263641357, 0.14579270780086517, -1.211115837097168, 0.774979829788208, 0.07004442811012268, -2.119011163711548, 0.5733968019485474, -1.7050789594650269, -2.8352649211883545, 0.7553389668464661, -0.6200243234634399, 0.19981050491333008, 0.7119832634925842, -0.4672633409500122, 0.044721927493810654, -0.017720751464366913, -2.041933298110962, -0.30906301736831665, -1.5234307050704956, 1.197340488433838, 0.5687915086746216, 1.5452650785446167, -3.3885018825531006, 2.0992753505706787, 4.273338317871094, 1.9907469749450684, 1.6552940607070923, -2.1805672645568848, 0.5753725171089172, -0.9935145378112793, 0.9568827748298645, 2.526384115219116, 2.3366494178771973, -1.181287169456482, -3.044710636138916, -0.783123254776001, 0.6498811841011047, -0.30340924859046936, -0.8979939222335815, -0.8879397511482239, -1.7624591588974, -3.783783435821533, -2.9168012142181396, 0.5652871131896973, 2.915555238723755, -1.289577841758728, 2.188941240310669, -1.5292229652404785, 0.2898622155189514, 3.7005629539489746, -1.8916884660720825, 2.4410791397094727, -3.3620707988739014, 2.624257802963257, 0.3921753168106079, -2.7092525959014893, -0.11086737364530563, 0.990310549736023, 2.845898151397705, 2.147045850753784, 2.8496253490448, 1.2864232063293457, -0.6542091965675354, -1.1567169427871704, -1.2920805215835571, 2.1939523220062256, -0.9935215711593628]","[-0.5882759690284729, 1.85799241065979, 0.8538190126419067, -0.5708537697792053, 1.0888704061508179, 0.6987343430519104, -0.9036276340484619, 0.610913872718811, 0.2259995937347412, -1.2846752405166626, 0.25568661093711853, -0.7527904510498047, 0.04711103439331055, -0.021153032779693604, -0.819421648979187, 1.6058018207550049, 1.7805695533752441, 0.275689959526062, 0.5780659317970276, 0.37579795718193054, 0.07367384433746338, -1.2863065004348755, 0.5169548392295837, 1.1739026308059692, 0.9337562918663025, 0.6770157814025879, -0.6772254109382629, 0.06325463950634003, 0.4299861788749695, 0.3434395492076874, -0.025597691535949707, 0.9664296507835388, -0.7867971658706665, 1.5149791240692139, -1.6974663734436035, -0.3411516845226288, -0.8827279806137085, 0.9566466212272644, -0.28817373514175415, -0.8843528032302856, -0.5464703440666199, -1.0994712114334106, -0.25724199414253235, 0.43745410442352295, -1.2915223836898804, -0.07688218355178833, 0.8928228616714478, 1.1231034994125366, -0.09315194189548492, 0.4693477153778076, 0.10838815569877625, 0.5242710709571838, 0.706287145614624, 0.15051111578941345, 0.24408555030822754, 0.08595284819602966, -1.2364341020584106, -0.38907796144485474, -1.0486730337142944, 0.4128205180168152, -0.25069278478622437, -0.050040096044540405, -0.8206900358200073, 0.05304764211177826, 0.7012426257133484, -1.4361947774887085, 0.06221584230661392, -1.3453160524368286, -0.18232601881027222, 0.1092793345451355, -0.7465952038764954, 2.044802665710449, 0.9476523399353027, -0.09341103583574295, 0.2664793133735657, 0.598095715045929, -0.3815482556819916, -0.46953850984573364, 0.38526415824890137, 0.6682863235473633, -0.17771919071674347, -0.2796265780925751, -1.778237223625183, 0.010335121303796768, 0.8267838954925537, 0.038580045104026794, 0.20912286639213562, 0.48521336913108826, 2.360834836959839, -0.9880293607711792, 0.528537392616272, -0.03226208686828613, 0.29811230301856995, 0.9304832220077515, 0.3123236298561096, 0.25019240379333496, 0.3610120713710785, -1.0156804323196411, -1.2507121562957764, -0.7865462899208069, 1.0285725593566895, -0.2529057264328003, 0.9235053062438965, 0.4263569712638855, -0.0282726027071476, 0.07435114681720734, -0.9219030141830444, 1.2891262769699097, -0.23373498022556305, -6.281772136688232, 1.0845853090286255, -0.06171223521232605, -0.174515038728714, -0.04010362923145294, -1.2575441598892212, 1.6924761533737183, 0.32430410385131836, -0.3607892692089081, 0.24202686548233032, 0.43187373876571655, 0.1836218684911728, -1.250840187072754, -1.5192009210586548, 0.2665874660015106, -1.3605891466140747, 0.16623112559318542, -0.7080624103546143, -0.7652601003646851, 0.2381429523229599, -0.4116387963294983, 0.5804078578948975, 0.0884634256362915, -0.661515474319458, -0.16894909739494324, 0.5394159555435181, -0.21819254755973816, 0.0579950213432312, -0.9773378968238831, 0.9377069473266602, 0.3253631889820099, -0.27042677998542786, -0.11279787123203278, -0.13926956057548523, -1.4333460330963135, 0.9382028579711914, 0.9952226281166077, -0.781477153301239, -0.4331316351890564, 0.6251193284988403, -0.15591558814048767, 0.8361089825630188, -0.22214588522911072, -0.035854458808898926, -0.7920456528663635, 8.830794334411621, 0.25986993312835693, -0.37535858154296875, 0.38427168130874634, -0.03238067775964737, 0.7650495767593384, 0.3975825011730194, 0.6081855893135071, -1.688376784324646, 1.1545977592468262, 0.20540177822113037, -1.0079013109207153, -0.04504374414682388, -0.5985092520713806, -0.3386816382408142, 0.09902216494083405, -0.6283081769943237, 0.01802431046962738, 0.24322474002838135, -0.012336045503616333, -0.7486876845359802, 0.9017794132232666, -1.295477271080017, -0.7930434942245483, -1.0700743198394775, -1.4215396642684937, 0.09149861335754395, -0.4469449818134308, 0.17114385962486267, 1.6082491874694824, -0.6548680067062378, 0.03748554363846779, 0.50515216588974, -0.163221538066864, 0.30714863538742065, 0.1491253823041916, 0.06689813733100891, 0.2616386413574219, 0.38611507415771484, 0.6585355401039124, -0.26575398445129395, -0.5091811418533325, -0.8487406969070435, -0.025019004940986633, -0.30724406242370605, -0.8891608715057373, -0.002692136913537979, 0.11335819959640503, -0.4770522713661194, -0.30951017141342163, 1.0852172374725342, -0.460104763507843, -0.7266470789909363, -0.0019939690828323364, 0.7524733543395996, -1.8391363620758057, 0.07851052284240723, -0.32421204447746277, -1.5467852354049683, 0.02754686027765274, -0.31223171949386597, -0.5127463936805725, 0.200804203748703, 0.48557841777801514, -0.25691038370132446, -0.5821912288665771, 1.3911601305007935, 0.4267706871032715, 0.20985563099384308, 0.7432147264480591, 1.3043280839920044, -0.8596603870391846, -0.1488383412361145, 0.21311132609844208, -0.12991642951965332, -1.233959436416626, 0.17764899134635925, 0.30686691403388977, 1.1936551332473755, 0.5528542399406433, 1.0330933332443237, -0.1995045244693756, 0.2160504013299942, 1.332575798034668, -0.9738979339599609, -0.026114866137504578, -0.06377770751714706, 1.5777313709259033, -0.05470757186412811, -2.0410995483398438, -0.3330177068710327, 0.7239886522293091, 0.01695975661277771, -1.2757787704467773, -0.2634071707725525, 0.7411556839942932, 1.4722120761871338, -0.47220686078071594, -0.3906298279762268, -0.5346219539642334, -1.591352105140686, -0.4370499849319458, 0.12306585907936096, -0.6486055850982666, 0.14906778931617737, 0.6814460158348083, 0.31269216537475586, -0.3824864625930786, -0.4277759790420532, -0.9870259761810303, -0.19068649411201477, -0.3112469017505646, 0.17541460692882538, 0.16357429325580597, -1.404818058013916, 0.555695652961731, -0.9092991948127747, 0.31320786476135254, 0.3074255883693695, 1.3824187517166138, -1.446234107017517, -0.8368252515792847, 0.5933884382247925, 0.43530088663101196, 0.3473513722419739, -0.049481987953186035, -0.35851216316223145, -0.4438849687576294, -0.5519545674324036, 0.9834353923797607, 0.33177387714385986, -0.13695254921913147, 0.47546082735061646, -0.4713413715362549, -0.3320610523223877, -0.5641125440597534, -0.3708115816116333, -0.6523310542106628, -0.6286201477050781, -0.191181942820549, -0.09980490803718567, -0.9811017513275146, 0.4498205780982971, -0.3110294044017792, 0.48140254616737366, -0.045439042150974274, -0.30280858278274536, -0.8214443325996399, 0.5033463835716248, 0.2103070318698883, 1.0685036182403564, -1.1837139129638672, 1.1342167854309082, -1.6255028247833252, 0.36460238695144653, -0.4956589341163635, -1.0004684925079346, -1.1216142177581787, -1.1916946172714233, 2.922232151031494, -0.15315525233745575, 0.4115369915962219, -0.35063713788986206, -0.927026629447937, 0.1846686750650406, -0.45749250054359436, -0.4966980516910553, -0.7264604568481445, 0.6403049230575562, 0.09703236818313599, 0.6467739343643188, -0.5457969903945923, -0.09943114966154099, -0.4203585386276245, 0.41017624735832214, 0.32682475447654724, 0.21159695088863373, 0.7281015515327454, -0.4429205358028412, -0.3404165208339691, 1.3106507062911987, -0.40519776940345764, -0.25110098719596863, -0.16057530045509338, 0.12715113162994385, 0.059310995042324066, -1.3469717502593994, -0.3078788220882416, -0.04121938347816467, -1.072879433631897, 0.7445650696754456, 1.135994553565979, 0.07901085913181305, -0.5641685724258423, 0.03945225477218628, 0.5559331178665161, -1.1618963479995728, -0.2965966761112213, -0.20857717096805573, -0.13063539564609528, -0.9415029287338257, 0.26555007696151733, -0.41407930850982666, 0.4382241368293762, 1.3173202276229858, -0.4031917154788971, 0.12374657392501831, 1.495044469833374, -0.27480313181877136, 0.07394212484359741, 0.9606846570968628, 0.027357429265975952, 0.2734823226928711, 0.7415934801101685, -0.7006536722183228, -1.1372648477554321, -1.1826608180999756, 0.2700273096561432, 0.5084154009819031, -0.40752696990966797, -0.2152637541294098, 0.7636662721633911, 0.4500412940979004, -0.9620629549026489, 0.13818487524986267, -0.4407942295074463, -0.3052525520324707, 0.12450757622718811, -0.1578913927078247, 0.7882305979728699, 1.5151989459991455, -1.4968096017837524, 1.3821436166763306, 0.5395155549049377, -0.23152898252010345, 0.9752543568611145, 0.5447851419448853, -0.255429208278656, -0.5016016960144043, -1.5621979236602783, -0.8398796916007996, 0.5318582653999329, -0.8044286370277405, -0.9035284519195557, -0.6442230939865112, 0.9104868769645691, -0.9591414928436279, 0.2208784520626068, -1.1981890201568604, 0.43703800439834595, 0.7173893451690674, -0.6850863695144653, -1.0941286087036133, -0.1349153071641922, 0.3095906674861908, -0.19384583830833435, 0.7631115913391113, 0.6609150171279907, -0.8738481402397156, 0.6586064100265503, 0.3479463756084442, -0.8365476727485657, 0.6236129403114319, 0.6306571364402771, 0.4475102424621582, 0.027122803032398224, -0.5866599082946777, 1.1697801351547241, -0.9277291297912598, -0.2233828902244568, 0.9877979755401611, -0.8373444080352783, -0.19954334199428558, -0.39990779757499695, 0.3158663511276245, -0.1845957636833191, -0.37080511450767517, -0.2791740596294403, -0.8040945529937744, 0.5064710378646851, 0.5445866584777832, -0.1422785073518753, -0.32114654779434204, -0.21010559797286987, -2.3688762187957764, -1.7863497734069824, -0.3470662534236908, 1.5769728422164917, -0.03202956169843674, 0.008299119770526886, -0.11276817321777344, 0.14128203690052032, -0.7453593015670776, -0.7378690242767334, 0.20677778124809265, 1.0566068887710571, -0.1482391357421875, 0.4361840784549713, 0.7505764365196228, -0.998827338218689, -0.4967782497406006, -1.0930092334747314, -0.10748571902513504, -0.617541491985321, -0.2582490146160126, -0.6324695348739624, 1.4561917781829834, -0.7593704462051392, 0.865195095539093, 0.410108357667923, 0.019781723618507385, 1.2443716526031494, 0.3888143301010132, -0.5949425101280212, -1.0798271894454956, -1.325060486793518, -0.5084702968597412, 0.6428574919700623, -0.06514473259449005, -0.34263747930526733, 0.5747566223144531, 0.07487744092941284, -0.4346635937690735, -0.7121421098709106, -0.35888946056365967, -0.8473048210144043, -0.49773600697517395, -0.4664079248905182, 0.12528525292873383, -0.6137769222259521, 0.25214827060699463, -1.1146291494369507, 1.0438154935836792, -0.3963645100593567, -0.3267683684825897, -0.3417009711265564, 0.15474769473075867, -1.3876805305480957, 0.21812698245048523, -1.3494987487792969, -0.8485621213912964, 0.4819113314151764, 0.5799439549446106, -0.9664816856384277, -0.3584889769554138, 0.35216012597084045, 0.5108339190483093, 0.04564175754785538, -0.47675246000289917, 0.010876499116420746, -0.4221690893173218, 2.526676654815674, -0.24422617256641388, -1.239816665649414, 0.0998925045132637, 0.10275016725063324, -0.8562831282615662, -0.8091360926628113, -0.3304382860660553, -0.28298309445381165, 0.2920711636543274, 0.5034776926040649, -0.2007807046175003, -0.13490840792655945, -0.8671312928199768, -1.1479493379592896, -1.1580960750579834, -0.8386964797973633, -0.8271051049232483, 0.2625266909599304, 1.2613250017166138, -0.2847459614276886, -0.011653408408164978, -0.2652105689048767, -0.28914976119995117, -0.08890858292579651, -0.3279482424259186, 1.3397482633590698, -0.29456469416618347, -0.218099907040596, 0.6127222180366516, -0.3981708884239197, 0.32342493534088135, 0.8810727000236511, -1.0337440967559814, 1.247012972831726, -0.3658962845802307, 0.18137279152870178, -0.7694608569145203, 1.112023115158081, 0.5149297714233398, -0.8566559553146362, -0.7877641916275024, -0.6617140769958496, -0.22681283950805664, -0.4954719543457031, -0.4638914167881012, -1.1326764822006226, -0.6845688223838806, -0.30394798517227173, -0.7235901355743408, 0.030419494956731796, 0.9434043169021606, -1.324509620666504, 0.5305850505828857, 0.10929330438375473, 0.26429328322410583, -0.0892919972538948, 0.13755884766578674, -0.41618308424949646, 0.17320145666599274, 1.0116811990737915, -1.5737755298614502, 0.14551937580108643, 0.7519046664237976, -0.0506778210401535, 1.5129727125167847, 0.4092763066291809, 0.9468382000923157, 1.3507657051086426, 1.7133435010910034, 0.9618147611618042, -1.768621563911438, -0.27647703886032104, 0.0031789597123861313, -1.037527084350586, -0.23492003977298737, 0.7942013144493103, 0.8690165281295776, 0.898899257183075, 0.1982429325580597, 0.5450130105018616, 0.19764766097068787, -0.6998380422592163, 0.8879561424255371, -0.866679310798645, 0.7575602531433105, -1.0162999629974365, -0.8149780035018921, 1.0155357122421265, 0.5508515238761902, 0.6589149236679077, 0.79909348487854, -0.4490950405597687, -0.14978180825710297, 0.29816362261772156, 1.0854341983795166, -0.3041722774505615, -0.06791342794895172, -0.7098411321640015, -0.05271211266517639, -0.36859869956970215, -0.4528754949569702, -0.40062931180000305, -0.4500840902328491, 0.45417284965515137, -0.35755765438079834, -0.014726653695106506, -1.2507528066635132, -0.6102979183197021, 0.17110292613506317, 0.792724072933197, -0.592806339263916, -0.07593989372253418, 0.8763182163238525, 0.20063452422618866, 0.2034447342157364, 0.20615974068641663, 0.18789318203926086, 0.5726454854011536, -0.09926293790340424, -0.3560517728328705, 0.058425478637218475, -0.31635594367980957, -0.29763710498809814, -0.20779499411582947, -0.031121477484703064, -0.36682718992233276, 0.86564040184021, -1.1105583906173706, -1.3854351043701172, -0.4602811932563782, -1.7803733348846436, 0.35358792543411255, -0.003363698720932007, -0.553152322769165, 1.686439037322998, -0.6606757640838623, -0.7104216814041138, -0.43716856837272644, -0.4561833143234253, -0.43104296922683716, 1.126595377922058, -1.4457437992095947, 0.37878382205963135, -1.1176868677139282, -0.07203777134418488, -0.5873966217041016, 0.07621902227401733, -0.30838292837142944, -0.13166382908821106, -0.7030398845672607, 0.5215387344360352, -1.1939390897750854, 0.3508235812187195, 0.37789350748062134, -0.10144978761672974, -1.6143320798873901, 0.031984686851501465, -0.5264449119567871, 0.8506714105606079, -0.25665032863616943, 0.4815303385257721, 1.322035312652588, -0.3589882254600525, -0.2963254749774933, 0.5011011362075806, 0.5502164363861084, -0.7732905149459839, 0.3632127344608307, 0.7551635503768921, -0.20587697625160217, -0.4264739751815796, -1.104060411453247, -0.47569942474365234, -0.39638033509254456, 0.3332638442516327, 1.6633082628250122, 0.7228884696960449, -0.14285829663276672, 0.147068589925766, 1.467084288597107, 0.8366040587425232, -0.3677349388599396, 0.44456756114959717, -0.1548614501953125, -0.3572804629802704, 0.4478929042816162, -0.6471478939056396, 1.779226541519165, -0.06578099727630615, 0.07797418534755707, 0.3545195758342743, -0.02057744190096855, -0.9263172745704651, 0.04819662868976593, 0.6557484269142151, -0.2939828336238861, 0.5357602834701538, -0.2833980321884155, 0.4998769760131836, -0.028446711599826813, -0.22669991850852966, 0.9619990587234497, -0.3150375783443451, 1.6720749139785767, 0.3768828809261322, -0.5242855548858643, -0.11212905496358871, -0.03888007998466492, -0.21621115505695343, 0.13943175971508026, -1.4521719217300415, -0.01634586602449417, -1.2197871208190918, 0.15054719150066376, 0.34479814767837524, 0.044220246374607086, -0.07159058749675751, 0.12638869881629944, -0.6428459882736206, -1.0648903846740723, -0.4246458113193512, 1.2429221868515015, -0.37885552644729614, 0.9170675277709961, -0.7813200354576111, -1.6259489059448242, -0.33086302876472473, -0.0073327478021383286, -0.7590919137001038, 0.6532160043716431, -0.725960373878479, 0.47415444254875183, 0.1139606311917305, -0.8354674577713013, 0.17703935503959656, 0.5042442083358765, 0.6075495481491089, -0.6910949945449829, 0.22009798884391785, -0.3113934099674225, -0.6816728115081787, -2.2069413661956787, -0.452446311712265, 0.6969980001449585, -0.07437644898891449, 0.6923738718032837, 0.11063215881586075, 0.07989413291215897, 0.07459088414907455, -0.4650174081325531, 0.38966983556747437, -1.1404292583465576, 1.830000400543213, 1.0101603269577026, 0.0012362748384475708, -0.43666401505470276, -0.2831020951271057, 0.4992709755897522, 0.06139913573861122, -0.17775358259677887, 1.279747486114502, -1.609254240989685, 0.5852903127670288, 1.5283863544464111, 2.2625911235809326, -1.2017430067062378, 2.9903669357299805, 2.082158088684082, -1.0505316257476807, -0.6094154715538025, -1.8518927097320557, 0.7635043263435364, 1.0912554264068604, -1.150803565979004, -1.0365214347839355, -2.974382162094116, -0.7719588875770569, -0.97896409034729, 0.19461853802204132, -2.7833542823791504, -0.018408624455332756, 1.351004719734192, -0.0705658569931984, 1.354191780090332, 1.9038606882095337, -2.7745749950408936, -2.9496583938598633, -1.4556156396865845, -0.4980146586894989, 3.3785111904144287, 0.42517924308776855, 0.39601391553878784, -2.2722220420837402, -0.6737611889839172, -0.16371676325798035, 0.519659161567688, 1.8053423166275024, -0.23409129679203033, -1.9283808469772339, -0.43472397327423096, -0.8158527612686157, 0.6217217445373535, -1.2306596040725708, -1.2043955326080322, -1.0940160751342773, -0.17451515793800354, 1.5341757535934448, -0.6459683775901794, -1.4949049949645996, 0.08359823375940323, -2.049894094467163, 1.5947266817092896, 2.311713695526123, -0.387395977973938, -1.665121078491211, -1.8988913297653198, 1.2692275047302246, 0.5042178630828857, -1.4065659046173096, -0.5129236578941345, 0.4945840835571289, -1.7965660095214844, -1.2204413414001465, -2.6949527263641357, 0.14579270780086517, -1.211115837097168, 0.774979829788208, 0.07004442811012268, -2.119011163711548, 0.5733968019485474, -1.7050789594650269, -2.8352649211883545, 0.7553389668464661, -0.6200243234634399, 0.19981050491333008, 0.7119832634925842, -0.4672633409500122, 0.044721927493810654, -0.017720751464366913, -2.041933298110962, -0.30906301736831665, -1.5234307050704956, 1.197340488433838, 0.5687915086746216, 1.5452650785446167, -3.3885018825531006, 2.0992753505706787, 4.273338317871094, 1.9907469749450684, 1.6552940607070923, -2.1805672645568848, 0.5753725171089172, -0.9935145378112793, 0.9568827748298645, 2.526384115219116, 2.3366494178771973, -1.181287169456482, -3.044710636138916, -0.783123254776001, 0.6498811841011047, -0.30340924859046936, -0.8979939222335815, -0.8879397511482239, -1.7624591588974, -3.783783435821533, -2.9168012142181396, 0.5652871131896973, 2.915555238723755, -1.289577841758728, 2.188941240310669, -1.5292229652404785, 0.2898622155189514, 3.7005629539489746, -1.8916884660720825, 2.4410791397094727, -3.3620707988739014, 2.624257802963257, 0.3921753168106079, -2.7092525959014893, -0.11086737364530563, 0.990310549736023, 2.845898151397705, 2.147045850753784, 2.8496253490448, 1.2864232063293457, -0.6542091965675354, -1.1567169427871704, -1.2920805215835571, 2.1939523220062256, -0.9935215711593628]"
42,5,أمر إداري,output_doc,"الجمهورية العربية السورية ب م 2

2 ّ * ا ًْ
وزارة الموارد المائية ْ

الهيئة العامة للموارد المائية

إن مدير الموارد المائية في محافظة طرطوس

بناء على أحكام المرسوم رقم /4 4/ لعام ‎1١١٠7‏

و على أحكام القانون الأساسي للعاماين في الفولة رقم / 23/ لعام 11681
وعلى المرسوم التشريعي رقم /10/ تاريخ ‎٠٠١5/4/14‏

وعلى قرار السيد وزير الزي رقم ‎/١640//‏ تاريخ ‎1١٠١/17‏

وعلى القرار رقم /04/ تاريخ ‎1١1١/11/75‏

وعلى طلب صاحبة العلاقة رقم / ‎1١١‏ 17/ تاريخ ‎٠١١٠/1/1١‏

ب""

مادة /1/ : تكلف المهندسة يارا فاروق عبد اللطيف بالعمل في المكتب الفني بدلا من العمل في مكتب

المتابعة وتقوم بكافة الاعمال.التي تكلف بها.
مادة /1/ : يبلغ هذا الخْر من يازم لتنفيذه .

قاس فاج ‎٠١١١‏

مكتب السيد المدير

المنادة المحاونين
ق اكشؤون الاداريقو القانونيةنقابة -,رقابة
تخطيط - شؤونٌ العاملين

ديوانز
حت","[0.02501198649406433, 1.7404322624206543, 0.6025393009185791, 0.18309767544269562, 0.9152244925498962, 0.6317174434661865, -0.2942887544631958, 0.16228336095809937, 0.19725149869918823, -1.1045433282852173, 0.6456736922264099, -0.25485533475875854, 0.15821945667266846, -0.014620840549468994, -0.8352245688438416, 0.7632177472114563, 1.4475911855697632, 0.6534829139709473, -0.17609357833862305, 0.7288980484008789, 0.7801320552825928, -0.05671869218349457, 0.3414930999279022, 0.5295915007591248, 0.012609180063009262, 0.5631976127624512, -1.2212960720062256, 0.23660096526145935, 0.19899801909923553, 0.4124049246311188, 0.3466495871543884, 0.400593638420105, -0.8975540399551392, 0.6623247861862183, -0.871308445930481, -0.8698622584342957, -0.524301290512085, 1.306333065032959, -1.0736215114593506, -0.6797681450843811, -0.1396501660346985, -1.4486026763916016, 0.09390914440155029, 0.3808239698410034, -0.7854371070861816, -0.254201740026474, 0.7272365093231201, 1.0304185152053833, -0.6631251573562622, 0.5869492292404175, 0.02557471953332424, 0.4237961769104004, -0.12164748460054398, -0.4076063632965088, 0.8141486644744873, -0.549471914768219, -0.7023462057113647, -0.4155212640762329, -1.3941590785980225, -0.3541976809501648, 0.3571356236934662, -0.2237526774406433, -0.5554965734481812, 0.45786601305007935, 0.993208110332489, -0.24251368641853333, 0.2141883671283722, -1.216543197631836, -0.026836227625608444, -0.07021889090538025, -0.01950685679912567, 1.537774920463562, 0.7196846008300781, 0.7751924395561218, 0.6014534831047058, -0.512104332447052, -0.9476938247680664, 0.1523662507534027, 0.37680983543395996, 0.4406989514827728, 0.39108574390411377, -0.09482541680335999, -1.3414952754974365, 0.31298497319221497, 0.7644270658493042, 0.27453821897506714, 0.5424103736877441, 0.6546608805656433, 0.8759371638298035, -0.06986838579177856, 0.4184015691280365, 0.18442511558532715, -0.6518818140029907, 0.7120296955108643, 0.4159725606441498, -0.34027355909347534, 0.4629613757133484, -1.0489553213119507, -1.3529472351074219, -0.15979453921318054, 0.690655529499054, -0.5236900448799133, 0.6911635994911194, 0.40671080350875854, 0.5721433162689209, 0.02787337824702263, -0.08398644626140594, 1.511319875717163, -0.8931480646133423, -6.7587714195251465, 0.29719823598861694, -0.05409795045852661, 0.23647047579288483, 0.6660889983177185, -0.9309610724449158, 1.1789090633392334, 0.621286928653717, -0.5313476920127869, -0.0034346580505371094, 1.1669061183929443, 0.8146815896034241, -1.0800729990005493, -1.8396879434585571, -0.30699074268341064, -0.9891119003295898, 0.2881840169429779, -0.21199217438697815, -0.8263956308364868, 0.08170165121555328, -0.5251690149307251, 0.38931718468666077, -0.40258029103279114, -0.08226948231458664, -0.8965321183204651, 0.7487144470214844, -0.922666609287262, -1.258590817451477, -0.7926550507545471, 0.5220754146575928, 0.12520992755889893, -0.28260713815689087, -0.060389742255210876, -0.25351136922836304, -1.2326706647872925, 0.8859652280807495, 1.2521536350250244, -0.15982189774513245, -0.12861591577529907, -0.47473832964897156, 0.5410778522491455, 0.846607506275177, -0.2799895703792572, -0.6193100810050964, -0.80362468957901, 8.795571327209473, -0.13988476991653442, -0.5515944361686707, 0.03589142858982086, 0.0919167548418045, 0.9567718505859375, 0.8183596730232239, 0.9938343167304993, -0.8718514442443848, 2.0999767780303955, -0.14316032826900482, -1.0427780151367188, -0.5368363857269287, -0.1173781007528305, -0.57155442237854, 0.28216198086738586, -0.6873041391372681, 0.593005359172821, 0.7041895389556885, 0.04749345779418945, -1.037917137145996, 0.7650184631347656, -1.3213469982147217, 0.2728533148765564, -0.738650918006897, -1.3117644786834717, -0.543188750743866, -0.26438137888908386, -0.2338414490222931, 1.1543810367584229, 0.1970454454421997, -0.6461235880851746, 0.34034672379493713, -0.15238742530345917, 0.37613445520401, 0.09340308606624603, 0.12584108114242554, 0.6326013803482056, 0.24075986444950104, 0.9338787794113159, -0.03258749842643738, -0.44040700793266296, -0.8778758645057678, 0.4666125178337097, -0.3071121871471405, -0.8135231137275696, 0.14864468574523926, -0.013716787099838257, -0.3825257420539856, -0.09466545283794403, 0.7042237520217896, -1.026237964630127, -1.0912836790084839, 0.2229708731174469, 0.8114277124404907, -1.7751061916351318, 0.12020188570022583, -0.76820969581604, -1.735864281654358, 0.07903844118118286, -0.9485033750534058, -0.25568732619285583, -0.35356730222702026, 0.8046074509620667, -0.2019219994544983, -0.3338559567928314, 1.968288779258728, 0.4721096158027649, 0.37609365582466125, 0.5891744494438171, 1.9304314851760864, -0.8267420530319214, -0.003387831151485443, 0.4898242950439453, 0.15850189328193665, -1.2643563747406006, -0.44998279213905334, -0.007229771465063095, 1.0213637351989746, 0.8100226521492004, 0.7336663603782654, -0.08830737322568893, -0.7849721312522888, 0.7772253751754761, -0.7680888175964355, 0.27003416419029236, -0.3753446340560913, 0.736809492111206, -0.612755537033081, -1.3273017406463623, 0.01762785017490387, 1.3890082836151123, 0.4928208589553833, -0.9797983765602112, -0.3151562213897705, 0.41320279240608215, 1.5748037099838257, -0.09818241000175476, -0.5563536286354065, -0.03602079674601555, -1.2375788688659668, -0.1566149890422821, -0.22895310819149017, -0.38820937275886536, 0.3146144449710846, 0.24171143770217896, 0.37105613946914673, 0.8225594162940979, -0.8807209730148315, -0.7556986808776855, 0.9264030456542969, -0.09313062578439713, -0.14471347630023956, -1.3269258737564087, -1.4190937280654907, 1.0521726608276367, -0.07110129296779633, 0.22598692774772644, -0.13285304605960846, 1.1331740617752075, -1.5856727361679077, -0.8381078243255615, 1.0949982404708862, -0.14590714871883392, 0.2674926221370697, 0.5481832027435303, -1.0337697267532349, -0.4098067283630371, -0.5853815674781799, 0.48879188299179077, 0.520096480846405, -0.6938686370849609, 0.4228973686695099, 0.22089093923568726, 0.03609400987625122, -1.7166310548782349, 0.23094838857650757, -0.7276273369789124, 0.5106512308120728, -0.37673258781433105, -1.0036700963974, -0.3920905292034149, 0.9621859192848206, 0.00948527455329895, 0.8725777864456177, 0.060997121036052704, -0.566699206829071, -1.2207260131835938, 0.2861452102661133, 1.3191677331924438, 1.0508960485458374, -1.0630369186401367, 0.683477520942688, -1.2258769273757935, 1.5888819694519043, -0.2682570517063141, -1.074912190437317, -0.38548189401626587, -1.1043225526809692, 2.8142073154449463, -0.005811799317598343, -0.37585994601249695, -0.8029956221580505, -0.5868415236473083, 0.5327726602554321, -0.255778968334198, 0.35077524185180664, -0.23937320709228516, 1.1300327777862549, -0.487263023853302, 1.5438520908355713, -0.9695159792900085, -0.37679576873779297, -0.2679038941860199, -0.504919171333313, -0.014029398560523987, 0.30339664220809937, 0.4322708249092102, 0.47162896394729614, -0.6434901356697083, 1.6884641647338867, 0.41078585386276245, -0.7348172068595886, 0.16726073622703552, -0.1900249570608139, 0.4098263680934906, -0.4524015188217163, -0.5013959407806396, 0.3819899260997772, -0.5787315368652344, 0.31244713068008423, 0.9477071166038513, -0.05401821434497833, -1.5786426067352295, 0.15244841575622559, 0.6664724349975586, -1.0975990295410156, -0.5205857753753662, -0.4032818078994751, 0.6884833574295044, -1.1996190547943115, 0.16125378012657166, -0.19681617617607117, 0.6267133951187134, 0.9323543310165405, -0.35101190209388733, -0.22429604828357697, 1.513017177581787, -0.8230001330375671, 0.029241472482681274, 0.3116246461868286, -0.5465431213378906, -0.1089043840765953, 0.12820138037204742, -0.18711356818675995, -1.0011928081512451, -0.8580320477485657, 0.48413699865341187, 0.07464127242565155, -0.1252930462360382, 0.01114877313375473, 0.49851351976394653, -0.022874191403388977, -0.7899692058563232, 0.21610501408576965, -1.0768941640853882, -0.2441374659538269, 0.18283671140670776, -0.4549406170845032, 0.7731611728668213, 0.9642459154129028, -0.7941320538520813, 1.4552799463272095, 0.38572344183921814, -1.1001032590866089, 0.8909935355186462, 0.08156293630599976, 0.3336588144302368, 0.03183133900165558, -1.8749279975891113, -0.547895610332489, 0.06905882060527802, -0.6511150002479553, 0.12642256915569305, -0.8446743488311768, 1.3836612701416016, -0.02796328067779541, 0.6478914022445679, -1.2243963479995728, 1.1988688707351685, 0.7697058320045471, -1.0575215816497803, -1.1162538528442383, -0.2596886157989502, 0.6811385154724121, -0.3371233344078064, 1.1897609233856201, 0.8668580651283264, -1.0791397094726562, -0.044745512306690216, 0.70801842212677, -0.8476669788360596, 0.26345381140708923, 0.6223153471946716, 0.5803835988044739, -0.06483101844787598, -0.1094585508108139, 1.4928646087646484, -0.914287805557251, -0.4511370062828064, 0.7580006122589111, -0.6095399260520935, 0.33820343017578125, -0.20115041732788086, 0.6993393898010254, -0.7696195244789124, -0.5888231992721558, -0.6955679655075073, -1.319821834564209, 0.4557751417160034, 0.2180640697479248, 0.08276084810495377, 0.23009684681892395, 0.45323267579078674, -2.6973023414611816, -1.4006739854812622, 0.6390518546104431, 1.0082848072052002, 0.052531056106090546, -0.4500565528869629, 0.13918423652648926, 0.12676556408405304, -0.4923357367515564, -0.5128337740898132, -0.32382360100746155, 1.1499121189117432, 0.046725913882255554, 0.217014342546463, 0.858658492565155, -1.2045137882232666, 0.39275211095809937, -0.9574904441833496, 0.32936298847198486, -0.649674654006958, -0.161940798163414, -0.6138063669204712, 1.3727672100067139, -1.403309941291809, 1.5379961729049683, 0.2939174473285675, 0.2644609212875366, 1.4469945430755615, 0.32619544863700867, -0.7565948963165283, -0.31275710463523865, -0.9844157099723816, 0.20101682841777802, -0.02974734455347061, -0.09864747524261475, -0.17987596988677979, 0.873270571231842, 0.25365889072418213, -0.40779799222946167, -1.3086735010147095, 0.5062800049781799, -1.3346803188323975, -0.899941623210907, -0.47698402404785156, 0.17722800374031067, -0.8144822120666504, 0.0665496438741684, -1.213799238204956, 0.22793911397457123, -0.9430069327354431, 1.1571977138519287, 1.0592124462127686, 1.0079200267791748, -0.6046961545944214, -0.5766061544418335, -0.8451788425445557, -0.7548860311508179, -0.04744488000869751, 1.423662781715393, -1.0024065971374512, -0.16226106882095337, 0.01771009899675846, 0.14533169567584991, 0.4308481514453888, -0.1901618242263794, 0.636896014213562, 0.8574439287185669, 1.9104413986206055, -0.24334882199764252, -0.6253330111503601, 0.3369513750076294, -0.7025887966156006, -0.6079217791557312, -0.6322716474533081, -0.5330435037612915, -0.16246265172958374, -0.018743116408586502, 0.2547271251678467, -0.0641171783208847, 0.1226925402879715, -0.018962949514389038, -0.5131188631057739, -1.5967280864715576, -0.9049404859542847, -0.5755064487457275, -0.48772481083869934, 0.19121228158473969, 0.4565373659133911, 0.09773316979408264, -0.7719308733940125, -0.9378153681755066, 0.028504615649580956, -0.1917036771774292, 0.22119247913360596, -0.23775967955589294, -0.06760859489440918, 0.15874004364013672, -0.25283095240592957, 0.5609540343284607, -0.2853405177593231, -0.4904865622520447, 1.5664997100830078, -0.4402012526988983, 0.6207175254821777, -1.3391854763031006, 0.16036412119865417, 0.3180849850177765, -0.4403432011604309, -1.2415671348571777, -0.2727978825569153, -0.6064903736114502, 0.42061612010002136, -0.06912995874881744, -1.4769437313079834, -0.9130638241767883, -0.9338968396186829, -0.8569481372833252, -0.21517735719680786, 0.29146239161491394, -0.9144760966300964, 0.8546762466430664, -0.7502049803733826, 0.4343986511230469, 0.5355514883995056, 0.5711464881896973, -1.0274440050125122, 0.4036078155040741, 1.2117602825164795, -1.4582549333572388, -0.0143197663128376, -0.037838369607925415, 0.14452268183231354, 0.9716603755950928, 0.4150313436985016, 0.9962120652198792, 0.6253572702407837, 1.5882971286773682, 1.220475673675537, -1.276774525642395, 0.11313311755657196, -0.04518773406744003, -1.0575172901153564, -0.273418128490448, 0.5125406384468079, -0.25879836082458496, 0.9640186429023743, -0.679929256439209, 0.06680479645729065, -0.35638874769210815, -0.3480845093727112, 0.6682182550430298, -0.8478331565856934, 0.5972484946250916, -1.5827209949493408, 0.10012015700340271, 0.916559100151062, -0.3713839650154114, 0.17408648133277893, 0.8552172183990479, -0.022177550941705704, -0.6245467066764832, 0.5319379568099976, 0.8623967170715332, -0.810947835445404, 0.0678054541349411, -0.2748456299304962, -0.10839352011680603, 0.02102530002593994, 0.4992549419403076, -0.2424856424331665, -0.21465305984020233, 0.6587627530097961, -0.3829112648963928, -0.1703077256679535, -1.574278473854065, -0.6268354654312134, -0.2991999685764313, 1.0817996263504028, -1.616092324256897, 0.056939687579870224, 1.2424904108047485, 0.11232541501522064, -0.018337488174438477, 0.5257385969161987, 0.373839408159256, 0.46815210580825806, -0.34393924474716187, -0.5895162224769592, -0.7090048789978027, 0.36616694927215576, 0.3766017556190491, -0.11642550677061081, -0.3379777669906616, -1.0769786834716797, 0.32940128445625305, -1.2433377504348755, -1.9140472412109375, 0.1824047565460205, -1.6600741147994995, 0.3429589569568634, -0.7621230483055115, -0.037625186145305634, 1.396891474723816, -0.09568289667367935, 0.14899080991744995, -0.46046334505081177, -0.7647460103034973, 0.006466493010520935, 0.9222413301467896, -0.9691019654273987, -0.3681977689266205, -0.5614769458770752, -0.2862158417701721, -0.4682075083255768, 0.12056519091129303, -0.1414715051651001, -1.1144746541976929, -0.18191510438919067, -0.7038919925689697, -0.9529348611831665, 0.6632960438728333, 0.3754635453224182, -0.3038356900215149, -1.5549602508544922, -0.4695403277873993, 0.7696844935417175, 0.2774588465690613, -0.38034892082214355, 0.1994856894016266, 0.06367871165275574, -0.5402324199676514, -1.061317801475525, 1.2276264429092407, 0.5312535762786865, -0.8679242134094238, 0.31036096811294556, 0.41267910599708557, 0.2690536081790924, -0.22830820083618164, -1.5631264448165894, -0.10446874797344208, -1.008934736251831, 0.13720954954624176, 0.6990450620651245, 0.38986384868621826, -0.22166281938552856, -0.0025149695575237274, 1.514135718345642, 1.0134685039520264, -1.0843404531478882, 0.2021923065185547, -0.5387420654296875, -0.3333123028278351, 0.059648171067237854, 0.2931734025478363, 0.47932344675064087, 0.15879014134407043, -0.6580266952514648, 0.4623569846153259, -0.14174282550811768, -1.6567645072937012, 0.054694801568984985, 1.4029635190963745, -0.573993980884552, -0.45897069573402405, -0.5051609873771667, 0.2900480329990387, -0.03767094388604164, -0.8805344104766846, 1.2438833713531494, -0.7037569284439087, 1.4061983823776245, -0.04050638526678085, -0.2228548675775528, -0.47414344549179077, -0.08833323419094086, -0.789389431476593, -0.24098695814609528, -1.9664220809936523, -0.14680565893650055, -1.1513526439666748, 0.46418100595474243, 0.31046420335769653, 0.5358191728591919, 0.21525058150291443, 0.0281330868601799, -0.276360422372818, -0.7383822798728943, 0.6630454659461975, 0.849203884601593, -0.7755244970321655, 0.06340660154819489, -0.9047229290008545, -1.5904507637023926, -0.21574261784553528, 0.126273050904274, -0.6885588765144348, 0.4240080416202545, -0.33568137884140015, 0.34672340750694275, 0.23550648987293243, 0.2500450611114502, 0.5286832451820374, -0.6075536012649536, 0.8267868161201477, 0.21810203790664673, 0.8517476916313171, -0.5112606287002563, -1.7034573554992676, -1.378256916999817, -0.3604021668434143, 1.0249271392822266, 0.2063905894756317, 0.2446959763765335, -0.19133570790290833, -0.1135413646697998, -0.8147717714309692, -0.4499407708644867, 0.06937889009714127, -0.8382736444473267, 1.7044278383255005, 1.0897058248519897, 0.19280849397182465, -0.2839287221431732, 0.26483258605003357, -0.31997424364089966, 0.28319719433784485, 1.2347822189331055, 1.5596635341644287, -1.4948846101760864]","[0.629883348941803, 1.7271300554275513, 2.6072864532470703, -1.4895648956298828, 3.248593330383301, 2.4948484897613525, -1.104431390762329, -0.8888136744499207, -1.8443174362182617, 0.6517188549041748, 1.0707343816757202, -1.2656368017196655, -0.8833206295967102, -2.811919927597046, -0.7895641922950745, -1.0636564493179321, 0.327287495136261, -2.8928985595703125, 0.09752972424030304, 1.3080285787582397, -0.17665553092956543, 1.4585546255111694, 2.0027880668640137, -3.0380139350891113, -3.3151485919952393, -1.4533066749572754, -0.7580010890960693, 3.5720443725585938, 0.43378371000289917, 0.6407623291015625, -2.5823326110839844, -0.5729435682296753, -0.4943450689315796, 0.5025174617767334, 1.865580439567566, -0.08595342934131622, -1.970786690711975, -0.5988821983337402, -0.8141618371009827, 0.5718958973884583, -1.1001458168029785, -1.211609959602356, -0.9826476573944092, -0.17282851040363312, 1.690041422843933, -0.3552849590778351, -1.6320611238479614, -0.1468454897403717, -2.138993978500366, 1.6044442653656006, 2.7611594200134277, -0.49529674649238586, -1.6006773710250854, -2.100625514984131, 1.1413863897323608, 0.4860331416130066, -1.6475774049758911, -0.5640383362770081, 0.8957541584968567, -1.9894509315490723, -1.3227778673171997, -2.9317612648010254, 0.17674438655376434, -1.3419537544250488, 1.0825008153915405, 0.24764671921730042, -2.280177593231201, 0.6170635223388672, -1.5989346504211426, -3.05985426902771, 0.8473653197288513, -0.6011976003646851, 0.11029762029647827, 0.6306750178337097, -0.640734076499939, -0.0377279557287693, -0.025506071746349335, -2.0564372539520264, -0.5116900205612183, -1.6299735307693481, 1.1808449029922485, 0.48516979813575745, 1.932159423828125, -3.517066240310669, 2.2108373641967773, 4.407127380371094, 2.043623447418213, 1.7920788526535034, -2.45967960357666, 0.7069946527481079, -1.0852131843566895, 0.8954671621322632, 2.8360724449157715, 2.4718475341796875, -1.140116810798645, -3.1839327812194824, -0.8864288926124573, 0.8576931953430176, -0.4368835389614105, -0.8460266590118408, -0.9420939087867737, -1.9822556972503662, -4.067873954772949, -3.1576898097991943, 0.47710952162742615, 3.3334898948669434, -1.4989440441131592, 2.3189680576324463, -1.7147022485733032, 0.29766130447387695, 4.037528991699219, -1.8206088542938232, 2.5617666244506836, -3.9265854358673096, 2.928509473800659, 0.38764476776123047, -2.8196215629577637, 0.04866701737046242, 1.104171872138977, 3.101769208908081, 2.504694700241089, 3.0315349102020264, 1.29521906375885, -0.7048720717430115, -1.4629688262939453, -1.359162449836731, 2.5822014808654785, -1.1935805082321167]","[0.02501198649406433, 1.7404322624206543, 0.6025393009185791, 0.18309767544269562, 0.9152244925498962, 0.6317174434661865, -0.2942887544631958, 0.16228336095809937, 0.19725149869918823, -1.1045433282852173, 0.6456736922264099, -0.25485533475875854, 0.15821945667266846, -0.014620840549468994, -0.8352245688438416, 0.7632177472114563, 1.4475911855697632, 0.6534829139709473, -0.17609357833862305, 0.7288980484008789, 0.7801320552825928, -0.05671869218349457, 0.3414930999279022, 0.5295915007591248, 0.012609180063009262, 0.5631976127624512, -1.2212960720062256, 0.23660096526145935, 0.19899801909923553, 0.4124049246311188, 0.3466495871543884, 0.400593638420105, -0.8975540399551392, 0.6623247861862183, -0.871308445930481, -0.8698622584342957, -0.524301290512085, 1.306333065032959, -1.0736215114593506, -0.6797681450843811, -0.1396501660346985, -1.4486026763916016, 0.09390914440155029, 0.3808239698410034, -0.7854371070861816, -0.254201740026474, 0.7272365093231201, 1.0304185152053833, -0.6631251573562622, 0.5869492292404175, 0.02557471953332424, 0.4237961769104004, -0.12164748460054398, -0.4076063632965088, 0.8141486644744873, -0.549471914768219, -0.7023462057113647, -0.4155212640762329, -1.3941590785980225, -0.3541976809501648, 0.3571356236934662, -0.2237526774406433, -0.5554965734481812, 0.45786601305007935, 0.993208110332489, -0.24251368641853333, 0.2141883671283722, -1.216543197631836, -0.026836227625608444, -0.07021889090538025, -0.01950685679912567, 1.537774920463562, 0.7196846008300781, 0.7751924395561218, 0.6014534831047058, -0.512104332447052, -0.9476938247680664, 0.1523662507534027, 0.37680983543395996, 0.4406989514827728, 0.39108574390411377, -0.09482541680335999, -1.3414952754974365, 0.31298497319221497, 0.7644270658493042, 0.27453821897506714, 0.5424103736877441, 0.6546608805656433, 0.8759371638298035, -0.06986838579177856, 0.4184015691280365, 0.18442511558532715, -0.6518818140029907, 0.7120296955108643, 0.4159725606441498, -0.34027355909347534, 0.4629613757133484, -1.0489553213119507, -1.3529472351074219, -0.15979453921318054, 0.690655529499054, -0.5236900448799133, 0.6911635994911194, 0.40671080350875854, 0.5721433162689209, 0.02787337824702263, -0.08398644626140594, 1.511319875717163, -0.8931480646133423, -6.7587714195251465, 0.29719823598861694, -0.05409795045852661, 0.23647047579288483, 0.6660889983177185, -0.9309610724449158, 1.1789090633392334, 0.621286928653717, -0.5313476920127869, -0.0034346580505371094, 1.1669061183929443, 0.8146815896034241, -1.0800729990005493, -1.8396879434585571, -0.30699074268341064, -0.9891119003295898, 0.2881840169429779, -0.21199217438697815, -0.8263956308364868, 0.08170165121555328, -0.5251690149307251, 0.38931718468666077, -0.40258029103279114, -0.08226948231458664, -0.8965321183204651, 0.7487144470214844, -0.922666609287262, -1.258590817451477, -0.7926550507545471, 0.5220754146575928, 0.12520992755889893, -0.28260713815689087, -0.060389742255210876, -0.25351136922836304, -1.2326706647872925, 0.8859652280807495, 1.2521536350250244, -0.15982189774513245, -0.12861591577529907, -0.47473832964897156, 0.5410778522491455, 0.846607506275177, -0.2799895703792572, -0.6193100810050964, -0.80362468957901, 8.795571327209473, -0.13988476991653442, -0.5515944361686707, 0.03589142858982086, 0.0919167548418045, 0.9567718505859375, 0.8183596730232239, 0.9938343167304993, -0.8718514442443848, 2.0999767780303955, -0.14316032826900482, -1.0427780151367188, -0.5368363857269287, -0.1173781007528305, -0.57155442237854, 0.28216198086738586, -0.6873041391372681, 0.593005359172821, 0.7041895389556885, 0.04749345779418945, -1.037917137145996, 0.7650184631347656, -1.3213469982147217, 0.2728533148765564, -0.738650918006897, -1.3117644786834717, -0.543188750743866, -0.26438137888908386, -0.2338414490222931, 1.1543810367584229, 0.1970454454421997, -0.6461235880851746, 0.34034672379493713, -0.15238742530345917, 0.37613445520401, 0.09340308606624603, 0.12584108114242554, 0.6326013803482056, 0.24075986444950104, 0.9338787794113159, -0.03258749842643738, -0.44040700793266296, -0.8778758645057678, 0.4666125178337097, -0.3071121871471405, -0.8135231137275696, 0.14864468574523926, -0.013716787099838257, -0.3825257420539856, -0.09466545283794403, 0.7042237520217896, -1.026237964630127, -1.0912836790084839, 0.2229708731174469, 0.8114277124404907, -1.7751061916351318, 0.12020188570022583, -0.76820969581604, -1.735864281654358, 0.07903844118118286, -0.9485033750534058, -0.25568732619285583, -0.35356730222702026, 0.8046074509620667, -0.2019219994544983, -0.3338559567928314, 1.968288779258728, 0.4721096158027649, 0.37609365582466125, 0.5891744494438171, 1.9304314851760864, -0.8267420530319214, -0.003387831151485443, 0.4898242950439453, 0.15850189328193665, -1.2643563747406006, -0.44998279213905334, -0.007229771465063095, 1.0213637351989746, 0.8100226521492004, 0.7336663603782654, -0.08830737322568893, -0.7849721312522888, 0.7772253751754761, -0.7680888175964355, 0.27003416419029236, -0.3753446340560913, 0.736809492111206, -0.612755537033081, -1.3273017406463623, 0.01762785017490387, 1.3890082836151123, 0.4928208589553833, -0.9797983765602112, -0.3151562213897705, 0.41320279240608215, 1.5748037099838257, -0.09818241000175476, -0.5563536286354065, -0.03602079674601555, -1.2375788688659668, -0.1566149890422821, -0.22895310819149017, -0.38820937275886536, 0.3146144449710846, 0.24171143770217896, 0.37105613946914673, 0.8225594162940979, -0.8807209730148315, -0.7556986808776855, 0.9264030456542969, -0.09313062578439713, -0.14471347630023956, -1.3269258737564087, -1.4190937280654907, 1.0521726608276367, -0.07110129296779633, 0.22598692774772644, -0.13285304605960846, 1.1331740617752075, -1.5856727361679077, -0.8381078243255615, 1.0949982404708862, -0.14590714871883392, 0.2674926221370697, 0.5481832027435303, -1.0337697267532349, -0.4098067283630371, -0.5853815674781799, 0.48879188299179077, 0.520096480846405, -0.6938686370849609, 0.4228973686695099, 0.22089093923568726, 0.03609400987625122, -1.7166310548782349, 0.23094838857650757, -0.7276273369789124, 0.5106512308120728, -0.37673258781433105, -1.0036700963974, -0.3920905292034149, 0.9621859192848206, 0.00948527455329895, 0.8725777864456177, 0.060997121036052704, -0.566699206829071, -1.2207260131835938, 0.2861452102661133, 1.3191677331924438, 1.0508960485458374, -1.0630369186401367, 0.683477520942688, -1.2258769273757935, 1.5888819694519043, -0.2682570517063141, -1.074912190437317, -0.38548189401626587, -1.1043225526809692, 2.8142073154449463, -0.005811799317598343, -0.37585994601249695, -0.8029956221580505, -0.5868415236473083, 0.5327726602554321, -0.255778968334198, 0.35077524185180664, -0.23937320709228516, 1.1300327777862549, -0.487263023853302, 1.5438520908355713, -0.9695159792900085, -0.37679576873779297, -0.2679038941860199, -0.504919171333313, -0.014029398560523987, 0.30339664220809937, 0.4322708249092102, 0.47162896394729614, -0.6434901356697083, 1.6884641647338867, 0.41078585386276245, -0.7348172068595886, 0.16726073622703552, -0.1900249570608139, 0.4098263680934906, -0.4524015188217163, -0.5013959407806396, 0.3819899260997772, -0.5787315368652344, 0.31244713068008423, 0.9477071166038513, -0.05401821434497833, -1.5786426067352295, 0.15244841575622559, 0.6664724349975586, -1.0975990295410156, -0.5205857753753662, -0.4032818078994751, 0.6884833574295044, -1.1996190547943115, 0.16125378012657166, -0.19681617617607117, 0.6267133951187134, 0.9323543310165405, -0.35101190209388733, -0.22429604828357697, 1.513017177581787, -0.8230001330375671, 0.029241472482681274, 0.3116246461868286, -0.5465431213378906, -0.1089043840765953, 0.12820138037204742, -0.18711356818675995, -1.0011928081512451, -0.8580320477485657, 0.48413699865341187, 0.07464127242565155, -0.1252930462360382, 0.01114877313375473, 0.49851351976394653, -0.022874191403388977, -0.7899692058563232, 0.21610501408576965, -1.0768941640853882, -0.2441374659538269, 0.18283671140670776, -0.4549406170845032, 0.7731611728668213, 0.9642459154129028, -0.7941320538520813, 1.4552799463272095, 0.38572344183921814, -1.1001032590866089, 0.8909935355186462, 0.08156293630599976, 0.3336588144302368, 0.03183133900165558, -1.8749279975891113, -0.547895610332489, 0.06905882060527802, -0.6511150002479553, 0.12642256915569305, -0.8446743488311768, 1.3836612701416016, -0.02796328067779541, 0.6478914022445679, -1.2243963479995728, 1.1988688707351685, 0.7697058320045471, -1.0575215816497803, -1.1162538528442383, -0.2596886157989502, 0.6811385154724121, -0.3371233344078064, 1.1897609233856201, 0.8668580651283264, -1.0791397094726562, -0.044745512306690216, 0.70801842212677, -0.8476669788360596, 0.26345381140708923, 0.6223153471946716, 0.5803835988044739, -0.06483101844787598, -0.1094585508108139, 1.4928646087646484, -0.914287805557251, -0.4511370062828064, 0.7580006122589111, -0.6095399260520935, 0.33820343017578125, -0.20115041732788086, 0.6993393898010254, -0.7696195244789124, -0.5888231992721558, -0.6955679655075073, -1.319821834564209, 0.4557751417160034, 0.2180640697479248, 0.08276084810495377, 0.23009684681892395, 0.45323267579078674, -2.6973023414611816, -1.4006739854812622, 0.6390518546104431, 1.0082848072052002, 0.052531056106090546, -0.4500565528869629, 0.13918423652648926, 0.12676556408405304, -0.4923357367515564, -0.5128337740898132, -0.32382360100746155, 1.1499121189117432, 0.046725913882255554, 0.217014342546463, 0.858658492565155, -1.2045137882232666, 0.39275211095809937, -0.9574904441833496, 0.32936298847198486, -0.649674654006958, -0.161940798163414, -0.6138063669204712, 1.3727672100067139, -1.403309941291809, 1.5379961729049683, 0.2939174473285675, 0.2644609212875366, 1.4469945430755615, 0.32619544863700867, -0.7565948963165283, -0.31275710463523865, -0.9844157099723816, 0.20101682841777802, -0.02974734455347061, -0.09864747524261475, -0.17987596988677979, 0.873270571231842, 0.25365889072418213, -0.40779799222946167, -1.3086735010147095, 0.5062800049781799, -1.3346803188323975, -0.899941623210907, -0.47698402404785156, 0.17722800374031067, -0.8144822120666504, 0.0665496438741684, -1.213799238204956, 0.22793911397457123, -0.9430069327354431, 1.1571977138519287, 1.0592124462127686, 1.0079200267791748, -0.6046961545944214, -0.5766061544418335, -0.8451788425445557, -0.7548860311508179, -0.04744488000869751, 1.423662781715393, -1.0024065971374512, -0.16226106882095337, 0.01771009899675846, 0.14533169567584991, 0.4308481514453888, -0.1901618242263794, 0.636896014213562, 0.8574439287185669, 1.9104413986206055, -0.24334882199764252, -0.6253330111503601, 0.3369513750076294, -0.7025887966156006, -0.6079217791557312, -0.6322716474533081, -0.5330435037612915, -0.16246265172958374, -0.018743116408586502, 0.2547271251678467, -0.0641171783208847, 0.1226925402879715, -0.018962949514389038, -0.5131188631057739, -1.5967280864715576, -0.9049404859542847, -0.5755064487457275, -0.48772481083869934, 0.19121228158473969, 0.4565373659133911, 0.09773316979408264, -0.7719308733940125, -0.9378153681755066, 0.028504615649580956, -0.1917036771774292, 0.22119247913360596, -0.23775967955589294, -0.06760859489440918, 0.15874004364013672, -0.25283095240592957, 0.5609540343284607, -0.2853405177593231, -0.4904865622520447, 1.5664997100830078, -0.4402012526988983, 0.6207175254821777, -1.3391854763031006, 0.16036412119865417, 0.3180849850177765, -0.4403432011604309, -1.2415671348571777, -0.2727978825569153, -0.6064903736114502, 0.42061612010002136, -0.06912995874881744, -1.4769437313079834, -0.9130638241767883, -0.9338968396186829, -0.8569481372833252, -0.21517735719680786, 0.29146239161491394, -0.9144760966300964, 0.8546762466430664, -0.7502049803733826, 0.4343986511230469, 0.5355514883995056, 0.5711464881896973, -1.0274440050125122, 0.4036078155040741, 1.2117602825164795, -1.4582549333572388, -0.0143197663128376, -0.037838369607925415, 0.14452268183231354, 0.9716603755950928, 0.4150313436985016, 0.9962120652198792, 0.6253572702407837, 1.5882971286773682, 1.220475673675537, -1.276774525642395, 0.11313311755657196, -0.04518773406744003, -1.0575172901153564, -0.273418128490448, 0.5125406384468079, -0.25879836082458496, 0.9640186429023743, -0.679929256439209, 0.06680479645729065, -0.35638874769210815, -0.3480845093727112, 0.6682182550430298, -0.8478331565856934, 0.5972484946250916, -1.5827209949493408, 0.10012015700340271, 0.916559100151062, -0.3713839650154114, 0.17408648133277893, 0.8552172183990479, -0.022177550941705704, -0.6245467066764832, 0.5319379568099976, 0.8623967170715332, -0.810947835445404, 0.0678054541349411, -0.2748456299304962, -0.10839352011680603, 0.02102530002593994, 0.4992549419403076, -0.2424856424331665, -0.21465305984020233, 0.6587627530097961, -0.3829112648963928, -0.1703077256679535, -1.574278473854065, -0.6268354654312134, -0.2991999685764313, 1.0817996263504028, -1.616092324256897, 0.056939687579870224, 1.2424904108047485, 0.11232541501522064, -0.018337488174438477, 0.5257385969161987, 0.373839408159256, 0.46815210580825806, -0.34393924474716187, -0.5895162224769592, -0.7090048789978027, 0.36616694927215576, 0.3766017556190491, -0.11642550677061081, -0.3379777669906616, -1.0769786834716797, 0.32940128445625305, -1.2433377504348755, -1.9140472412109375, 0.1824047565460205, -1.6600741147994995, 0.3429589569568634, -0.7621230483055115, -0.037625186145305634, 1.396891474723816, -0.09568289667367935, 0.14899080991744995, -0.46046334505081177, -0.7647460103034973, 0.006466493010520935, 0.9222413301467896, -0.9691019654273987, -0.3681977689266205, -0.5614769458770752, -0.2862158417701721, -0.4682075083255768, 0.12056519091129303, -0.1414715051651001, -1.1144746541976929, -0.18191510438919067, -0.7038919925689697, -0.9529348611831665, 0.6632960438728333, 0.3754635453224182, -0.3038356900215149, -1.5549602508544922, -0.4695403277873993, 0.7696844935417175, 0.2774588465690613, -0.38034892082214355, 0.1994856894016266, 0.06367871165275574, -0.5402324199676514, -1.061317801475525, 1.2276264429092407, 0.5312535762786865, -0.8679242134094238, 0.31036096811294556, 0.41267910599708557, 0.2690536081790924, -0.22830820083618164, -1.5631264448165894, -0.10446874797344208, -1.008934736251831, 0.13720954954624176, 0.6990450620651245, 0.38986384868621826, -0.22166281938552856, -0.0025149695575237274, 1.514135718345642, 1.0134685039520264, -1.0843404531478882, 0.2021923065185547, -0.5387420654296875, -0.3333123028278351, 0.059648171067237854, 0.2931734025478363, 0.47932344675064087, 0.15879014134407043, -0.6580266952514648, 0.4623569846153259, -0.14174282550811768, -1.6567645072937012, 0.054694801568984985, 1.4029635190963745, -0.573993980884552, -0.45897069573402405, -0.5051609873771667, 0.2900480329990387, -0.03767094388604164, -0.8805344104766846, 1.2438833713531494, -0.7037569284439087, 1.4061983823776245, -0.04050638526678085, -0.2228548675775528, -0.47414344549179077, -0.08833323419094086, -0.789389431476593, -0.24098695814609528, -1.9664220809936523, -0.14680565893650055, -1.1513526439666748, 0.46418100595474243, 0.31046420335769653, 0.5358191728591919, 0.21525058150291443, 0.0281330868601799, -0.276360422372818, -0.7383822798728943, 0.6630454659461975, 0.849203884601593, -0.7755244970321655, 0.06340660154819489, -0.9047229290008545, -1.5904507637023926, -0.21574261784553528, 0.126273050904274, -0.6885588765144348, 0.4240080416202545, -0.33568137884140015, 0.34672340750694275, 0.23550648987293243, 0.2500450611114502, 0.5286832451820374, -0.6075536012649536, 0.8267868161201477, 0.21810203790664673, 0.8517476916313171, -0.5112606287002563, -1.7034573554992676, -1.378256916999817, -0.3604021668434143, 1.0249271392822266, 0.2063905894756317, 0.2446959763765335, -0.19133570790290833, -0.1135413646697998, -0.8147717714309692, -0.4499407708644867, 0.06937889009714127, -0.8382736444473267, 1.7044278383255005, 1.0897058248519897, 0.19280849397182465, -0.2839287221431732, 0.26483258605003357, -0.31997424364089966, 0.28319719433784485, 1.2347822189331055, 1.5596635341644287, -1.4948846101760864, 0.629883348941803, 1.7271300554275513, 2.6072864532470703, -1.4895648956298828, 3.248593330383301, 2.4948484897613525, -1.104431390762329, -0.8888136744499207, -1.8443174362182617, 0.6517188549041748, 1.0707343816757202, -1.2656368017196655, -0.8833206295967102, -2.811919927597046, -0.7895641922950745, -1.0636564493179321, 0.327287495136261, -2.8928985595703125, 0.09752972424030304, 1.3080285787582397, -0.17665553092956543, 1.4585546255111694, 2.0027880668640137, -3.0380139350891113, -3.3151485919952393, -1.4533066749572754, -0.7580010890960693, 3.5720443725585938, 0.43378371000289917, 0.6407623291015625, -2.5823326110839844, -0.5729435682296753, -0.4943450689315796, 0.5025174617767334, 1.865580439567566, -0.08595342934131622, -1.970786690711975, -0.5988821983337402, -0.8141618371009827, 0.5718958973884583, -1.1001458168029785, -1.211609959602356, -0.9826476573944092, -0.17282851040363312, 1.690041422843933, -0.3552849590778351, -1.6320611238479614, -0.1468454897403717, -2.138993978500366, 1.6044442653656006, 2.7611594200134277, -0.49529674649238586, -1.6006773710250854, -2.100625514984131, 1.1413863897323608, 0.4860331416130066, -1.6475774049758911, -0.5640383362770081, 0.8957541584968567, -1.9894509315490723, -1.3227778673171997, -2.9317612648010254, 0.17674438655376434, -1.3419537544250488, 1.0825008153915405, 0.24764671921730042, -2.280177593231201, 0.6170635223388672, -1.5989346504211426, -3.05985426902771, 0.8473653197288513, -0.6011976003646851, 0.11029762029647827, 0.6306750178337097, -0.640734076499939, -0.0377279557287693, -0.025506071746349335, -2.0564372539520264, -0.5116900205612183, -1.6299735307693481, 1.1808449029922485, 0.48516979813575745, 1.932159423828125, -3.517066240310669, 2.2108373641967773, 4.407127380371094, 2.043623447418213, 1.7920788526535034, -2.45967960357666, 0.7069946527481079, -1.0852131843566895, 0.8954671621322632, 2.8360724449157715, 2.4718475341796875, -1.140116810798645, -3.1839327812194824, -0.8864288926124573, 0.8576931953430176, -0.4368835389614105, -0.8460266590118408, -0.9420939087867737, -1.9822556972503662, -4.067873954772949, -3.1576898097991943, 0.47710952162742615, 3.3334898948669434, -1.4989440441131592, 2.3189680576324463, -1.7147022485733032, 0.29766130447387695, 4.037528991699219, -1.8206088542938232, 2.5617666244506836, -3.9265854358673096, 2.928509473800659, 0.38764476776123047, -2.8196215629577637, 0.04866701737046242, 1.104171872138977, 3.101769208908081, 2.504694700241089, 3.0315349102020264, 1.29521906375885, -0.7048720717430115, -1.4629688262939453, -1.359162449836731, 2.5822014808654785, -1.1935805082321167]"
43,8,تكليف,output_doc,"ال ا م اتن تالجم انا

وثلا ال َّ المائية

0.

01 الوا المانية في محافظة مرطوس

أمر إذاري رقم / حك

العواده لسادية في محافظة رو
* على أحكام المرستوم التشريعي رقو 2 لقام ‎١١‏
‏على 'أحكام القانون الأساسي للعاملين في الدولة 0 ‎٠‏ لعام ‎٠٠6‏
‏وعلى المرسوم التشريعي رقم /90/ تاريخ ب""
الى القرار رقم |( 1/ تاريخ ‎6/1١٠١‏
‏وعلى القار رقم /4: ‎/٠‏ تاريخ ا
ٍ علي متطلبات العمل

ناد ال يكلف المهدس حسان علي طريفة بالعسل في قسم الموارد المائية والاستثمار-
ا ‎١‏ نان سمارت اعية انكببار شبكات. عوريت ريق بكاقة الأعمال التي كلق بها
! المدو يلخ مدا الأمر من يلزم لتنفيذ
لطي في ب /017/1؟

27 ٍ المهد يوسف حمدان

: ‏صوزة إلى‎ ٠
‏ب للد ب‎
‏الما لماز دين‎ 3
‏الإدارية والقانونية- شبكات سوريث‎
‏تخطيط - جاهزية - رقابة - إدارية وقانونية‎ -
‏نى الأزاره  الامتشتار - نقاية تاه العلاقة‎
‏ديوان - شؤون العاملين‎ -","[-0.3575079143047333, 1.7504732608795166, 0.984549880027771, -0.3226948380470276, 1.4417145252227783, 0.2890181541442871, 0.07202275097370148, 0.5878890752792358, -0.7075339555740356, -1.1354117393493652, -0.19466543197631836, -0.42595964670181274, 0.07852792739868164, 0.44008708000183105, -0.17002058029174805, 0.7156170010566711, 0.9418627619743347, 0.8186949491500854, 0.15781399607658386, 0.4783739745616913, 0.34629151225090027, -0.8170211315155029, 0.027562452480196953, 0.7116490602493286, -0.1737981140613556, 0.1639721542596817, -0.8096417188644409, 0.1494268774986267, 0.7350874543190002, 0.3698504865169525, 0.35146164894104004, 0.9949997067451477, -0.7212498188018799, 0.7352216243743896, -0.6384218335151672, -0.5335666537284851, -0.7515117526054382, 1.1854177713394165, -0.9935444593429565, -0.49721717834472656, -0.25283628702163696, -1.3118070363998413, -0.7627414464950562, -0.14509040117263794, -0.8280766010284424, -0.004398718476295471, 1.139177918434143, 1.209060549736023, -0.15125319361686707, 1.2648802995681763, -0.14528295397758484, 0.04955630004405975, 0.002944953739643097, -0.5891119241714478, 0.19161278009414673, 0.2957477271556854, -0.31087177991867065, 0.13163161277770996, -1.2087821960449219, -0.9261890649795532, -0.8059096336364746, -0.484716534614563, -0.42183032631874084, 0.021366886794567108, 0.5549284219741821, -0.26515641808509827, 0.34567371010780334, -1.391629695892334, 0.2789313793182373, -0.07261091470718384, 0.48078835010528564, 1.2570438385009766, 0.3364787697792053, 0.6106541752815247, 0.7421668767929077, -0.8588034510612488, -0.6915975213050842, 0.10811571776866913, 0.3839501738548279, 0.37636590003967285, 0.40839850902557373, -0.5422649383544922, -1.8566482067108154, -0.16434061527252197, 0.7072991132736206, -0.35779356956481934, 0.34044238924980164, 0.6545397043228149, 0.5513869524002075, -0.176619291305542, 0.359401136636734, 0.3879134953022003, -0.5671156644821167, 1.1845659017562866, -0.721553385257721, -0.26409992575645447, -0.18767885863780975, -0.8182660341262817, -0.7314544916152954, -0.45395031571388245, 0.5289310216903687, -0.5127398371696472, 0.5359212756156921, 0.7087753415107727, 0.34803342819213867, 0.6209778189659119, 0.08103287220001221, 1.1026501655578613, -0.0657336562871933, -6.83225154876709, 0.14904753863811493, -0.11071047186851501, 0.14086924493312836, 0.23927828669548035, -0.26592907309532166, 0.617141604423523, 0.5525032877922058, -1.3642445802688599, -0.013040825724601746, 0.4602321982383728, 0.5189869403839111, -1.141565203666687, -1.804764986038208, 0.4581964313983917, -1.665670394897461, 0.9736810922622681, 0.21826866269111633, -0.34721511602401733, -0.08494211733341217, -8.589029312133789e-05, 0.7773952484130859, -0.8819456100463867, 0.3185286521911621, -0.48445919156074524, 1.0965471267700195, -0.36477333307266235, 0.2272021621465683, -0.9747411012649536, 0.8601868152618408, 0.8665603399276733, 0.19899846613407135, 0.43304258584976196, -0.24490094184875488, -1.1200037002563477, 0.9342375993728638, 0.6722548007965088, -0.007473599165678024, -0.385972797870636, -0.21550408005714417, 0.42991364002227783, 0.08806872367858887, -0.5215120315551758, -0.0635039359331131, -0.46531033515930176, 11.280043601989746, 0.3120063841342926, -0.3584832549095154, -0.03206443786621094, -0.5658072829246521, 0.9544907808303833, 0.993506908416748, 0.789544403553009, -0.8219414353370667, 1.1250603199005127, -0.5334182977676392, -1.024206280708313, -0.8380742073059082, -1.2561848163604736, -0.6487588286399841, -0.0595836415886879, -0.34866586327552795, 0.6138772368431091, 1.025000810623169, -0.07709826529026031, -0.3749190866947174, 1.4608840942382812, -1.7636412382125854, 0.011235684156417847, -0.8870401382446289, -1.3400133848190308, -0.9646586179733276, -0.5410406589508057, -0.12835693359375, 1.1281579732894897, -0.4578336477279663, -0.4987550675868988, 0.718263566493988, 0.6503695249557495, 1.203258991241455, 0.20117639005184174, 0.6994227766990662, 0.6212056875228882, 0.4124511480331421, 0.8257684111595154, -0.05914054065942764, -0.6060141324996948, -0.4619397819042206, 0.4722546935081482, -0.12155957520008087, -0.07249447703361511, 0.2875467836856842, -0.818816602230072, -0.10360392928123474, -0.028743132948875427, 0.5814244747161865, -0.068355992436409, -0.9342024922370911, 0.1891198456287384, -0.4419662654399872, -1.2681996822357178, -0.3778100609779358, -0.5952314138412476, -1.2374387979507446, 0.5747073888778687, -0.32089900970458984, 0.3184192478656769, -0.11290469765663147, 0.0354708693921566, -0.5462979674339294, -0.815933883190155, 0.9799567461013794, 0.6058758497238159, 0.6168673038482666, 0.3881828784942627, 1.5246495008468628, -0.5153967142105103, -0.45516297221183777, 0.01778481900691986, -0.42394140362739563, -1.1417793035507202, 0.8735698461532593, -0.11364671587944031, 0.9447659850120544, 0.6681039929389954, 1.0169435739517212, -0.14012792706489563, -0.8570016026496887, 0.8785958290100098, -0.4193824827671051, 0.17286919057369232, 0.2944270968437195, 0.8530511856079102, -0.8949415683746338, -1.1414039134979248, -0.2607935667037964, 0.785868763923645, 0.03847040235996246, -0.8749302625656128, -0.23035399615764618, 0.1290566772222519, 1.7827645540237427, -0.40513181686401367, -0.6327828168869019, -0.5672329664230347, -0.9544990658760071, 0.368604838848114, -0.2250133901834488, 0.14970512688159943, 0.4670167863368988, 0.2616962194442749, 0.051334526389837265, 0.9792400002479553, -0.42438334226608276, -0.08407041430473328, -0.089415043592453, -0.39038902521133423, 0.22915296256542206, -0.22309300303459167, -1.228926658630371, 0.48507779836654663, -0.6563947796821594, 0.4618651866912842, 0.4670257270336151, 1.1528416872024536, -1.6571369171142578, -0.6856976747512817, 0.1901487559080124, 0.19841641187667847, 0.23456625640392303, 0.39227908849716187, -0.4560145139694214, -0.6919225454330444, -0.17939382791519165, 0.4309297800064087, 0.41641101241111755, -0.5089741945266724, 0.6348012685775757, -0.058942824602127075, -0.3315073847770691, -1.2434688806533813, -0.31939801573753357, 0.3109380006790161, 0.30720120668411255, -0.7349461913108826, -1.2144275903701782, -0.20487064123153687, 1.3548506498336792, -0.44290801882743835, 0.1415918916463852, -0.22359158098697662, -0.5311751365661621, -1.4651210308074951, 0.6612855792045593, 1.7325941324234009, 0.6468291282653809, -0.7234592437744141, 0.42328402400016785, -1.5405577421188354, 0.055683352053165436, -0.8446668982505798, -0.724238395690918, -0.46430426836013794, -0.8231953978538513, 3.6329987049102783, -0.6306964755058289, 0.19672393798828125, -0.8890369534492493, 0.19543896615505219, 1.1436984539031982, -0.16319255530834198, 0.26061657071113586, -0.006663359235972166, 0.9789557456970215, 0.11546880006790161, 0.3845802843570709, -1.7151530981063843, 0.3004304766654968, -0.16529422998428345, 0.33200496435165405, -0.17539361119270325, 0.9414169192314148, 0.7233808040618896, 0.063850536942482, -0.7821803689002991, 0.6000816822052002, 0.006737791001796722, 0.12960317730903625, 0.4280646741390228, -0.20673443377017975, 0.2317095249891281, -1.4087493419647217, -0.9501221179962158, 0.6129372119903564, -0.551567792892456, 0.38828927278518677, 0.4662674367427826, 0.17101304233074188, -1.1599788665771484, 0.036533012986183167, -0.05980326235294342, -1.2890994548797607, -0.9777206182479858, 0.28398117423057556, 0.05498164892196655, -1.4721554517745972, 0.038289956748485565, -0.2108580768108368, 0.9757527112960815, 0.8357520699501038, -0.6452257037162781, -0.7834881544113159, 1.1936007738113403, -0.8442832231521606, -0.09762990474700928, 0.830280601978302, -0.3558216691017151, 0.012811079621315002, 0.3765881657600403, -0.6703510284423828, -1.2673330307006836, -1.0954692363739014, 0.6187615394592285, -0.09033824503421783, 0.11695857346057892, 0.08631033450365067, 1.0291930437088013, 0.3051370084285736, -1.5191744565963745, -0.2285798192024231, -0.5458574891090393, -0.08452926576137543, 0.5751330852508545, -0.34317705035209656, 0.8556886315345764, 1.1115734577178955, -1.7630105018615723, 1.2070730924606323, -0.10195828974246979, -1.0885831117630005, 0.20260825753211975, -0.04046817123889923, -0.6253095865249634, -0.1262437403202057, -0.9674525856971741, -1.2190994024276733, 0.3779614269733429, -0.9829038381576538, -0.5776609182357788, -0.3581711947917938, 0.42728421092033386, -0.2250174731016159, 0.7637677192687988, -1.4671820402145386, 0.3065468668937683, 0.60367751121521, -0.8069124817848206, -0.7791774272918701, 0.4839220643043518, 0.9171485900878906, -0.27220988273620605, 1.452575445175171, 0.5243715643882751, -0.2883426547050476, -0.8295616507530212, 0.8749632835388184, -0.17362266778945923, -0.35012754797935486, 0.6268427968025208, 0.5709332823753357, 0.4552806317806244, -0.17883515357971191, 1.233710765838623, -0.9092133045196533, -0.5195331573486328, 1.176189661026001, -0.15896232426166534, -0.25289857387542725, -0.2058596909046173, 1.0115807056427002, -1.0633522272109985, -0.9710498452186584, -0.583852231502533, -0.9487053155899048, -0.12601637840270996, 0.26052093505859375, 0.11160770058631897, 0.06896975636482239, 0.3949418067932129, -1.5124447345733643, -0.9679090976715088, 0.10300048440694809, 0.6978508234024048, 0.028872095048427582, -0.6997462511062622, 0.19744648039340973, 0.36659395694732666, -0.4571645259857178, -0.7756478786468506, 0.02314518392086029, 0.6339851021766663, 0.024835899472236633, 0.5332897305488586, 0.3745100498199463, -0.5829365253448486, -0.18068787455558777, -1.2778593301773071, 0.32071438431739807, -0.7158107757568359, 0.3302271366119385, 0.2976635694503784, 1.054103136062622, -1.497588872909546, 1.1306202411651611, 1.3852133750915527, 0.4807945489883423, 0.634082555770874, 1.1068459749221802, -0.2587253451347351, -0.7190749049186707, -0.6972910761833191, -0.1147996261715889, 0.3975730836391449, 0.29265350103378296, -0.35335344076156616, 0.6825578212738037, 0.5436369180679321, -0.12021414190530777, -1.4531948566436768, 0.10424450039863586, -1.0142834186553955, -0.3017815947532654, -1.1398322582244873, -0.05139736458659172, -0.4065285325050354, 0.206776961684227, -1.0401034355163574, -0.13263237476348877, -0.3228452205657959, 0.45888856053352356, 0.7584788203239441, 0.39415156841278076, -0.8015576601028442, -0.6295052766799927, -0.9308484792709351, -1.1304632425308228, 0.5849452018737793, 0.7568544745445251, -0.49977198243141174, -0.2444894015789032, 0.09625251591205597, 0.26155731081962585, 1.012521505355835, 0.04716738313436508, -0.46998512744903564, -0.06457735598087311, 1.6651071310043335, -0.487812876701355, -1.3192163705825806, 0.32588744163513184, -0.6933560967445374, -1.0430809259414673, -0.6752666234970093, 0.5416755676269531, 0.16820001602172852, 0.043748922646045685, -0.044705335050821304, -0.12461991608142853, 0.19570891559123993, -0.8409601449966431, -0.3730868101119995, -0.9908525943756104, -0.8612972497940063, -0.6745765805244446, 0.1882382035255432, 1.5483982563018799, 0.44607415795326233, -0.33394911885261536, -0.47761115431785583, -0.1695188581943512, 0.5800630450248718, -0.01713550090789795, 0.14463841915130615, -0.3274550139904022, -0.015871599316596985, 0.6615096926689148, 0.032713353633880615, 0.6783945560455322, 0.15820248425006866, -0.5014095306396484, 1.9933141469955444, 0.3743964731693268, 0.7301645874977112, -0.5643629431724548, -0.20207884907722473, -0.5597265958786011, -0.7053869366645813, -0.7753137946128845, -0.4991927146911621, -0.6454107165336609, -0.36137861013412476, 0.059047095477581024, -1.2507809400558472, -1.205759048461914, -0.3512828052043915, -0.609428346157074, -0.33651936054229736, 0.37296152114868164, -1.1040486097335815, 0.41543471813201904, 0.4084055423736572, 0.38883325457572937, 0.09047289192676544, 0.9311552047729492, -0.8315367698669434, 0.34633782505989075, 0.9412509202957153, -1.8182289600372314, -0.4614698886871338, 0.14059343934059143, 0.6652634739875793, 0.7155717015266418, 0.5061867237091064, 0.30975377559661865, 0.876289963722229, 1.5455130338668823, 1.3827381134033203, -0.896844208240509, -0.23107276856899261, 0.04653536528348923, -1.0571465492248535, -0.7065075635910034, 0.8391667604446411, -0.23398379981517792, 0.6113845705986023, -0.4167505204677582, 0.31388577818870544, -0.011496178805828094, -0.7141600251197815, 0.28478875756263733, -1.572317361831665, 0.25863882899284363, -2.297545909881592, -0.1080610603094101, 1.2624489068984985, -0.19517268240451813, 0.4770486354827881, 0.8164519667625427, 0.21551065146923065, 0.10398334264755249, 0.330681174993515, 1.514635443687439, -0.732868492603302, 0.023640889674425125, -1.347243070602417, -0.22194959223270416, -0.4310647249221802, -0.39165645837783813, -0.2015182375907898, -0.5777880549430847, 0.6188541054725647, 0.577887237071991, -0.1346617043018341, -1.2975811958312988, -0.15203332901000977, 0.09202136099338531, 0.5574319362640381, -1.313178300857544, -0.11594969034194946, 0.8425765037536621, 0.38775497674942017, -0.14562252163887024, 0.25984838604927063, 0.6008626818656921, 0.8203911185264587, 0.08512329310178757, -0.4822978973388672, -0.63692307472229, 0.6733891367912292, 0.09689337015151978, -0.38559749722480774, -0.5973820090293884, -1.0084961652755737, -0.4902105927467346, -0.3164704144001007, -0.7168159484863281, -0.3180992305278778, -2.35781192779541, 0.3694961965084076, -0.5210188627243042, 0.009016931056976318, 0.8949983716011047, 0.3487156927585602, -0.6677101850509644, -0.12712794542312622, -0.9473205804824829, -0.06010710448026657, 1.2448335886001587, -0.8631646633148193, -0.14012354612350464, -0.7342153787612915, 0.6154561042785645, -0.6948803663253784, -0.1750003695487976, -0.14220139384269714, -0.24893735349178314, 0.4216148853302002, -0.18671441078186035, -1.4857522249221802, 0.41497328877449036, 0.4472154378890991, -0.2786538302898407, -1.4794617891311646, -0.9411851167678833, 0.9887223243713379, 0.5061735510826111, -0.2982442378997803, 0.036192506551742554, 0.8478269577026367, -0.46745896339416504, -1.0689785480499268, 1.4302297830581665, 0.8124281167984009, -0.22992564737796783, 0.41120749711990356, 0.7371396422386169, 0.40114742517471313, -0.6162710189819336, -1.8037092685699463, -0.6614771485328674, -0.6838242411613464, 0.26833727955818176, 0.7208496928215027, 0.49832916259765625, 0.28059494495391846, -0.689537763595581, 1.3582302331924438, 0.6440299153327942, -0.35251128673553467, 0.5481610298156738, 0.38555580377578735, -0.09120584279298782, 0.1502453237771988, -0.6320706605911255, 1.5260690450668335, -0.09944698214530945, -0.0960465669631958, -0.07197172939777374, -0.06428463757038116, -0.1563747227191925, 0.24669626355171204, 1.6204988956451416, -0.18175917863845825, -0.6170158386230469, 0.010094817727804184, 0.3571792244911194, -0.4835824966430664, -0.8474116325378418, 0.3156414031982422, -0.32445821166038513, 0.8356943130493164, -0.16616155207157135, -0.06160150095820427, 0.1424132138490677, -0.4919430911540985, -0.7490797638893127, 0.03274749964475632, -1.5639159679412842, -0.4812074601650238, -0.73341965675354, 0.20737704634666443, -0.19659128785133362, 0.5969023704528809, -0.8246010541915894, -0.6724878549575806, -0.6720524430274963, -1.474690556526184, 0.41465821862220764, -0.07620862871408463, -0.8156954646110535, 0.19156882166862488, -1.1851027011871338, -1.7057756185531616, -0.14182674884796143, 0.2500763237476349, -0.7984421253204346, 0.8597745895385742, -0.6877870559692383, 0.47676342725753784, 0.981640636920929, 0.27817657589912415, 0.872279167175293, 0.46754398941993713, 0.36620572209358215, -0.2091098129749298, 0.5275700092315674, -0.9930975437164307, -1.3631670475006104, -1.3976898193359375, 0.023183446377515793, 0.05930379033088684, -1.3771952390670776, -0.037963226437568665, -0.3190326392650604, 0.28145360946655273, -0.9310551285743713, 0.0861937552690506, -0.2389042228460312, -1.0773358345031738, 1.632378339767456, 0.80575031042099, -0.04157707840204239, -0.33360326290130615, 0.49798744916915894, 0.8798732161521912, -0.5431251525878906, 0.08320815861225128, 1.4326190948486328, -1.2830860614776611]","[0.6376248002052307, 1.711884617805481, 2.5346951484680176, -1.7463823556900024, 3.2576725482940674, 2.472259759902954, -1.1172771453857422, -0.7791463732719421, -1.2603275775909424, 0.5573016405105591, 0.615993082523346, -0.9696150422096252, -0.7677781581878662, -2.3430135250091553, -0.6734246015548706, -0.8340257406234741, 0.38249486684799194, -2.835285186767578, 0.10297519713640213, 1.1092755794525146, -0.2542411684989929, 1.4293084144592285, 1.4299066066741943, -2.639977216720581, -2.862058162689209, -1.191087007522583, -1.1825233697891235, 3.1932597160339355, 0.306863397359848, 1.0058050155639648, -2.548774480819702, -0.3446292579174042, -0.6084980368614197, 0.4503630995750427, 1.4960166215896606, 0.2894948720932007, -1.7356594800949097, -0.6065651178359985, -0.7996461987495422, 0.622868537902832, -0.6923985481262207, -1.0308802127838135, -0.9474380612373352, -0.14141304790973663, 1.5948961973190308, -0.02618034929037094, -1.6604987382888794, -0.05410157889127731, -2.10927414894104, 1.430647850036621, 2.6086549758911133, -0.5342670679092407, -1.4192206859588623, -1.8765285015106201, 0.8376597166061401, 0.23512959480285645, -1.685288429260254, -0.2797480821609497, 0.8922731280326843, -1.6566312313079834, -1.1757936477661133, -2.657101631164551, 0.2516454756259918, -1.0607951879501343, 1.1740247011184692, 0.5088926553726196, -2.127443790435791, 0.5599061250686646, -1.3972066640853882, -2.8971188068389893, 0.6614466309547424, -0.6190786957740784, -0.001542452722787857, 0.41694068908691406, -0.7120509743690491, 0.07964009046554565, 0.09456352144479752, -1.7862396240234375, -0.7235220670700073, -1.768084168434143, 1.2694157361984253, 0.4504948556423187, 1.963306188583374, -3.2566442489624023, 1.9576398134231567, 3.872420072555542, 1.918898105621338, 1.5434213876724243, -2.485412836074829, 0.7651553153991699, -1.060845136642456, 0.5375601649284363, 2.7570619583129883, 2.492647647857666, -0.9530530571937561, -2.9453697204589844, -0.8916863203048706, 0.7232949733734131, -0.12582029402256012, -0.7440240979194641, -0.8242459893226624, -2.022128105163574, -3.9491701126098633, -2.795966386795044, 0.3082219958305359, 3.2155373096466064, -1.5661872625350952, 2.139875888824463, -1.52260422706604, 0.10013585537672043, 3.829528331756592, -1.5191831588745117, 2.5587925910949707, -3.5965993404388428, 2.7437846660614014, 0.2828671932220459, -2.8965396881103516, 0.07720420509576797, 1.0141085386276245, 2.93762469291687, 2.431147813796997, 2.9825594425201416, 1.3126214742660522, -0.6055940985679626, -1.4591656923294067, -0.9361631274223328, 2.383524179458618, -1.0562232732772827]","[-0.3575079143047333, 1.7504732608795166, 0.984549880027771, -0.3226948380470276, 1.4417145252227783, 0.2890181541442871, 0.07202275097370148, 0.5878890752792358, -0.7075339555740356, -1.1354117393493652, -0.19466543197631836, -0.42595964670181274, 0.07852792739868164, 0.44008708000183105, -0.17002058029174805, 0.7156170010566711, 0.9418627619743347, 0.8186949491500854, 0.15781399607658386, 0.4783739745616913, 0.34629151225090027, -0.8170211315155029, 0.027562452480196953, 0.7116490602493286, -0.1737981140613556, 0.1639721542596817, -0.8096417188644409, 0.1494268774986267, 0.7350874543190002, 0.3698504865169525, 0.35146164894104004, 0.9949997067451477, -0.7212498188018799, 0.7352216243743896, -0.6384218335151672, -0.5335666537284851, -0.7515117526054382, 1.1854177713394165, -0.9935444593429565, -0.49721717834472656, -0.25283628702163696, -1.3118070363998413, -0.7627414464950562, -0.14509040117263794, -0.8280766010284424, -0.004398718476295471, 1.139177918434143, 1.209060549736023, -0.15125319361686707, 1.2648802995681763, -0.14528295397758484, 0.04955630004405975, 0.002944953739643097, -0.5891119241714478, 0.19161278009414673, 0.2957477271556854, -0.31087177991867065, 0.13163161277770996, -1.2087821960449219, -0.9261890649795532, -0.8059096336364746, -0.484716534614563, -0.42183032631874084, 0.021366886794567108, 0.5549284219741821, -0.26515641808509827, 0.34567371010780334, -1.391629695892334, 0.2789313793182373, -0.07261091470718384, 0.48078835010528564, 1.2570438385009766, 0.3364787697792053, 0.6106541752815247, 0.7421668767929077, -0.8588034510612488, -0.6915975213050842, 0.10811571776866913, 0.3839501738548279, 0.37636590003967285, 0.40839850902557373, -0.5422649383544922, -1.8566482067108154, -0.16434061527252197, 0.7072991132736206, -0.35779356956481934, 0.34044238924980164, 0.6545397043228149, 0.5513869524002075, -0.176619291305542, 0.359401136636734, 0.3879134953022003, -0.5671156644821167, 1.1845659017562866, -0.721553385257721, -0.26409992575645447, -0.18767885863780975, -0.8182660341262817, -0.7314544916152954, -0.45395031571388245, 0.5289310216903687, -0.5127398371696472, 0.5359212756156921, 0.7087753415107727, 0.34803342819213867, 0.6209778189659119, 0.08103287220001221, 1.1026501655578613, -0.0657336562871933, -6.83225154876709, 0.14904753863811493, -0.11071047186851501, 0.14086924493312836, 0.23927828669548035, -0.26592907309532166, 0.617141604423523, 0.5525032877922058, -1.3642445802688599, -0.013040825724601746, 0.4602321982383728, 0.5189869403839111, -1.141565203666687, -1.804764986038208, 0.4581964313983917, -1.665670394897461, 0.9736810922622681, 0.21826866269111633, -0.34721511602401733, -0.08494211733341217, -8.589029312133789e-05, 0.7773952484130859, -0.8819456100463867, 0.3185286521911621, -0.48445919156074524, 1.0965471267700195, -0.36477333307266235, 0.2272021621465683, -0.9747411012649536, 0.8601868152618408, 0.8665603399276733, 0.19899846613407135, 0.43304258584976196, -0.24490094184875488, -1.1200037002563477, 0.9342375993728638, 0.6722548007965088, -0.007473599165678024, -0.385972797870636, -0.21550408005714417, 0.42991364002227783, 0.08806872367858887, -0.5215120315551758, -0.0635039359331131, -0.46531033515930176, 11.280043601989746, 0.3120063841342926, -0.3584832549095154, -0.03206443786621094, -0.5658072829246521, 0.9544907808303833, 0.993506908416748, 0.789544403553009, -0.8219414353370667, 1.1250603199005127, -0.5334182977676392, -1.024206280708313, -0.8380742073059082, -1.2561848163604736, -0.6487588286399841, -0.0595836415886879, -0.34866586327552795, 0.6138772368431091, 1.025000810623169, -0.07709826529026031, -0.3749190866947174, 1.4608840942382812, -1.7636412382125854, 0.011235684156417847, -0.8870401382446289, -1.3400133848190308, -0.9646586179733276, -0.5410406589508057, -0.12835693359375, 1.1281579732894897, -0.4578336477279663, -0.4987550675868988, 0.718263566493988, 0.6503695249557495, 1.203258991241455, 0.20117639005184174, 0.6994227766990662, 0.6212056875228882, 0.4124511480331421, 0.8257684111595154, -0.05914054065942764, -0.6060141324996948, -0.4619397819042206, 0.4722546935081482, -0.12155957520008087, -0.07249447703361511, 0.2875467836856842, -0.818816602230072, -0.10360392928123474, -0.028743132948875427, 0.5814244747161865, -0.068355992436409, -0.9342024922370911, 0.1891198456287384, -0.4419662654399872, -1.2681996822357178, -0.3778100609779358, -0.5952314138412476, -1.2374387979507446, 0.5747073888778687, -0.32089900970458984, 0.3184192478656769, -0.11290469765663147, 0.0354708693921566, -0.5462979674339294, -0.815933883190155, 0.9799567461013794, 0.6058758497238159, 0.6168673038482666, 0.3881828784942627, 1.5246495008468628, -0.5153967142105103, -0.45516297221183777, 0.01778481900691986, -0.42394140362739563, -1.1417793035507202, 0.8735698461532593, -0.11364671587944031, 0.9447659850120544, 0.6681039929389954, 1.0169435739517212, -0.14012792706489563, -0.8570016026496887, 0.8785958290100098, -0.4193824827671051, 0.17286919057369232, 0.2944270968437195, 0.8530511856079102, -0.8949415683746338, -1.1414039134979248, -0.2607935667037964, 0.785868763923645, 0.03847040235996246, -0.8749302625656128, -0.23035399615764618, 0.1290566772222519, 1.7827645540237427, -0.40513181686401367, -0.6327828168869019, -0.5672329664230347, -0.9544990658760071, 0.368604838848114, -0.2250133901834488, 0.14970512688159943, 0.4670167863368988, 0.2616962194442749, 0.051334526389837265, 0.9792400002479553, -0.42438334226608276, -0.08407041430473328, -0.089415043592453, -0.39038902521133423, 0.22915296256542206, -0.22309300303459167, -1.228926658630371, 0.48507779836654663, -0.6563947796821594, 0.4618651866912842, 0.4670257270336151, 1.1528416872024536, -1.6571369171142578, -0.6856976747512817, 0.1901487559080124, 0.19841641187667847, 0.23456625640392303, 0.39227908849716187, -0.4560145139694214, -0.6919225454330444, -0.17939382791519165, 0.4309297800064087, 0.41641101241111755, -0.5089741945266724, 0.6348012685775757, -0.058942824602127075, -0.3315073847770691, -1.2434688806533813, -0.31939801573753357, 0.3109380006790161, 0.30720120668411255, -0.7349461913108826, -1.2144275903701782, -0.20487064123153687, 1.3548506498336792, -0.44290801882743835, 0.1415918916463852, -0.22359158098697662, -0.5311751365661621, -1.4651210308074951, 0.6612855792045593, 1.7325941324234009, 0.6468291282653809, -0.7234592437744141, 0.42328402400016785, -1.5405577421188354, 0.055683352053165436, -0.8446668982505798, -0.724238395690918, -0.46430426836013794, -0.8231953978538513, 3.6329987049102783, -0.6306964755058289, 0.19672393798828125, -0.8890369534492493, 0.19543896615505219, 1.1436984539031982, -0.16319255530834198, 0.26061657071113586, -0.006663359235972166, 0.9789557456970215, 0.11546880006790161, 0.3845802843570709, -1.7151530981063843, 0.3004304766654968, -0.16529422998428345, 0.33200496435165405, -0.17539361119270325, 0.9414169192314148, 0.7233808040618896, 0.063850536942482, -0.7821803689002991, 0.6000816822052002, 0.006737791001796722, 0.12960317730903625, 0.4280646741390228, -0.20673443377017975, 0.2317095249891281, -1.4087493419647217, -0.9501221179962158, 0.6129372119903564, -0.551567792892456, 0.38828927278518677, 0.4662674367427826, 0.17101304233074188, -1.1599788665771484, 0.036533012986183167, -0.05980326235294342, -1.2890994548797607, -0.9777206182479858, 0.28398117423057556, 0.05498164892196655, -1.4721554517745972, 0.038289956748485565, -0.2108580768108368, 0.9757527112960815, 0.8357520699501038, -0.6452257037162781, -0.7834881544113159, 1.1936007738113403, -0.8442832231521606, -0.09762990474700928, 0.830280601978302, -0.3558216691017151, 0.012811079621315002, 0.3765881657600403, -0.6703510284423828, -1.2673330307006836, -1.0954692363739014, 0.6187615394592285, -0.09033824503421783, 0.11695857346057892, 0.08631033450365067, 1.0291930437088013, 0.3051370084285736, -1.5191744565963745, -0.2285798192024231, -0.5458574891090393, -0.08452926576137543, 0.5751330852508545, -0.34317705035209656, 0.8556886315345764, 1.1115734577178955, -1.7630105018615723, 1.2070730924606323, -0.10195828974246979, -1.0885831117630005, 0.20260825753211975, -0.04046817123889923, -0.6253095865249634, -0.1262437403202057, -0.9674525856971741, -1.2190994024276733, 0.3779614269733429, -0.9829038381576538, -0.5776609182357788, -0.3581711947917938, 0.42728421092033386, -0.2250174731016159, 0.7637677192687988, -1.4671820402145386, 0.3065468668937683, 0.60367751121521, -0.8069124817848206, -0.7791774272918701, 0.4839220643043518, 0.9171485900878906, -0.27220988273620605, 1.452575445175171, 0.5243715643882751, -0.2883426547050476, -0.8295616507530212, 0.8749632835388184, -0.17362266778945923, -0.35012754797935486, 0.6268427968025208, 0.5709332823753357, 0.4552806317806244, -0.17883515357971191, 1.233710765838623, -0.9092133045196533, -0.5195331573486328, 1.176189661026001, -0.15896232426166534, -0.25289857387542725, -0.2058596909046173, 1.0115807056427002, -1.0633522272109985, -0.9710498452186584, -0.583852231502533, -0.9487053155899048, -0.12601637840270996, 0.26052093505859375, 0.11160770058631897, 0.06896975636482239, 0.3949418067932129, -1.5124447345733643, -0.9679090976715088, 0.10300048440694809, 0.6978508234024048, 0.028872095048427582, -0.6997462511062622, 0.19744648039340973, 0.36659395694732666, -0.4571645259857178, -0.7756478786468506, 0.02314518392086029, 0.6339851021766663, 0.024835899472236633, 0.5332897305488586, 0.3745100498199463, -0.5829365253448486, -0.18068787455558777, -1.2778593301773071, 0.32071438431739807, -0.7158107757568359, 0.3302271366119385, 0.2976635694503784, 1.054103136062622, -1.497588872909546, 1.1306202411651611, 1.3852133750915527, 0.4807945489883423, 0.634082555770874, 1.1068459749221802, -0.2587253451347351, -0.7190749049186707, -0.6972910761833191, -0.1147996261715889, 0.3975730836391449, 0.29265350103378296, -0.35335344076156616, 0.6825578212738037, 0.5436369180679321, -0.12021414190530777, -1.4531948566436768, 0.10424450039863586, -1.0142834186553955, -0.3017815947532654, -1.1398322582244873, -0.05139736458659172, -0.4065285325050354, 0.206776961684227, -1.0401034355163574, -0.13263237476348877, -0.3228452205657959, 0.45888856053352356, 0.7584788203239441, 0.39415156841278076, -0.8015576601028442, -0.6295052766799927, -0.9308484792709351, -1.1304632425308228, 0.5849452018737793, 0.7568544745445251, -0.49977198243141174, -0.2444894015789032, 0.09625251591205597, 0.26155731081962585, 1.012521505355835, 0.04716738313436508, -0.46998512744903564, -0.06457735598087311, 1.6651071310043335, -0.487812876701355, -1.3192163705825806, 0.32588744163513184, -0.6933560967445374, -1.0430809259414673, -0.6752666234970093, 0.5416755676269531, 0.16820001602172852, 0.043748922646045685, -0.044705335050821304, -0.12461991608142853, 0.19570891559123993, -0.8409601449966431, -0.3730868101119995, -0.9908525943756104, -0.8612972497940063, -0.6745765805244446, 0.1882382035255432, 1.5483982563018799, 0.44607415795326233, -0.33394911885261536, -0.47761115431785583, -0.1695188581943512, 0.5800630450248718, -0.01713550090789795, 0.14463841915130615, -0.3274550139904022, -0.015871599316596985, 0.6615096926689148, 0.032713353633880615, 0.6783945560455322, 0.15820248425006866, -0.5014095306396484, 1.9933141469955444, 0.3743964731693268, 0.7301645874977112, -0.5643629431724548, -0.20207884907722473, -0.5597265958786011, -0.7053869366645813, -0.7753137946128845, -0.4991927146911621, -0.6454107165336609, -0.36137861013412476, 0.059047095477581024, -1.2507809400558472, -1.205759048461914, -0.3512828052043915, -0.609428346157074, -0.33651936054229736, 0.37296152114868164, -1.1040486097335815, 0.41543471813201904, 0.4084055423736572, 0.38883325457572937, 0.09047289192676544, 0.9311552047729492, -0.8315367698669434, 0.34633782505989075, 0.9412509202957153, -1.8182289600372314, -0.4614698886871338, 0.14059343934059143, 0.6652634739875793, 0.7155717015266418, 0.5061867237091064, 0.30975377559661865, 0.876289963722229, 1.5455130338668823, 1.3827381134033203, -0.896844208240509, -0.23107276856899261, 0.04653536528348923, -1.0571465492248535, -0.7065075635910034, 0.8391667604446411, -0.23398379981517792, 0.6113845705986023, -0.4167505204677582, 0.31388577818870544, -0.011496178805828094, -0.7141600251197815, 0.28478875756263733, -1.572317361831665, 0.25863882899284363, -2.297545909881592, -0.1080610603094101, 1.2624489068984985, -0.19517268240451813, 0.4770486354827881, 0.8164519667625427, 0.21551065146923065, 0.10398334264755249, 0.330681174993515, 1.514635443687439, -0.732868492603302, 0.023640889674425125, -1.347243070602417, -0.22194959223270416, -0.4310647249221802, -0.39165645837783813, -0.2015182375907898, -0.5777880549430847, 0.6188541054725647, 0.577887237071991, -0.1346617043018341, -1.2975811958312988, -0.15203332901000977, 0.09202136099338531, 0.5574319362640381, -1.313178300857544, -0.11594969034194946, 0.8425765037536621, 0.38775497674942017, -0.14562252163887024, 0.25984838604927063, 0.6008626818656921, 0.8203911185264587, 0.08512329310178757, -0.4822978973388672, -0.63692307472229, 0.6733891367912292, 0.09689337015151978, -0.38559749722480774, -0.5973820090293884, -1.0084961652755737, -0.4902105927467346, -0.3164704144001007, -0.7168159484863281, -0.3180992305278778, -2.35781192779541, 0.3694961965084076, -0.5210188627243042, 0.009016931056976318, 0.8949983716011047, 0.3487156927585602, -0.6677101850509644, -0.12712794542312622, -0.9473205804824829, -0.06010710448026657, 1.2448335886001587, -0.8631646633148193, -0.14012354612350464, -0.7342153787612915, 0.6154561042785645, -0.6948803663253784, -0.1750003695487976, -0.14220139384269714, -0.24893735349178314, 0.4216148853302002, -0.18671441078186035, -1.4857522249221802, 0.41497328877449036, 0.4472154378890991, -0.2786538302898407, -1.4794617891311646, -0.9411851167678833, 0.9887223243713379, 0.5061735510826111, -0.2982442378997803, 0.036192506551742554, 0.8478269577026367, -0.46745896339416504, -1.0689785480499268, 1.4302297830581665, 0.8124281167984009, -0.22992564737796783, 0.41120749711990356, 0.7371396422386169, 0.40114742517471313, -0.6162710189819336, -1.8037092685699463, -0.6614771485328674, -0.6838242411613464, 0.26833727955818176, 0.7208496928215027, 0.49832916259765625, 0.28059494495391846, -0.689537763595581, 1.3582302331924438, 0.6440299153327942, -0.35251128673553467, 0.5481610298156738, 0.38555580377578735, -0.09120584279298782, 0.1502453237771988, -0.6320706605911255, 1.5260690450668335, -0.09944698214530945, -0.0960465669631958, -0.07197172939777374, -0.06428463757038116, -0.1563747227191925, 0.24669626355171204, 1.6204988956451416, -0.18175917863845825, -0.6170158386230469, 0.010094817727804184, 0.3571792244911194, -0.4835824966430664, -0.8474116325378418, 0.3156414031982422, -0.32445821166038513, 0.8356943130493164, -0.16616155207157135, -0.06160150095820427, 0.1424132138490677, -0.4919430911540985, -0.7490797638893127, 0.03274749964475632, -1.5639159679412842, -0.4812074601650238, -0.73341965675354, 0.20737704634666443, -0.19659128785133362, 0.5969023704528809, -0.8246010541915894, -0.6724878549575806, -0.6720524430274963, -1.474690556526184, 0.41465821862220764, -0.07620862871408463, -0.8156954646110535, 0.19156882166862488, -1.1851027011871338, -1.7057756185531616, -0.14182674884796143, 0.2500763237476349, -0.7984421253204346, 0.8597745895385742, -0.6877870559692383, 0.47676342725753784, 0.981640636920929, 0.27817657589912415, 0.872279167175293, 0.46754398941993713, 0.36620572209358215, -0.2091098129749298, 0.5275700092315674, -0.9930975437164307, -1.3631670475006104, -1.3976898193359375, 0.023183446377515793, 0.05930379033088684, -1.3771952390670776, -0.037963226437568665, -0.3190326392650604, 0.28145360946655273, -0.9310551285743713, 0.0861937552690506, -0.2389042228460312, -1.0773358345031738, 1.632378339767456, 0.80575031042099, -0.04157707840204239, -0.33360326290130615, 0.49798744916915894, 0.8798732161521912, -0.5431251525878906, 0.08320815861225128, 1.4326190948486328, -1.2830860614776611, 0.6376248002052307, 1.711884617805481, 2.5346951484680176, -1.7463823556900024, 3.2576725482940674, 2.472259759902954, -1.1172771453857422, -0.7791463732719421, -1.2603275775909424, 0.5573016405105591, 0.615993082523346, -0.9696150422096252, -0.7677781581878662, -2.3430135250091553, -0.6734246015548706, -0.8340257406234741, 0.38249486684799194, -2.835285186767578, 0.10297519713640213, 1.1092755794525146, -0.2542411684989929, 1.4293084144592285, 1.4299066066741943, -2.639977216720581, -2.862058162689209, -1.191087007522583, -1.1825233697891235, 3.1932597160339355, 0.306863397359848, 1.0058050155639648, -2.548774480819702, -0.3446292579174042, -0.6084980368614197, 0.4503630995750427, 1.4960166215896606, 0.2894948720932007, -1.7356594800949097, -0.6065651178359985, -0.7996461987495422, 0.622868537902832, -0.6923985481262207, -1.0308802127838135, -0.9474380612373352, -0.14141304790973663, 1.5948961973190308, -0.02618034929037094, -1.6604987382888794, -0.05410157889127731, -2.10927414894104, 1.430647850036621, 2.6086549758911133, -0.5342670679092407, -1.4192206859588623, -1.8765285015106201, 0.8376597166061401, 0.23512959480285645, -1.685288429260254, -0.2797480821609497, 0.8922731280326843, -1.6566312313079834, -1.1757936477661133, -2.657101631164551, 0.2516454756259918, -1.0607951879501343, 1.1740247011184692, 0.5088926553726196, -2.127443790435791, 0.5599061250686646, -1.3972066640853882, -2.8971188068389893, 0.6614466309547424, -0.6190786957740784, -0.001542452722787857, 0.41694068908691406, -0.7120509743690491, 0.07964009046554565, 0.09456352144479752, -1.7862396240234375, -0.7235220670700073, -1.768084168434143, 1.2694157361984253, 0.4504948556423187, 1.963306188583374, -3.2566442489624023, 1.9576398134231567, 3.872420072555542, 1.918898105621338, 1.5434213876724243, -2.485412836074829, 0.7651553153991699, -1.060845136642456, 0.5375601649284363, 2.7570619583129883, 2.492647647857666, -0.9530530571937561, -2.9453697204589844, -0.8916863203048706, 0.7232949733734131, -0.12582029402256012, -0.7440240979194641, -0.8242459893226624, -2.022128105163574, -3.9491701126098633, -2.795966386795044, 0.3082219958305359, 3.2155373096466064, -1.5661872625350952, 2.139875888824463, -1.52260422706604, 0.10013585537672043, 3.829528331756592, -1.5191831588745117, 2.5587925910949707, -3.5965993404388428, 2.7437846660614014, 0.2828671932220459, -2.8965396881103516, 0.07720420509576797, 1.0141085386276245, 2.93762469291687, 2.431147813796997, 2.9825594425201416, 1.3126214742660522, -0.6055940985679626, -1.4591656923294067, -0.9361631274223328, 2.383524179458618, -1.0562232732772827]"
44,2,قرار,input_doc,"الجمهورية العربية السورية
وزارة الري
السئة الكامة للذرارد المائية

خا
قرار رقم / /

إن الفدين. الغيدام
بناءً على أحكام القاتون رقم ‎/١6/‏ لعام ‎١87‏

على أحكام الفائون الأساسي للعاملين في الدولة ركم 80 لعام 6 ‎1٠8‏

ز على أحكام المرسوم التشريعي ر لد (14/ تاريخ 1[19رة :؟

و على كران السيد ركس شطين الوزراء رقم (1414/ شاري 1 13ر8 ‎1١‏ ورقجع
‎١١ 7‏ تاريخ ‎5٠١‏

و على قرار السيد رزير لزي رق (27؟/ تاربخ قار 1:7

ماد ‎-١‏ يحدد مكان عمل السيد محمد ابراهيم بن ابراهيم الحائز على شهادة الإجبازة في
الهندسة الزراعية اختصاص تربة في مديرية الإدارة المتكاملة للموارد الماثية
بالإدارة المركزية للهيئة العامة للموارد المائية .
مادة ""- يبلغ هذا القرار من يلزم لتنفيذه ‎٠‏
‏شق قفري و ‎5١١١‏

م

صورة إلى :
*المالية - التأمينات - صاحب العلاقة .
*شعبة الترفيعات - شعبة الإجازات .

#صديرية الإدارة المتكاملة للموارد #المائية .","[0.8765265941619873, 2.325820207595825, 0.15252459049224854, -0.3270252048969269, 1.0345395803451538, -0.14773616194725037, -0.2684280574321747, 0.489692747592926, -0.39049816131591797, -1.1315828561782837, 0.19619795680046082, -0.6006254553794861, -0.37109243869781494, -0.11153148114681244, -0.26923394203186035, 1.1313353776931763, 1.452564001083374, -0.02025773376226425, -0.04546795040369034, 0.13123995065689087, 1.18897545337677, -0.7280755043029785, -0.19478341937065125, 1.4651908874511719, 0.3542937636375427, -0.24952979385852814, -1.4829809665679932, 0.4829830527305603, -0.18640387058258057, 0.34413567185401917, 0.15909944474697113, 1.4855376482009888, -0.7544708251953125, 1.4926095008850098, -1.275080680847168, 0.20323505997657776, 0.11722362041473389, 0.18335452675819397, -1.5926812887191772, 0.5157286524772644, -0.8854343295097351, -0.309592604637146, 0.053411126136779785, -0.06515154242515564, -0.7200887799263, -0.6564213633537292, 0.7322048544883728, 0.41007864475250244, -0.6378375291824341, 0.7790576815605164, -0.23583118617534637, 1.0231744050979614, 0.031953468918800354, -0.5549392104148865, 0.5274801850318909, 0.4008030295372009, -0.3458980917930603, -0.301097571849823, -1.2517387866973877, -0.28335267305374146, 0.3294510543346405, -0.2677150070667267, -1.0635459423065186, -0.3673272728919983, 0.8682457804679871, 0.11368981003761292, 0.12184011191129684, -1.3633854389190674, 0.3437293767929077, -0.04072517156600952, -0.3467106521129608, 1.454909086227417, 0.38719236850738525, -0.04770940542221069, 0.6726441383361816, -0.22935211658477783, -0.8115708231925964, 0.013184428215026855, 0.26209962368011475, 0.6583719253540039, 0.4690619111061096, -0.32822972536087036, -1.4982287883758545, -0.5040523409843445, 0.9947212338447571, 0.11063067615032196, 0.49260830879211426, 0.808899998664856, 1.1844241619110107, -0.8082635402679443, 0.5779421329498291, 0.19500505924224854, 0.22700539231300354, 0.4780987799167633, -0.42923277616500854, 0.5780020356178284, 1.021986484527588, -0.5257618427276611, -1.4331568479537964, 0.022967413067817688, 0.7671070098876953, -0.4138357639312744, 1.4142122268676758, 1.176315188407898, 0.48930248618125916, 0.48457351326942444, -1.0194889307022095, 1.286146640777588, 0.2262076586484909, -6.320579528808594, 0.7784844040870667, -0.6753274202346802, -0.45929646492004395, 0.10707633197307587, -0.543756902217865, 0.6405633687973022, 0.4119802713394165, -0.5277112722396851, -0.5796604752540588, 0.4323943853378296, 0.4889410138130188, -0.9692188501358032, -1.2274502515792847, -0.062193065881729126, -0.8997081518173218, 1.103350043296814, 0.3095408082008362, -0.1475837379693985, -0.43973660469055176, -0.7067264318466187, 0.7314925193786621, 0.12403050810098648, -0.7340030670166016, -0.27329838275909424, 0.13823631405830383, -0.2181280255317688, -0.3325427174568176, -1.4355199337005615, 0.5823156237602234, 0.8552224040031433, 0.26315489411354065, -0.09085910022258759, -0.1556478887796402, -1.0655832290649414, 0.36206772923469543, 0.4167077839374542, -0.1159515306353569, 0.8223461508750916, 0.8597519397735596, 0.5223513245582581, 0.06568443775177002, -0.4755295515060425, 0.09519259631633759, -0.825978696346283, 9.531515121459961, 0.8080864548683167, -0.15170666575431824, 0.7802620530128479, 1.1075602769851685, 0.7293325662612915, 1.1593050956726074, 0.7763198018074036, -0.6534021496772766, 1.0164978504180908, 0.10490831732749939, -1.1399866342544556, -0.7947123646736145, -0.6380380988121033, -0.10266576707363129, 0.18496891856193542, 0.06605261564254761, 0.34652820229530334, 0.9339412450790405, 0.05743087828159332, -1.9277281761169434, 1.5996978282928467, -1.1727198362350464, 0.3359449505805969, -1.2198630571365356, -1.2074857950210571, -0.18119969964027405, 0.39761778712272644, 0.37237367033958435, 1.0165427923202515, -0.6593884229660034, -0.39971470832824707, 0.6732770204544067, -0.47792884707450867, 0.524884045124054, 0.05678381025791168, 0.1502041071653366, 0.6833844184875488, 0.33521074056625366, 0.75284343957901, -0.4176684319972992, -0.5732759237289429, -1.0907411575317383, 0.12968970835208893, -0.5775933265686035, -0.8435071706771851, 0.35313624143600464, -0.9929608106613159, 0.1856856495141983, -0.3591237962245941, 0.83566814661026, -0.8464637994766235, -0.9576924443244934, -0.4696374833583832, 1.1294760704040527, -2.160574436187744, 0.17501020431518555, -0.04838426411151886, -1.6144691705703735, 0.2836141884326935, -0.8221338391304016, -1.1218289136886597, -0.042476922273635864, 0.5718004107475281, -0.3412553071975708, -0.8541836738586426, 1.4613687992095947, 0.43316584825515747, -0.2515110373497009, 0.1839277148246765, 1.5347552299499512, 0.2921160161495209, -0.433849960565567, 0.3978561758995056, -0.24859479069709778, -1.132608413696289, 0.11248469352722168, 0.5435566306114197, 1.2928885221481323, -0.2283301204442978, 1.1979506015777588, 0.36373284459114075, -0.48400312662124634, 0.9599521160125732, -0.5923914313316345, -0.012111805379390717, 0.22706986963748932, 0.29406043887138367, -0.7643550634384155, -1.6856297254562378, -0.20478801429271698, 0.264252632856369, 0.10758136212825775, -0.8283939957618713, -0.9671752452850342, 0.8657384514808655, 0.7024230360984802, -0.5847784280776978, -0.48158490657806396, -0.884088933467865, -1.1734390258789062, -0.9180788993835449, -0.6060577034950256, -0.6971571445465088, -0.01598636992275715, 0.3356229364871979, -0.2864342927932739, -0.04400335252285004, -0.1120566874742508, -0.14908325672149658, 0.21990302205085754, -0.25351402163505554, 0.7468607425689697, 0.21352653205394745, -1.263472557067871, 0.4727248251438141, -0.13877227902412415, 0.2514812648296356, -0.8908941745758057, 0.5016787052154541, -2.0932538509368896, -0.5839310884475708, 0.5781568288803101, 0.5477448105812073, 0.664726734161377, 0.03388091176748276, -0.6811013221740723, -0.953932523727417, -0.5135577917098999, 0.767247200012207, 0.04281067103147507, 0.02441960573196411, 0.14116211235523224, -0.16359063982963562, 0.5505255460739136, -0.8108417391777039, -0.020265653729438782, -1.144343614578247, 0.5288350582122803, 0.22811637818813324, -0.6093629002571106, -0.5267438888549805, 0.8172846436500549, -0.6381173133850098, -0.3148794174194336, -0.22531691193580627, -1.052613615989685, -0.7332656979560852, 0.44247204065322876, 0.044947296380996704, 0.3998333811759949, -1.127297282218933, -0.05992075800895691, -1.1929707527160645, 0.3631749153137207, -0.7804376482963562, -1.2504470348358154, -0.2553202509880066, -0.5169112086296082, 3.1733341217041016, -0.14000579714775085, 0.01972620189189911, -0.7792498469352722, 0.2906545102596283, -0.04120829701423645, -0.4039805829524994, -0.3758713901042938, 0.22378064692020416, 0.6558437943458557, -0.5365878343582153, 1.900268793106079, -0.779975950717926, -0.7724758982658386, 0.06930666416883469, 0.25481799244880676, -0.010286182165145874, 1.0125672817230225, 0.46010908484458923, 0.3808440864086151, -0.27676039934158325, 0.8246813416481018, -0.31725016236305237, -0.5010241270065308, 0.15631695091724396, 0.127285435795784, 0.254242867231369, -0.4203931391239166, -0.9216420650482178, -0.16356699168682098, -0.6173735857009888, 0.45103031396865845, 1.38063645362854, -0.035652436316013336, -1.0785839557647705, -0.18464912474155426, 0.8958749771118164, -1.241307020187378, -1.5615260601043701, -0.3741597533226013, 0.49661749601364136, -1.5325725078582764, 0.6274957656860352, -0.08424259722232819, 0.652309000492096, 0.7778249382972717, -1.0452921390533447, 0.06333768367767334, 0.8762427568435669, 0.4709142744541168, 0.43106529116630554, 0.29412636160850525, -0.10663540661334991, -0.473496675491333, 0.46119993925094604, -1.1286736726760864, -0.7757035493850708, -1.812290906906128, 1.270643711090088, 1.2288637161254883, 0.018927961587905884, 0.05707957595586777, 0.4938558340072632, 1.029306411743164, -1.4439648389816284, 0.08259880542755127, -0.10601826012134552, 0.5852543115615845, -0.44850584864616394, -0.48723337054252625, -0.03667807579040527, 2.332685947418213, -1.7762962579727173, 0.6354799866676331, -0.20078939199447632, -1.155308485031128, 0.6681402325630188, 0.726690411567688, 1.1344939470291138, 0.20236317813396454, -1.6613296270370483, -0.5798487067222595, 0.08658790588378906, -1.3589611053466797, -0.9944331049919128, -0.6406555771827698, 0.42267683148384094, -1.078901767730713, 0.8282313346862793, -1.055901050567627, 0.9936783313751221, 0.7120591402053833, -0.7692327499389648, -1.3895745277404785, -0.45187538862228394, 0.01269017904996872, -0.4249427318572998, 0.5065186023712158, 1.1240077018737793, -0.4194263815879822, -0.26833969354629517, 0.6105407476425171, -0.35408514738082886, 0.5818226933479309, 0.4209654927253723, -0.06043630093336105, -0.03227241337299347, -0.14871637523174286, 0.9685924649238586, -0.5052515864372253, -0.7233983278274536, 1.0928597450256348, -1.0001004934310913, -0.10226607322692871, -0.13454309105873108, 0.8109145164489746, -0.18787223100662231, -1.2283767461776733, -0.569774329662323, -1.3603171110153198, 0.6454316973686218, 0.1829715073108673, -1.0634013414382935, -0.16488002240657806, -0.6272774934768677, -1.7755796909332275, -1.0181598663330078, 0.6224023103713989, 1.6317604780197144, -0.15852786600589752, 0.01648406684398651, -0.5731494426727295, -0.19474253058433533, -0.05411168560385704, -0.9364504218101501, 0.1949140429496765, 1.1009140014648438, -0.504998505115509, 0.2506370544433594, -0.07783527672290802, -0.5247860550880432, 0.13138729333877563, -1.183585286140442, 0.09522421658039093, -0.3957713544368744, -0.5515057444572449, 0.21170511841773987, 0.9291691780090332, -1.0039314031600952, 0.6751946806907654, 0.6081353425979614, -0.3894966244697571, 0.44019535183906555, 1.0848381519317627, -0.8237995505332947, -0.46606701612472534, -1.3916064500808716, -0.24258413910865784, 0.32148319482803345, 0.32051244378089905, -0.6099843382835388, 0.9384588599205017, 0.13703671097755432, -0.2044123411178589, -1.714442491531372, 0.564588725566864, -1.1226118803024292, -1.4534480571746826, -1.121531367301941, 0.4970504939556122, -0.34284788370132446, 0.4816688597202301, -1.194406270980835, 0.45041871070861816, -0.4426164925098419, 0.5159923434257507, 0.22300750017166138, 0.5953970551490784, -0.8165378570556641, -0.4794299900531769, -0.9561662077903748, -0.1280057728290558, 1.3651520013809204, 0.9514509439468384, -0.5416430234909058, -0.10688409209251404, 0.42906591296195984, 0.2226140797138214, 0.5309392213821411, 0.720791757106781, -0.1907360702753067, 0.03457941114902496, 1.9712014198303223, 0.061381593346595764, -0.6900116801261902, 0.7609656453132629, 0.2863730788230896, -0.5068676471710205, 0.4142230749130249, -0.4192824065685272, 0.28365880250930786, 0.021405868232250214, 0.2526084780693054, -1.0420807600021362, -0.02053726091980934, -0.30442458391189575, -0.811776876449585, -0.9293105602264404, -0.636701226234436, -1.1426384449005127, 0.8921101689338684, 0.3532752990722656, 0.6191648244857788, -0.49237191677093506, -0.14034737646579742, -0.34986716508865356, 0.5269629955291748, 0.5704428553581238, 0.6392911672592163, 0.031496696174144745, -0.052175141870975494, 0.4307626783847809, -0.18919511139392853, 0.25518304109573364, 0.5885964035987854, -0.9743569493293762, 1.5894066095352173, -0.7279922962188721, 0.3141952157020569, -0.18030044436454773, 0.783571183681488, 0.38176071643829346, -1.287872314453125, -0.7821148633956909, -0.9988058805465698, -0.33931848406791687, -0.7077949047088623, -0.42287349700927734, -1.4104650020599365, 0.02784481644630432, -0.5016741752624512, -0.6157752871513367, -0.572582483291626, 0.885739266872406, -0.7243636846542358, 0.21477870643138885, 0.004772491753101349, 0.6060609817504883, -0.02804003655910492, -0.38026297092437744, -1.2288661003112793, -0.5476177334785461, 0.5852425694465637, -1.719663143157959, 0.2939508855342865, 1.038869857788086, 0.2029803842306137, 1.270331621170044, 0.6550004482269287, 0.4138866662979126, 0.945500373840332, 1.2748831510543823, 0.7974605560302734, -1.3698854446411133, 0.24064840376377106, -0.5230567455291748, -0.8943375945091248, 0.20269086956977844, 0.42520594596862793, 0.2785484194755554, 0.40713125467300415, -0.3361779749393463, 1.310028076171875, 0.3444724678993225, -0.12294157594442368, 1.1203117370605469, -1.7491698265075684, 1.3530125617980957, -1.6122326850891113, -0.41865700483322144, 0.5044909715652466, -0.257557213306427, 0.21050629019737244, -0.16624343395233154, -0.22949077188968658, -0.9143804311752319, 0.23145657777786255, 1.2003334760665894, 0.2372814565896988, 0.12519626319408417, -0.7197472453117371, 0.26761046051979065, -0.4278542995452881, 0.20159253478050232, -0.18567347526550293, -0.9685271382331848, 0.3847815692424774, 0.989552915096283, 0.25777408480644226, -0.898656964302063, -0.5796318650245667, -0.061519742012023926, 0.5199066400527954, -0.8868825435638428, 0.27742087841033936, 0.8535938262939453, 0.29319071769714355, -0.13646820187568665, 0.8903853297233582, 0.35655856132507324, 0.3858150839805603, 0.28673720359802246, -0.4855465292930603, 0.2860020101070404, -0.23270197212696075, -0.5773169994354248, 0.5047624111175537, -1.3582797050476074, -0.350705087184906, 0.17320023477077484, -0.6801174283027649, -1.180045485496521, 0.21673637628555298, -1.706122636795044, 0.29027703404426575, -0.7393966913223267, -0.6318249106407166, 0.499320924282074, -0.10918663442134857, -0.7340308427810669, -0.7747249603271484, -0.5554673671722412, -0.6995571851730347, 0.8323569297790527, -1.3096455335617065, -0.11344560980796814, -0.4557003378868103, -0.9099445939064026, -0.5013476014137268, 0.06481572985649109, -1.2200599908828735, -0.269301176071167, 0.1825183928012848, -0.5968361496925354, -0.7837210893630981, 0.953379213809967, 0.2422618716955185, 0.5199108123779297, -1.2043524980545044, -0.4406388998031616, -0.1552453488111496, 0.5939242243766785, 0.05465979874134064, -0.05230748653411865, 0.7217108011245728, -0.7274208068847656, -0.609640896320343, 1.2462821006774902, -0.2871069312095642, -0.5974141955375671, -0.36722615361213684, 0.49742764234542847, 0.41284891963005066, 0.3160274624824524, -2.240220069885254, -0.31244969367980957, -1.3351829051971436, 1.089972972869873, 0.8605727553367615, 1.4999611377716064, 0.007046416401863098, -0.46155136823654175, 1.2592703104019165, 0.7804117202758789, -0.27243781089782715, 0.3946722149848938, -0.29423460364341736, -1.0924673080444336, -0.4516710638999939, -0.24717655777931213, 0.8225290775299072, 0.12414079904556274, 0.18197478353977203, 0.49350932240486145, 0.4515577554702759, -0.8152225017547607, -0.4403552711009979, 1.2505279779434204, -0.6905701756477356, -0.5799500346183777, 0.6007981896400452, 0.43595364689826965, -0.22250714898109436, -0.27038219571113586, 0.651338517665863, -0.49182093143463135, 1.7522616386413574, 0.08741247653961182, -0.7503116726875305, -0.06698668748140335, -0.24528996646404266, -0.4084576964378357, 0.0961189866065979, -1.4736624956130981, -0.9024122357368469, -0.4890725910663605, -0.5501130819320679, 0.5283538103103638, 0.46930643916130066, 0.4249292314052582, -0.5658813118934631, -0.823100209236145, -0.7248679399490356, 0.2339305579662323, 0.6668167114257812, -0.32170531153678894, 0.5592219829559326, -0.5342157483100891, -0.8377569317817688, -0.3052598834037781, -0.3334198296070099, 0.007172184530645609, 1.4397605657577515, 0.27136826515197754, 0.13345956802368164, 0.8699890375137329, -0.11913028359413147, 0.7971055507659912, -0.1901773065328598, 0.6806897521018982, -0.06410138309001923, 0.4383885860443115, -0.7447170615196228, -1.0090842247009277, -1.1781208515167236, -0.5091027021408081, 0.7783879041671753, -0.543818473815918, 0.6991407871246338, -0.16620725393295288, -0.17895524203777313, -0.6002494096755981, 0.025166239589452744, 0.31763043999671936, -1.1833178997039795, 1.9519083499908447, 0.9755193591117859, -0.23108984529972076, -0.5183415412902832, -0.20953868329524994, 0.37721362709999084, 0.17300288379192352, -0.10363368690013885, 1.2194207906723022, -1.6826956272125244]","[0.5827545523643494, 1.5306615829467773, 2.1199095249176025, -1.667100191116333, 2.989469528198242, 2.1756694316864014, -1.0171241760253906, -0.7195624709129333, -1.2977001667022705, 0.7620647549629211, 0.7064269185066223, -0.9647530913352966, -0.5452360510826111, -2.2392585277557373, -0.724522054195404, -0.8346197009086609, 0.5830382108688354, -2.562375545501709, -0.05700668692588806, 1.1133098602294922, -0.06815911084413528, 1.4763782024383545, 1.424789547920227, -2.4693965911865234, -2.651421546936035, -1.2213741540908813, -0.7622215747833252, 2.992781639099121, 0.17815721035003662, 0.9323312044143677, -2.2898125648498535, -0.2790282666683197, -0.4608694911003113, 0.502147912979126, 1.6189719438552856, 0.060451433062553406, -1.6509042978286743, -0.66720050573349, -0.7542474865913391, 0.6735588312149048, -0.6530226469039917, -0.9519627094268799, -0.7443903684616089, -0.26137280464172363, 1.400197148323059, -0.2588890492916107, -1.3994072675704956, -0.04569908231496811, -1.8417551517486572, 1.174436330795288, 2.2526965141296387, -0.2747909426689148, -1.3084717988967896, -1.6582876443862915, 0.8604202270507812, 0.2399844229221344, -1.5940088033676147, -0.2932325601577759, 0.41096997261047363, -1.5899596214294434, -1.1087872982025146, -2.2499139308929443, 0.2565944194793701, -1.0642989873886108, 1.135799527168274, 0.29002824425697327, -1.6039729118347168, 0.6024896502494812, -1.3035457134246826, -2.505828857421875, 0.6545341610908508, -0.6135345697402954, 0.004504915326833725, 0.480724036693573, -0.7623180747032166, 0.08077540993690491, 0.33605799078941345, -1.6890532970428467, -0.5679967999458313, -1.5126028060913086, 1.040947437286377, 0.4544238746166229, 1.6121801137924194, -3.19051456451416, 1.5903562307357788, 3.7232534885406494, 1.615432620048523, 1.1460455656051636, -2.086832046508789, 0.7878732681274414, -1.2363303899765015, 0.49603697657585144, 2.6785929203033447, 2.25173282623291, -0.980575680732727, -2.4398293495178223, -0.8501827120780945, 0.6070572137832642, 0.13490621745586395, -0.7011355757713318, -0.7567577362060547, -1.7573531866073608, -3.513812303543091, -2.52008318901062, 0.4402695894241333, 2.8956992626190186, -1.457633137702942, 1.7977768182754517, -1.3358652591705322, 0.21649706363677979, 3.3674569129943848, -1.5293601751327515, 2.2037768363952637, -3.192265033721924, 2.5799989700317383, 0.3581583499908447, -2.514385223388672, 0.1620725691318512, 0.6934953927993774, 2.6916074752807617, 1.9773622751235962, 2.7601187229156494, 0.982744038105011, -0.5562673211097717, -1.3281747102737427, -0.8472158312797546, 1.960025668144226, -0.9314507842063904]","[0.8765265941619873, 2.325820207595825, 0.15252459049224854, -0.3270252048969269, 1.0345395803451538, -0.14773616194725037, -0.2684280574321747, 0.489692747592926, -0.39049816131591797, -1.1315828561782837, 0.19619795680046082, -0.6006254553794861, -0.37109243869781494, -0.11153148114681244, -0.26923394203186035, 1.1313353776931763, 1.452564001083374, -0.02025773376226425, -0.04546795040369034, 0.13123995065689087, 1.18897545337677, -0.7280755043029785, -0.19478341937065125, 1.4651908874511719, 0.3542937636375427, -0.24952979385852814, -1.4829809665679932, 0.4829830527305603, -0.18640387058258057, 0.34413567185401917, 0.15909944474697113, 1.4855376482009888, -0.7544708251953125, 1.4926095008850098, -1.275080680847168, 0.20323505997657776, 0.11722362041473389, 0.18335452675819397, -1.5926812887191772, 0.5157286524772644, -0.8854343295097351, -0.309592604637146, 0.053411126136779785, -0.06515154242515564, -0.7200887799263, -0.6564213633537292, 0.7322048544883728, 0.41007864475250244, -0.6378375291824341, 0.7790576815605164, -0.23583118617534637, 1.0231744050979614, 0.031953468918800354, -0.5549392104148865, 0.5274801850318909, 0.4008030295372009, -0.3458980917930603, -0.301097571849823, -1.2517387866973877, -0.28335267305374146, 0.3294510543346405, -0.2677150070667267, -1.0635459423065186, -0.3673272728919983, 0.8682457804679871, 0.11368981003761292, 0.12184011191129684, -1.3633854389190674, 0.3437293767929077, -0.04072517156600952, -0.3467106521129608, 1.454909086227417, 0.38719236850738525, -0.04770940542221069, 0.6726441383361816, -0.22935211658477783, -0.8115708231925964, 0.013184428215026855, 0.26209962368011475, 0.6583719253540039, 0.4690619111061096, -0.32822972536087036, -1.4982287883758545, -0.5040523409843445, 0.9947212338447571, 0.11063067615032196, 0.49260830879211426, 0.808899998664856, 1.1844241619110107, -0.8082635402679443, 0.5779421329498291, 0.19500505924224854, 0.22700539231300354, 0.4780987799167633, -0.42923277616500854, 0.5780020356178284, 1.021986484527588, -0.5257618427276611, -1.4331568479537964, 0.022967413067817688, 0.7671070098876953, -0.4138357639312744, 1.4142122268676758, 1.176315188407898, 0.48930248618125916, 0.48457351326942444, -1.0194889307022095, 1.286146640777588, 0.2262076586484909, -6.320579528808594, 0.7784844040870667, -0.6753274202346802, -0.45929646492004395, 0.10707633197307587, -0.543756902217865, 0.6405633687973022, 0.4119802713394165, -0.5277112722396851, -0.5796604752540588, 0.4323943853378296, 0.4889410138130188, -0.9692188501358032, -1.2274502515792847, -0.062193065881729126, -0.8997081518173218, 1.103350043296814, 0.3095408082008362, -0.1475837379693985, -0.43973660469055176, -0.7067264318466187, 0.7314925193786621, 0.12403050810098648, -0.7340030670166016, -0.27329838275909424, 0.13823631405830383, -0.2181280255317688, -0.3325427174568176, -1.4355199337005615, 0.5823156237602234, 0.8552224040031433, 0.26315489411354065, -0.09085910022258759, -0.1556478887796402, -1.0655832290649414, 0.36206772923469543, 0.4167077839374542, -0.1159515306353569, 0.8223461508750916, 0.8597519397735596, 0.5223513245582581, 0.06568443775177002, -0.4755295515060425, 0.09519259631633759, -0.825978696346283, 9.531515121459961, 0.8080864548683167, -0.15170666575431824, 0.7802620530128479, 1.1075602769851685, 0.7293325662612915, 1.1593050956726074, 0.7763198018074036, -0.6534021496772766, 1.0164978504180908, 0.10490831732749939, -1.1399866342544556, -0.7947123646736145, -0.6380380988121033, -0.10266576707363129, 0.18496891856193542, 0.06605261564254761, 0.34652820229530334, 0.9339412450790405, 0.05743087828159332, -1.9277281761169434, 1.5996978282928467, -1.1727198362350464, 0.3359449505805969, -1.2198630571365356, -1.2074857950210571, -0.18119969964027405, 0.39761778712272644, 0.37237367033958435, 1.0165427923202515, -0.6593884229660034, -0.39971470832824707, 0.6732770204544067, -0.47792884707450867, 0.524884045124054, 0.05678381025791168, 0.1502041071653366, 0.6833844184875488, 0.33521074056625366, 0.75284343957901, -0.4176684319972992, -0.5732759237289429, -1.0907411575317383, 0.12968970835208893, -0.5775933265686035, -0.8435071706771851, 0.35313624143600464, -0.9929608106613159, 0.1856856495141983, -0.3591237962245941, 0.83566814661026, -0.8464637994766235, -0.9576924443244934, -0.4696374833583832, 1.1294760704040527, -2.160574436187744, 0.17501020431518555, -0.04838426411151886, -1.6144691705703735, 0.2836141884326935, -0.8221338391304016, -1.1218289136886597, -0.042476922273635864, 0.5718004107475281, -0.3412553071975708, -0.8541836738586426, 1.4613687992095947, 0.43316584825515747, -0.2515110373497009, 0.1839277148246765, 1.5347552299499512, 0.2921160161495209, -0.433849960565567, 0.3978561758995056, -0.24859479069709778, -1.132608413696289, 0.11248469352722168, 0.5435566306114197, 1.2928885221481323, -0.2283301204442978, 1.1979506015777588, 0.36373284459114075, -0.48400312662124634, 0.9599521160125732, -0.5923914313316345, -0.012111805379390717, 0.22706986963748932, 0.29406043887138367, -0.7643550634384155, -1.6856297254562378, -0.20478801429271698, 0.264252632856369, 0.10758136212825775, -0.8283939957618713, -0.9671752452850342, 0.8657384514808655, 0.7024230360984802, -0.5847784280776978, -0.48158490657806396, -0.884088933467865, -1.1734390258789062, -0.9180788993835449, -0.6060577034950256, -0.6971571445465088, -0.01598636992275715, 0.3356229364871979, -0.2864342927932739, -0.04400335252285004, -0.1120566874742508, -0.14908325672149658, 0.21990302205085754, -0.25351402163505554, 0.7468607425689697, 0.21352653205394745, -1.263472557067871, 0.4727248251438141, -0.13877227902412415, 0.2514812648296356, -0.8908941745758057, 0.5016787052154541, -2.0932538509368896, -0.5839310884475708, 0.5781568288803101, 0.5477448105812073, 0.664726734161377, 0.03388091176748276, -0.6811013221740723, -0.953932523727417, -0.5135577917098999, 0.767247200012207, 0.04281067103147507, 0.02441960573196411, 0.14116211235523224, -0.16359063982963562, 0.5505255460739136, -0.8108417391777039, -0.020265653729438782, -1.144343614578247, 0.5288350582122803, 0.22811637818813324, -0.6093629002571106, -0.5267438888549805, 0.8172846436500549, -0.6381173133850098, -0.3148794174194336, -0.22531691193580627, -1.052613615989685, -0.7332656979560852, 0.44247204065322876, 0.044947296380996704, 0.3998333811759949, -1.127297282218933, -0.05992075800895691, -1.1929707527160645, 0.3631749153137207, -0.7804376482963562, -1.2504470348358154, -0.2553202509880066, -0.5169112086296082, 3.1733341217041016, -0.14000579714775085, 0.01972620189189911, -0.7792498469352722, 0.2906545102596283, -0.04120829701423645, -0.4039805829524994, -0.3758713901042938, 0.22378064692020416, 0.6558437943458557, -0.5365878343582153, 1.900268793106079, -0.779975950717926, -0.7724758982658386, 0.06930666416883469, 0.25481799244880676, -0.010286182165145874, 1.0125672817230225, 0.46010908484458923, 0.3808440864086151, -0.27676039934158325, 0.8246813416481018, -0.31725016236305237, -0.5010241270065308, 0.15631695091724396, 0.127285435795784, 0.254242867231369, -0.4203931391239166, -0.9216420650482178, -0.16356699168682098, -0.6173735857009888, 0.45103031396865845, 1.38063645362854, -0.035652436316013336, -1.0785839557647705, -0.18464912474155426, 0.8958749771118164, -1.241307020187378, -1.5615260601043701, -0.3741597533226013, 0.49661749601364136, -1.5325725078582764, 0.6274957656860352, -0.08424259722232819, 0.652309000492096, 0.7778249382972717, -1.0452921390533447, 0.06333768367767334, 0.8762427568435669, 0.4709142744541168, 0.43106529116630554, 0.29412636160850525, -0.10663540661334991, -0.473496675491333, 0.46119993925094604, -1.1286736726760864, -0.7757035493850708, -1.812290906906128, 1.270643711090088, 1.2288637161254883, 0.018927961587905884, 0.05707957595586777, 0.4938558340072632, 1.029306411743164, -1.4439648389816284, 0.08259880542755127, -0.10601826012134552, 0.5852543115615845, -0.44850584864616394, -0.48723337054252625, -0.03667807579040527, 2.332685947418213, -1.7762962579727173, 0.6354799866676331, -0.20078939199447632, -1.155308485031128, 0.6681402325630188, 0.726690411567688, 1.1344939470291138, 0.20236317813396454, -1.6613296270370483, -0.5798487067222595, 0.08658790588378906, -1.3589611053466797, -0.9944331049919128, -0.6406555771827698, 0.42267683148384094, -1.078901767730713, 0.8282313346862793, -1.055901050567627, 0.9936783313751221, 0.7120591402053833, -0.7692327499389648, -1.3895745277404785, -0.45187538862228394, 0.01269017904996872, -0.4249427318572998, 0.5065186023712158, 1.1240077018737793, -0.4194263815879822, -0.26833969354629517, 0.6105407476425171, -0.35408514738082886, 0.5818226933479309, 0.4209654927253723, -0.06043630093336105, -0.03227241337299347, -0.14871637523174286, 0.9685924649238586, -0.5052515864372253, -0.7233983278274536, 1.0928597450256348, -1.0001004934310913, -0.10226607322692871, -0.13454309105873108, 0.8109145164489746, -0.18787223100662231, -1.2283767461776733, -0.569774329662323, -1.3603171110153198, 0.6454316973686218, 0.1829715073108673, -1.0634013414382935, -0.16488002240657806, -0.6272774934768677, -1.7755796909332275, -1.0181598663330078, 0.6224023103713989, 1.6317604780197144, -0.15852786600589752, 0.01648406684398651, -0.5731494426727295, -0.19474253058433533, -0.05411168560385704, -0.9364504218101501, 0.1949140429496765, 1.1009140014648438, -0.504998505115509, 0.2506370544433594, -0.07783527672290802, -0.5247860550880432, 0.13138729333877563, -1.183585286140442, 0.09522421658039093, -0.3957713544368744, -0.5515057444572449, 0.21170511841773987, 0.9291691780090332, -1.0039314031600952, 0.6751946806907654, 0.6081353425979614, -0.3894966244697571, 0.44019535183906555, 1.0848381519317627, -0.8237995505332947, -0.46606701612472534, -1.3916064500808716, -0.24258413910865784, 0.32148319482803345, 0.32051244378089905, -0.6099843382835388, 0.9384588599205017, 0.13703671097755432, -0.2044123411178589, -1.714442491531372, 0.564588725566864, -1.1226118803024292, -1.4534480571746826, -1.121531367301941, 0.4970504939556122, -0.34284788370132446, 0.4816688597202301, -1.194406270980835, 0.45041871070861816, -0.4426164925098419, 0.5159923434257507, 0.22300750017166138, 0.5953970551490784, -0.8165378570556641, -0.4794299900531769, -0.9561662077903748, -0.1280057728290558, 1.3651520013809204, 0.9514509439468384, -0.5416430234909058, -0.10688409209251404, 0.42906591296195984, 0.2226140797138214, 0.5309392213821411, 0.720791757106781, -0.1907360702753067, 0.03457941114902496, 1.9712014198303223, 0.061381593346595764, -0.6900116801261902, 0.7609656453132629, 0.2863730788230896, -0.5068676471710205, 0.4142230749130249, -0.4192824065685272, 0.28365880250930786, 0.021405868232250214, 0.2526084780693054, -1.0420807600021362, -0.02053726091980934, -0.30442458391189575, -0.811776876449585, -0.9293105602264404, -0.636701226234436, -1.1426384449005127, 0.8921101689338684, 0.3532752990722656, 0.6191648244857788, -0.49237191677093506, -0.14034737646579742, -0.34986716508865356, 0.5269629955291748, 0.5704428553581238, 0.6392911672592163, 0.031496696174144745, -0.052175141870975494, 0.4307626783847809, -0.18919511139392853, 0.25518304109573364, 0.5885964035987854, -0.9743569493293762, 1.5894066095352173, -0.7279922962188721, 0.3141952157020569, -0.18030044436454773, 0.783571183681488, 0.38176071643829346, -1.287872314453125, -0.7821148633956909, -0.9988058805465698, -0.33931848406791687, -0.7077949047088623, -0.42287349700927734, -1.4104650020599365, 0.02784481644630432, -0.5016741752624512, -0.6157752871513367, -0.572582483291626, 0.885739266872406, -0.7243636846542358, 0.21477870643138885, 0.004772491753101349, 0.6060609817504883, -0.02804003655910492, -0.38026297092437744, -1.2288661003112793, -0.5476177334785461, 0.5852425694465637, -1.719663143157959, 0.2939508855342865, 1.038869857788086, 0.2029803842306137, 1.270331621170044, 0.6550004482269287, 0.4138866662979126, 0.945500373840332, 1.2748831510543823, 0.7974605560302734, -1.3698854446411133, 0.24064840376377106, -0.5230567455291748, -0.8943375945091248, 0.20269086956977844, 0.42520594596862793, 0.2785484194755554, 0.40713125467300415, -0.3361779749393463, 1.310028076171875, 0.3444724678993225, -0.12294157594442368, 1.1203117370605469, -1.7491698265075684, 1.3530125617980957, -1.6122326850891113, -0.41865700483322144, 0.5044909715652466, -0.257557213306427, 0.21050629019737244, -0.16624343395233154, -0.22949077188968658, -0.9143804311752319, 0.23145657777786255, 1.2003334760665894, 0.2372814565896988, 0.12519626319408417, -0.7197472453117371, 0.26761046051979065, -0.4278542995452881, 0.20159253478050232, -0.18567347526550293, -0.9685271382331848, 0.3847815692424774, 0.989552915096283, 0.25777408480644226, -0.898656964302063, -0.5796318650245667, -0.061519742012023926, 0.5199066400527954, -0.8868825435638428, 0.27742087841033936, 0.8535938262939453, 0.29319071769714355, -0.13646820187568665, 0.8903853297233582, 0.35655856132507324, 0.3858150839805603, 0.28673720359802246, -0.4855465292930603, 0.2860020101070404, -0.23270197212696075, -0.5773169994354248, 0.5047624111175537, -1.3582797050476074, -0.350705087184906, 0.17320023477077484, -0.6801174283027649, -1.180045485496521, 0.21673637628555298, -1.706122636795044, 0.29027703404426575, -0.7393966913223267, -0.6318249106407166, 0.499320924282074, -0.10918663442134857, -0.7340308427810669, -0.7747249603271484, -0.5554673671722412, -0.6995571851730347, 0.8323569297790527, -1.3096455335617065, -0.11344560980796814, -0.4557003378868103, -0.9099445939064026, -0.5013476014137268, 0.06481572985649109, -1.2200599908828735, -0.269301176071167, 0.1825183928012848, -0.5968361496925354, -0.7837210893630981, 0.953379213809967, 0.2422618716955185, 0.5199108123779297, -1.2043524980545044, -0.4406388998031616, -0.1552453488111496, 0.5939242243766785, 0.05465979874134064, -0.05230748653411865, 0.7217108011245728, -0.7274208068847656, -0.609640896320343, 1.2462821006774902, -0.2871069312095642, -0.5974141955375671, -0.36722615361213684, 0.49742764234542847, 0.41284891963005066, 0.3160274624824524, -2.240220069885254, -0.31244969367980957, -1.3351829051971436, 1.089972972869873, 0.8605727553367615, 1.4999611377716064, 0.007046416401863098, -0.46155136823654175, 1.2592703104019165, 0.7804117202758789, -0.27243781089782715, 0.3946722149848938, -0.29423460364341736, -1.0924673080444336, -0.4516710638999939, -0.24717655777931213, 0.8225290775299072, 0.12414079904556274, 0.18197478353977203, 0.49350932240486145, 0.4515577554702759, -0.8152225017547607, -0.4403552711009979, 1.2505279779434204, -0.6905701756477356, -0.5799500346183777, 0.6007981896400452, 0.43595364689826965, -0.22250714898109436, -0.27038219571113586, 0.651338517665863, -0.49182093143463135, 1.7522616386413574, 0.08741247653961182, -0.7503116726875305, -0.06698668748140335, -0.24528996646404266, -0.4084576964378357, 0.0961189866065979, -1.4736624956130981, -0.9024122357368469, -0.4890725910663605, -0.5501130819320679, 0.5283538103103638, 0.46930643916130066, 0.4249292314052582, -0.5658813118934631, -0.823100209236145, -0.7248679399490356, 0.2339305579662323, 0.6668167114257812, -0.32170531153678894, 0.5592219829559326, -0.5342157483100891, -0.8377569317817688, -0.3052598834037781, -0.3334198296070099, 0.007172184530645609, 1.4397605657577515, 0.27136826515197754, 0.13345956802368164, 0.8699890375137329, -0.11913028359413147, 0.7971055507659912, -0.1901773065328598, 0.6806897521018982, -0.06410138309001923, 0.4383885860443115, -0.7447170615196228, -1.0090842247009277, -1.1781208515167236, -0.5091027021408081, 0.7783879041671753, -0.543818473815918, 0.6991407871246338, -0.16620725393295288, -0.17895524203777313, -0.6002494096755981, 0.025166239589452744, 0.31763043999671936, -1.1833178997039795, 1.9519083499908447, 0.9755193591117859, -0.23108984529972076, -0.5183415412902832, -0.20953868329524994, 0.37721362709999084, 0.17300288379192352, -0.10363368690013885, 1.2194207906723022, -1.6826956272125244, 0.5827545523643494, 1.5306615829467773, 2.1199095249176025, -1.667100191116333, 2.989469528198242, 2.1756694316864014, -1.0171241760253906, -0.7195624709129333, -1.2977001667022705, 0.7620647549629211, 0.7064269185066223, -0.9647530913352966, -0.5452360510826111, -2.2392585277557373, -0.724522054195404, -0.8346197009086609, 0.5830382108688354, -2.562375545501709, -0.05700668692588806, 1.1133098602294922, -0.06815911084413528, 1.4763782024383545, 1.424789547920227, -2.4693965911865234, -2.651421546936035, -1.2213741540908813, -0.7622215747833252, 2.992781639099121, 0.17815721035003662, 0.9323312044143677, -2.2898125648498535, -0.2790282666683197, -0.4608694911003113, 0.502147912979126, 1.6189719438552856, 0.060451433062553406, -1.6509042978286743, -0.66720050573349, -0.7542474865913391, 0.6735588312149048, -0.6530226469039917, -0.9519627094268799, -0.7443903684616089, -0.26137280464172363, 1.400197148323059, -0.2588890492916107, -1.3994072675704956, -0.04569908231496811, -1.8417551517486572, 1.174436330795288, 2.2526965141296387, -0.2747909426689148, -1.3084717988967896, -1.6582876443862915, 0.8604202270507812, 0.2399844229221344, -1.5940088033676147, -0.2932325601577759, 0.41096997261047363, -1.5899596214294434, -1.1087872982025146, -2.2499139308929443, 0.2565944194793701, -1.0642989873886108, 1.135799527168274, 0.29002824425697327, -1.6039729118347168, 0.6024896502494812, -1.3035457134246826, -2.505828857421875, 0.6545341610908508, -0.6135345697402954, 0.004504915326833725, 0.480724036693573, -0.7623180747032166, 0.08077540993690491, 0.33605799078941345, -1.6890532970428467, -0.5679967999458313, -1.5126028060913086, 1.040947437286377, 0.4544238746166229, 1.6121801137924194, -3.19051456451416, 1.5903562307357788, 3.7232534885406494, 1.615432620048523, 1.1460455656051636, -2.086832046508789, 0.7878732681274414, -1.2363303899765015, 0.49603697657585144, 2.6785929203033447, 2.25173282623291, -0.980575680732727, -2.4398293495178223, -0.8501827120780945, 0.6070572137832642, 0.13490621745586395, -0.7011355757713318, -0.7567577362060547, -1.7573531866073608, -3.513812303543091, -2.52008318901062, 0.4402695894241333, 2.8956992626190186, -1.457633137702942, 1.7977768182754517, -1.3358652591705322, 0.21649706363677979, 3.3674569129943848, -1.5293601751327515, 2.2037768363952637, -3.192265033721924, 2.5799989700317383, 0.3581583499908447, -2.514385223388672, 0.1620725691318512, 0.6934953927993774, 2.6916074752807617, 1.9773622751235962, 2.7601187229156494, 0.982744038105011, -0.5562673211097717, -1.3281747102737427, -0.8472158312797546, 1.960025668144226, -0.9314507842063904]"
45,1,قرار,input_doc,"الجمهورية العربية السورية
وزار لدو ارد الماتية ا
الهيئة العامة للموارد المائية
قرار رقم بكل/
إن المدير العام
بناء على أحكام المرسوم رقم /46/ لعام ‎7١٠١‏
‏و على أحكام القانون الأساسي للعاملين في الدولة رقم /20/ لعام ‎٠٠١٠١‏
‏وعلى أحكام المرسوم التشريعي رقم /10/ تاريخ 74 / إ١١٠٠‏
وعلى قرار السيد رئيس مجلس الوزراء رقم ‎٠١/‏ 177 / تاريخ 8 8 ‎٠١٠""‏
‏وعلى قرار السيد وزير الري رقم /17597/ تاريخ ‎٠٠١١# /٠١ /١١‏
و على جاب تاب العاظة
وعلى كتاب مديرية الموارد المائية بطرطوس رقم / 01م / تاريخ / » ‎١٠١٠‏

مادة ‎/١/‏ : يحدد مكان عمل السيد محمد ابراهيم ابراهيم العامل بوظيفة مهندس زراعي من الفئفة
الأولى في مديرية الموارد المائتية بطرطوس بدلا من الإدارة المركزية - الهيئة العامة
للموارد المائية بنفس وظيفته وفئته وأجره الشهري المقطوع البالغ ‎)١67889(‏ ل . س

مادة /؟/ : تسرف النفقة الناجمة عن هذا القرار صن اغعصادات الهيئة العامة للمو ارد الماتية

مديرية الموارد المائية في محافظة طرطوس
مادة /7/ : يبلغ هذا القرار من يلزم لتنفيذه
دمشق فيه/ ‎٠١٠/‏

المدير العام
المهندس طاهر حاج حسن","[-0.22083048522472382, 1.3779115676879883, 0.7875183820724487, 0.03250816464424133, 1.3876327276229858, 0.3928535580635071, 0.03685453161597252, 0.6717063784599304, -0.45811304450035095, -1.7808964252471924, 0.15677478909492493, -0.23865291476249695, -0.7688266038894653, -0.2563096880912781, -0.2166135311126709, 1.1335152387619019, 1.5053255558013916, 0.29376837611198425, -0.12610219419002533, -0.1010904461145401, 1.1002799272537231, -0.5037025213241577, -0.1604285091161728, 1.1007709503173828, 0.22841648757457733, -0.16984784603118896, -0.532113790512085, 0.9291568398475647, 0.20051689445972443, 0.23730531334877014, -0.07567304372787476, 0.9375201463699341, -0.8198099136352539, 1.1272602081298828, -0.9828003644943237, 0.09701566398143768, 0.1267346441745758, 0.8130210638046265, -1.3815196752548218, -0.07727545499801636, -1.328005313873291, -0.5605381727218628, -0.22665615379810333, 0.09869380295276642, -1.089934229850769, -0.314792275428772, 0.5073935389518738, 0.40226879715919495, -0.5226560235023499, 1.0028226375579834, -0.6332719326019287, 0.31006884574890137, 0.26701080799102783, 0.2527594566345215, 0.4474409222602844, 0.909741997718811, -1.1076260805130005, -0.6851679086685181, -0.9727154970169067, -0.15778112411499023, 0.2924427390098572, -0.828478991985321, -1.3209021091461182, -0.36502712965011597, 0.7817463278770447, -0.032353997230529785, 0.6846622228622437, -1.8329992294311523, 0.47401005029678345, 0.393444299697876, -0.4281701445579529, 1.0332376956939697, 0.7646433711051941, -0.1835557222366333, 0.6951262950897217, -0.7387420535087585, 0.1769770383834839, 0.8610894083976746, 0.3688758611679077, 0.29892387986183167, -0.361571729183197, -0.16917909681797028, -1.470869779586792, -0.479702353477478, 0.9127155542373657, 0.4175545573234558, 0.11479119956493378, 0.18787722289562225, 1.7718877792358398, -0.24670395255088806, 0.4487578570842743, 0.6755856275558472, 0.10445472598075867, 0.6315070390701294, -0.457501083612442, 0.7538742423057556, 0.9588926434516907, -0.36326172947883606, -1.254836916923523, 0.0930134505033493, 1.3971741199493408, -0.6521835327148438, 0.7872751355171204, 0.590968132019043, 0.4996320605278015, 1.257365107536316, -1.0507893562316895, 0.8559876084327698, -0.7115062475204468, -5.835704326629639, 0.40666335821151733, -0.21451443433761597, -0.5734933018684387, 0.3009902238845825, 0.01457950472831726, 0.4769206941127777, 0.6091238260269165, -0.13907945156097412, -1.127987265586853, 0.35092413425445557, -0.11888792365789413, -0.46962863206863403, -1.5051409006118774, -0.3057700991630554, -0.8684866428375244, 1.0427762269973755, 0.22577303647994995, -0.7684990167617798, -0.7876989245414734, -0.16979359090328217, 0.4801059067249298, -0.1559523344039917, -0.6714187264442444, -0.9812486171722412, 0.3842223584651947, -0.5210607051849365, -0.5635407567024231, -1.352964162826538, 1.0225064754486084, 0.9189026951789856, 0.47050896286964417, 0.5272309184074402, 0.1937517672777176, -1.110276460647583, 0.644895076751709, 0.7533811926841736, 0.5052303671836853, 0.3812679648399353, 0.5381750464439392, 0.1878763884305954, 0.19894325733184814, -0.9126197099685669, -0.08324719220399857, -0.3490704298019409, 8.253472328186035, 0.4124962091445923, -0.10744339972734451, 0.31427091360092163, 0.0846935510635376, 0.46394890546798706, 1.3882588148117065, 0.7638896703720093, -0.7416327595710754, 0.9381605386734009, -0.4745681583881378, -1.1377215385437012, -0.8190063238143921, -0.2464440017938614, -0.1433870494365692, 0.04536368325352669, -0.4799460172653198, 0.10420385003089905, 0.7692718505859375, 0.1297939121723175, -1.7113701105117798, 0.1917053908109665, -0.5143580436706543, 0.13104033470153809, -1.0882648229599, -1.2879167795181274, -0.2637617290019989, -0.35012713074684143, -0.32752934098243713, 1.1870815753936768, -0.3398016691207886, 0.35150718688964844, 0.1275211125612259, -0.1825110763311386, 0.6180757284164429, 0.20036233961582184, 0.26108217239379883, 0.8130645155906677, 0.5218755602836609, 0.5175608396530151, -1.25067138671875, -0.5987095832824707, -1.2941433191299438, 0.3180987238883972, -0.6519445180892944, -0.9420168399810791, 0.5612674355506897, -0.5454797148704529, -0.3291049897670746, -0.2737311124801636, 0.5800754427909851, -0.8007377982139587, -1.0386518239974976, 0.07467269152402878, 0.7763846516609192, -1.7023096084594727, -0.480735182762146, 0.06305432319641113, -1.7584999799728394, 0.3086937963962555, -1.101151466369629, -1.2518978118896484, -0.8425811529159546, 0.5071612000465393, -0.4552190899848938, -0.21937307715415955, 1.4875563383102417, 0.49951988458633423, -0.8469908833503723, 0.36353880167007446, 2.3048453330993652, 0.1517002284526825, 0.1460922807455063, 1.0523333549499512, -0.009236279875040054, -1.7219719886779785, 0.6016649007797241, -0.014206841588020325, 0.8626150488853455, -0.605331301689148, 0.7868914008140564, -0.7437660098075867, 0.19440589845180511, 1.3979098796844482, -0.5557259917259216, -0.1275293529033661, 0.48078757524490356, 0.8480144739151001, -1.1454154253005981, -1.1923223733901978, -0.13854031264781952, -0.039440903812646866, 0.06172454357147217, -1.327155351638794, -0.6260054111480713, 0.7648710012435913, 1.196570634841919, -0.3375203013420105, -0.8366584777832031, -0.41423749923706055, -1.9404215812683105, -0.5659387707710266, -0.9348757266998291, -0.5343560576438904, 0.16455745697021484, -0.35939309000968933, 0.3586421608924866, -0.02602158486843109, 0.39439457654953003, -0.2555997371673584, 0.6394625902175903, 0.21349918842315674, -0.02788674831390381, -0.5117533206939697, -0.7801614999771118, 0.788680911064148, -0.23296363651752472, -0.18615195155143738, -0.18387864530086517, 0.7703546285629272, -1.6182395219802856, -0.2708275616168976, 0.32405054569244385, -0.24277572333812714, 0.6145577430725098, -0.09491982311010361, -0.36007577180862427, -0.9188501834869385, -0.7551525235176086, 0.44327211380004883, 0.0938098356127739, -0.13412323594093323, 0.11072841286659241, -0.02834966778755188, 0.2125207483768463, -0.3786765933036804, 0.09688735008239746, 0.035800062119960785, 0.14251366257667542, -0.5691990852355957, -0.42626041173934937, -0.6729617118835449, 1.3377772569656372, -0.8979405164718628, -0.33778971433639526, 0.3460157513618469, -0.5826273560523987, -0.41183942556381226, -0.22299320995807648, 1.114877700805664, 0.2023470401763916, -0.9703553915023804, 0.2782400846481323, -1.4932702779769897, 0.48639875650405884, -0.39392098784446716, -0.6217432022094727, -0.2422492653131485, -1.101309061050415, 3.7991909980773926, -0.3395301103591919, 1.3514416217803955, -1.305753231048584, 0.904394268989563, 0.5566258430480957, -0.27818459272384644, 0.22316259145736694, 0.12516134977340698, 0.9936104416847229, -0.29227903485298157, 0.846501350402832, -0.6192983388900757, -0.2715526819229126, -0.42098021507263184, 0.3367002606391907, -0.06071242690086365, 0.1124691367149353, 0.5343716740608215, 0.09433613717556, -0.13975057005882263, 0.3184475898742676, 0.1638161838054657, -0.14434432983398438, -0.1164814829826355, -0.27176550030708313, 0.2848952114582062, -0.8973956108093262, -0.3358105719089508, 0.1385243833065033, -0.23566041886806488, 1.4276413917541504, 1.1286509037017822, -0.31818050146102905, -0.9566983580589294, 0.13195309042930603, 0.6926771402359009, -0.5882026553153992, -2.018253803253174, -0.5494110584259033, -0.10700429975986481, -0.907482385635376, 0.8196145296096802, 0.1781015247106552, 0.9814627170562744, 1.1621930599212646, -0.7358814477920532, 0.17739996314048767, 1.4044634103775024, -0.15504561364650726, 0.13152554631233215, 0.5939595103263855, -0.1904686689376831, -0.43166404962539673, 0.2045302838087082, -0.6647684574127197, -1.2167059183120728, -1.1345412731170654, 0.9328451156616211, 0.6891137361526489, -0.103024423122406, 0.46840882301330566, 0.4095063805580139, 0.3390849828720093, -1.5383470058441162, -0.49995023012161255, -0.7003786563873291, 0.21564771234989166, -0.5067887306213379, 0.05196341127157211, 0.09190638363361359, 2.0914244651794434, -1.554808259010315, 1.6854273080825806, -0.601256251335144, -1.351567268371582, 1.2258970737457275, 1.4108589887619019, 0.17217133939266205, 0.10336270928382874, -0.09900714457035065, -0.6638251543045044, 0.03969375416636467, -1.8002346754074097, -0.4741182327270508, -0.5063056945800781, 0.9825368523597717, -1.0207598209381104, 0.7371365427970886, -0.7144771814346313, 0.38418400287628174, 1.2788896560668945, -0.4219285249710083, -0.9192895889282227, 0.0693972036242485, 0.33321595191955566, 0.0015710443258285522, 0.9719090461730957, 0.8280075788497925, -0.781583309173584, 0.06476785987615585, 1.0437453985214233, -0.3899189233779907, 0.4393408000469208, 0.07459970563650131, 0.2905251085758209, 0.5369392037391663, -0.47663167119026184, 0.8896476030349731, -0.5094202160835266, -0.5719913840293884, 1.6325547695159912, -0.5509273409843445, 1.3711093664169312, -0.207816943526268, 0.32047829031944275, -0.6590744256973267, -0.9348343014717102, -0.3642466962337494, -1.4135195016860962, 0.5288450121879578, -0.08340083062648773, -1.587558388710022, 0.2614075839519501, -0.6217147707939148, -1.64729642868042, -1.5710108280181885, 0.7499998807907104, 0.9055728912353516, -0.006779424846172333, -0.9785242080688477, -0.2975015640258789, 0.3492504358291626, -0.04107547178864479, -0.7912726402282715, 0.2875881493091583, 1.3380563259124756, -0.30828535556793213, 0.9654018878936768, -0.0070465803146362305, -0.6528146862983704, -0.3058253228664398, -1.4978313446044922, -0.4405210018157959, -0.44622743129730225, -0.7684322595596313, 0.02898852527141571, 1.1606498956680298, -0.8621612787246704, 1.540325403213501, 0.22018949687480927, -1.0152764320373535, 1.0516841411590576, 0.4293765425682068, -0.3195396661758423, -0.8805402517318726, -1.3237278461456299, -0.851036012172699, 1.2086403369903564, 0.2887771427631378, -0.7360026836395264, 1.1616873741149902, -0.04448625445365906, -0.41466814279556274, -1.377185583114624, 0.39910537004470825, -0.8239205479621887, -1.197314977645874, -0.5894525051116943, 0.673491358757019, -0.6468456387519836, -0.0455888956785202, -1.3551172018051147, -0.20558151602745056, -0.09107059985399246, 0.5891518592834473, 0.2207920253276825, -0.41335445642471313, -0.17246420681476593, -0.050493136048316956, -0.8044866919517517, -0.6855103969573975, 0.29887473583221436, 0.7807618975639343, 0.13556599617004395, -0.7736335396766663, 0.6574091911315918, -0.36931294202804565, 0.4502013027667999, 1.166519284248352, -0.10529597103595734, 0.08268765360116959, 2.017373561859131, -0.5237254500389099, -0.5525211691856384, 1.0505582094192505, 0.30969536304473877, -0.4327351748943329, -0.11440957337617874, -0.22546949982643127, -0.07577788829803467, 0.18656803667545319, -0.15094122290611267, -0.3548429012298584, -0.18001458048820496, 0.21256792545318604, -0.460534006357193, -1.5344057083129883, -0.21145924925804138, -1.002866268157959, -0.12830109894275665, 0.23155376315116882, -0.4866184890270233, 0.007536992430686951, -0.22373758256435394, -0.011891663074493408, 0.7035815119743347, 0.9111348390579224, -0.08885517716407776, 0.26197201013565063, -0.08464352786540985, 0.14609065651893616, -0.47988197207450867, 0.3249426484107971, 0.4231894612312317, -0.9553481936454773, 1.535946011543274, 0.04905213415622711, -0.026634007692337036, -0.052918922156095505, 0.3674176037311554, 0.022705957293510437, -1.2946877479553223, -1.3096085786819458, -0.08163532614707947, -0.6535399556159973, -1.1551638841629028, -0.09735454618930817, -1.3069788217544556, -0.16146112978458405, 0.14249897003173828, -0.4122084975242615, -1.5484427213668823, 1.1688852310180664, -0.525970458984375, 0.7972067594528198, 0.017343953251838684, 1.0977520942687988, 0.6390988230705261, 0.3765030801296234, -1.4985339641571045, -0.1458631157875061, 0.6873540282249451, -2.1131820678710938, 0.4941953420639038, 0.6438601016998291, 0.7769387364387512, 0.775701642036438, 0.3601422905921936, 0.19999182224273682, 1.2214444875717163, 1.2267372608184814, 0.7421742081642151, -1.3826037645339966, 0.37378188967704773, -0.4019509255886078, -0.32310056686401367, -0.0945177748799324, 0.5491310358047485, 0.22394828498363495, 1.2475208044052124, 0.12158197164535522, 0.10335244238376617, 0.3779677748680115, -0.6924661993980408, 0.2302754521369934, -1.212404489517212, 0.7023497223854065, -1.5437774658203125, 0.5662790536880493, 1.2789151668548584, -0.07333572208881378, 0.8042070865631104, 0.2971927523612976, -0.25725364685058594, -0.9035803079605103, -0.23987580835819244, 1.1545779705047607, -0.05471014976501465, 0.7120631337165833, -0.6237092018127441, -0.3334967792034149, 0.4389219880104065, -0.2130683958530426, -0.5059645175933838, -0.8700253367424011, 0.7099480032920837, -0.24822509288787842, 0.17472144961357117, -1.130882740020752, 0.10934476554393768, 0.4422672986984253, 0.31680262088775635, -1.0506566762924194, -0.005406096577644348, 0.8309415578842163, 0.4698406457901001, 0.4993319511413574, 0.46103718876838684, 0.5300229787826538, 0.07705727964639664, -0.05250052735209465, -1.1971689462661743, -0.5287366509437561, -0.6238593459129333, -0.3091071546077728, 1.2287876605987549, -0.794460654258728, -1.0526032447814941, -0.11672548949718475, -1.1498371362686157, -1.6505908966064453, 0.3367885649204254, -1.3990809917449951, 0.258466511964798, -0.481643408536911, -0.21507492661476135, 0.9110583066940308, -0.3300238847732544, -0.40260177850723267, -0.5328130722045898, -0.40501874685287476, -0.3032098114490509, 1.0215461254119873, -1.259169101715088, -0.030055388808250427, -0.4731331467628479, -1.1007435321807861, -0.14970101416110992, -0.5213996171951294, -0.8884375691413879, -0.5021136999130249, -0.29097455739974976, 0.16489583253860474, -1.3460553884506226, 0.9175413846969604, 0.4619365930557251, 0.31091317534446716, -0.9750121831893921, 0.2850053012371063, -0.3344113826751709, 0.3943653702735901, 0.08346568048000336, -0.07904604077339172, 0.20458047091960907, -0.9517994523048401, -0.5885146856307983, 0.8016226291656494, -0.44553694128990173, -0.9708151817321777, 0.5000971555709839, 0.6977546811103821, 0.9725494980812073, 0.4245409369468689, -0.964706540107727, -0.23224188387393951, -1.1583068370819092, 0.524381697177887, 1.0184773206710815, 1.0428045988082886, 0.28220534324645996, -0.2358628511428833, 1.7069793939590454, 0.9012847542762756, -0.7599576115608215, 0.13677488267421722, -0.23947253823280334, -1.2021032571792603, 0.14540256559848785, -0.4651429057121277, 1.7976964712142944, -0.5908821821212769, -0.7258680462837219, 0.8926742076873779, 0.05828142911195755, -1.5523476600646973, 0.39360368251800537, 1.164126992225647, -1.0992339849472046, -0.9144732356071472, 0.6037676930427551, 0.0005246801301836967, -0.3431050777435303, -0.3712766766548157, 0.3521488904953003, -1.1026479005813599, 1.354783535003662, 0.1925109326839447, -0.8144890069961548, 0.09096802771091461, 0.6862512826919556, -0.6096557378768921, 0.2499389946460724, -1.849291205406189, -0.7745715975761414, -0.5759935975074768, -0.03028063476085663, 0.8588589429855347, 0.7772538661956787, -0.3529209792613983, -0.38108086585998535, -1.0862070322036743, -0.1517740786075592, 0.05476438254117966, 0.35296761989593506, -0.12220145016908646, 0.1254412978887558, -0.6933955550193787, -1.1442421674728394, 0.14019045233726501, -0.17415215075016022, -0.4988347589969635, 0.8531012535095215, 0.021138131618499756, 0.4842689335346222, 0.06003451347351074, -0.37309160828590393, 0.4457847476005554, -0.29164549708366394, 0.8752371072769165, -0.18452294170856476, 0.5138534307479858, -0.36017510294914246, -1.721158742904663, -1.4165377616882324, -0.2522866725921631, -0.02136904001235962, -0.9010382890701294, 0.685945987701416, -0.2553744614124298, -0.682234525680542, -0.7813365459442139, 0.04286082461476326, -0.1730269193649292, -1.0161606073379517, 1.06813645362854, 1.4632441997528076, -0.035934463143348694, -0.4982045292854309, 0.37804877758026123, -0.10810248553752899, -0.12884050607681274, 0.6758394241333008, 1.0104387998580933, -1.7763768434524536]","[0.6957283616065979, 1.9788219928741455, 3.078214645385742, -2.2472193241119385, 3.964884042739868, 3.061201810836792, -1.324793815612793, -0.9566829800605774, -1.692827582359314, 0.9098039269447327, 0.987190306186676, -1.373018741607666, -0.7714030742645264, -2.909353017807007, -1.0182057619094849, -1.1402714252471924, 0.6966836452484131, -3.3964109420776367, -0.028257710859179497, 1.2901530265808105, -0.10310143977403641, 1.7909680604934692, 1.978299856185913, -3.3842098712921143, -3.716665506362915, -1.6672074794769287, -1.0333784818649292, 3.8857903480529785, 0.3532871603965759, 1.147726058959961, -2.9842607975006104, -0.258046418428421, -0.7726624011993408, 0.561643123626709, 1.9892939329147339, -0.0442320853471756, -2.0762903690338135, -0.6974872946739197, -0.8770788311958313, 0.7197801470756531, -0.9602504968643188, -1.2381412982940674, -1.0110535621643066, -0.17486414313316345, 1.8750652074813843, -0.4798528850078583, -2.1460158824920654, -0.13140180706977844, -2.4593241214752197, 1.7161822319030762, 3.183187484741211, -0.6009902358055115, -1.5292339324951172, -2.286477565765381, 1.039251446723938, 0.23458901047706604, -2.0641093254089355, -0.41077929735183716, 0.8452866077423096, -2.13885235786438, -1.6320888996124268, -2.9353678226470947, 0.31615492701530457, -1.342785120010376, 1.4782781600952148, 0.35371047258377075, -2.3706328868865967, 0.8941152691841125, -1.8337057828903198, -3.515599012374878, 0.8994649052619934, -0.7679893970489502, -0.21471059322357178, 0.5579889416694641, -0.8859472870826721, 0.00404449924826622, 0.4161883294582367, -2.1977734565734863, -0.8968178033828735, -1.9027951955795288, 1.2730815410614014, 0.6348035931587219, 2.058641195297241, -4.024959087371826, 2.121711015701294, 4.682825565338135, 2.113027572631836, 1.4787338972091675, -2.7759511470794678, 0.8885703086853027, -1.5078723430633545, 0.7233255505561829, 3.4141199588775635, 2.9169445037841797, -1.2972688674926758, -3.3038129806518555, -0.9845165610313416, 0.7978099584579468, 0.028036992996931076, -0.7804690599441528, -1.126097559928894, -2.456538677215576, -4.559847831726074, -3.215022325515747, 0.3923393487930298, 3.8288686275482178, -1.7279049158096313, 2.422907590866089, -1.7802258729934692, 0.43426936864852905, 4.465813636779785, -1.953457236289978, 2.8960928916931152, -4.439722537994385, 3.262406587600708, 0.325215220451355, -3.3499155044555664, 0.26850569248199463, 1.0991227626800537, 3.495624303817749, 2.672184467315674, 3.59726881980896, 1.3843324184417725, -0.9233189821243286, -1.696672797203064, -1.0569543838500977, 2.928718090057373, -1.2989792823791504]","[-0.22083048522472382, 1.3779115676879883, 0.7875183820724487, 0.03250816464424133, 1.3876327276229858, 0.3928535580635071, 0.03685453161597252, 0.6717063784599304, -0.45811304450035095, -1.7808964252471924, 0.15677478909492493, -0.23865291476249695, -0.7688266038894653, -0.2563096880912781, -0.2166135311126709, 1.1335152387619019, 1.5053255558013916, 0.29376837611198425, -0.12610219419002533, -0.1010904461145401, 1.1002799272537231, -0.5037025213241577, -0.1604285091161728, 1.1007709503173828, 0.22841648757457733, -0.16984784603118896, -0.532113790512085, 0.9291568398475647, 0.20051689445972443, 0.23730531334877014, -0.07567304372787476, 0.9375201463699341, -0.8198099136352539, 1.1272602081298828, -0.9828003644943237, 0.09701566398143768, 0.1267346441745758, 0.8130210638046265, -1.3815196752548218, -0.07727545499801636, -1.328005313873291, -0.5605381727218628, -0.22665615379810333, 0.09869380295276642, -1.089934229850769, -0.314792275428772, 0.5073935389518738, 0.40226879715919495, -0.5226560235023499, 1.0028226375579834, -0.6332719326019287, 0.31006884574890137, 0.26701080799102783, 0.2527594566345215, 0.4474409222602844, 0.909741997718811, -1.1076260805130005, -0.6851679086685181, -0.9727154970169067, -0.15778112411499023, 0.2924427390098572, -0.828478991985321, -1.3209021091461182, -0.36502712965011597, 0.7817463278770447, -0.032353997230529785, 0.6846622228622437, -1.8329992294311523, 0.47401005029678345, 0.393444299697876, -0.4281701445579529, 1.0332376956939697, 0.7646433711051941, -0.1835557222366333, 0.6951262950897217, -0.7387420535087585, 0.1769770383834839, 0.8610894083976746, 0.3688758611679077, 0.29892387986183167, -0.361571729183197, -0.16917909681797028, -1.470869779586792, -0.479702353477478, 0.9127155542373657, 0.4175545573234558, 0.11479119956493378, 0.18787722289562225, 1.7718877792358398, -0.24670395255088806, 0.4487578570842743, 0.6755856275558472, 0.10445472598075867, 0.6315070390701294, -0.457501083612442, 0.7538742423057556, 0.9588926434516907, -0.36326172947883606, -1.254836916923523, 0.0930134505033493, 1.3971741199493408, -0.6521835327148438, 0.7872751355171204, 0.590968132019043, 0.4996320605278015, 1.257365107536316, -1.0507893562316895, 0.8559876084327698, -0.7115062475204468, -5.835704326629639, 0.40666335821151733, -0.21451443433761597, -0.5734933018684387, 0.3009902238845825, 0.01457950472831726, 0.4769206941127777, 0.6091238260269165, -0.13907945156097412, -1.127987265586853, 0.35092413425445557, -0.11888792365789413, -0.46962863206863403, -1.5051409006118774, -0.3057700991630554, -0.8684866428375244, 1.0427762269973755, 0.22577303647994995, -0.7684990167617798, -0.7876989245414734, -0.16979359090328217, 0.4801059067249298, -0.1559523344039917, -0.6714187264442444, -0.9812486171722412, 0.3842223584651947, -0.5210607051849365, -0.5635407567024231, -1.352964162826538, 1.0225064754486084, 0.9189026951789856, 0.47050896286964417, 0.5272309184074402, 0.1937517672777176, -1.110276460647583, 0.644895076751709, 0.7533811926841736, 0.5052303671836853, 0.3812679648399353, 0.5381750464439392, 0.1878763884305954, 0.19894325733184814, -0.9126197099685669, -0.08324719220399857, -0.3490704298019409, 8.253472328186035, 0.4124962091445923, -0.10744339972734451, 0.31427091360092163, 0.0846935510635376, 0.46394890546798706, 1.3882588148117065, 0.7638896703720093, -0.7416327595710754, 0.9381605386734009, -0.4745681583881378, -1.1377215385437012, -0.8190063238143921, -0.2464440017938614, -0.1433870494365692, 0.04536368325352669, -0.4799460172653198, 0.10420385003089905, 0.7692718505859375, 0.1297939121723175, -1.7113701105117798, 0.1917053908109665, -0.5143580436706543, 0.13104033470153809, -1.0882648229599, -1.2879167795181274, -0.2637617290019989, -0.35012713074684143, -0.32752934098243713, 1.1870815753936768, -0.3398016691207886, 0.35150718688964844, 0.1275211125612259, -0.1825110763311386, 0.6180757284164429, 0.20036233961582184, 0.26108217239379883, 0.8130645155906677, 0.5218755602836609, 0.5175608396530151, -1.25067138671875, -0.5987095832824707, -1.2941433191299438, 0.3180987238883972, -0.6519445180892944, -0.9420168399810791, 0.5612674355506897, -0.5454797148704529, -0.3291049897670746, -0.2737311124801636, 0.5800754427909851, -0.8007377982139587, -1.0386518239974976, 0.07467269152402878, 0.7763846516609192, -1.7023096084594727, -0.480735182762146, 0.06305432319641113, -1.7584999799728394, 0.3086937963962555, -1.101151466369629, -1.2518978118896484, -0.8425811529159546, 0.5071612000465393, -0.4552190899848938, -0.21937307715415955, 1.4875563383102417, 0.49951988458633423, -0.8469908833503723, 0.36353880167007446, 2.3048453330993652, 0.1517002284526825, 0.1460922807455063, 1.0523333549499512, -0.009236279875040054, -1.7219719886779785, 0.6016649007797241, -0.014206841588020325, 0.8626150488853455, -0.605331301689148, 0.7868914008140564, -0.7437660098075867, 0.19440589845180511, 1.3979098796844482, -0.5557259917259216, -0.1275293529033661, 0.48078757524490356, 0.8480144739151001, -1.1454154253005981, -1.1923223733901978, -0.13854031264781952, -0.039440903812646866, 0.06172454357147217, -1.327155351638794, -0.6260054111480713, 0.7648710012435913, 1.196570634841919, -0.3375203013420105, -0.8366584777832031, -0.41423749923706055, -1.9404215812683105, -0.5659387707710266, -0.9348757266998291, -0.5343560576438904, 0.16455745697021484, -0.35939309000968933, 0.3586421608924866, -0.02602158486843109, 0.39439457654953003, -0.2555997371673584, 0.6394625902175903, 0.21349918842315674, -0.02788674831390381, -0.5117533206939697, -0.7801614999771118, 0.788680911064148, -0.23296363651752472, -0.18615195155143738, -0.18387864530086517, 0.7703546285629272, -1.6182395219802856, -0.2708275616168976, 0.32405054569244385, -0.24277572333812714, 0.6145577430725098, -0.09491982311010361, -0.36007577180862427, -0.9188501834869385, -0.7551525235176086, 0.44327211380004883, 0.0938098356127739, -0.13412323594093323, 0.11072841286659241, -0.02834966778755188, 0.2125207483768463, -0.3786765933036804, 0.09688735008239746, 0.035800062119960785, 0.14251366257667542, -0.5691990852355957, -0.42626041173934937, -0.6729617118835449, 1.3377772569656372, -0.8979405164718628, -0.33778971433639526, 0.3460157513618469, -0.5826273560523987, -0.41183942556381226, -0.22299320995807648, 1.114877700805664, 0.2023470401763916, -0.9703553915023804, 0.2782400846481323, -1.4932702779769897, 0.48639875650405884, -0.39392098784446716, -0.6217432022094727, -0.2422492653131485, -1.101309061050415, 3.7991909980773926, -0.3395301103591919, 1.3514416217803955, -1.305753231048584, 0.904394268989563, 0.5566258430480957, -0.27818459272384644, 0.22316259145736694, 0.12516134977340698, 0.9936104416847229, -0.29227903485298157, 0.846501350402832, -0.6192983388900757, -0.2715526819229126, -0.42098021507263184, 0.3367002606391907, -0.06071242690086365, 0.1124691367149353, 0.5343716740608215, 0.09433613717556, -0.13975057005882263, 0.3184475898742676, 0.1638161838054657, -0.14434432983398438, -0.1164814829826355, -0.27176550030708313, 0.2848952114582062, -0.8973956108093262, -0.3358105719089508, 0.1385243833065033, -0.23566041886806488, 1.4276413917541504, 1.1286509037017822, -0.31818050146102905, -0.9566983580589294, 0.13195309042930603, 0.6926771402359009, -0.5882026553153992, -2.018253803253174, -0.5494110584259033, -0.10700429975986481, -0.907482385635376, 0.8196145296096802, 0.1781015247106552, 0.9814627170562744, 1.1621930599212646, -0.7358814477920532, 0.17739996314048767, 1.4044634103775024, -0.15504561364650726, 0.13152554631233215, 0.5939595103263855, -0.1904686689376831, -0.43166404962539673, 0.2045302838087082, -0.6647684574127197, -1.2167059183120728, -1.1345412731170654, 0.9328451156616211, 0.6891137361526489, -0.103024423122406, 0.46840882301330566, 0.4095063805580139, 0.3390849828720093, -1.5383470058441162, -0.49995023012161255, -0.7003786563873291, 0.21564771234989166, -0.5067887306213379, 0.05196341127157211, 0.09190638363361359, 2.0914244651794434, -1.554808259010315, 1.6854273080825806, -0.601256251335144, -1.351567268371582, 1.2258970737457275, 1.4108589887619019, 0.17217133939266205, 0.10336270928382874, -0.09900714457035065, -0.6638251543045044, 0.03969375416636467, -1.8002346754074097, -0.4741182327270508, -0.5063056945800781, 0.9825368523597717, -1.0207598209381104, 0.7371365427970886, -0.7144771814346313, 0.38418400287628174, 1.2788896560668945, -0.4219285249710083, -0.9192895889282227, 0.0693972036242485, 0.33321595191955566, 0.0015710443258285522, 0.9719090461730957, 0.8280075788497925, -0.781583309173584, 0.06476785987615585, 1.0437453985214233, -0.3899189233779907, 0.4393408000469208, 0.07459970563650131, 0.2905251085758209, 0.5369392037391663, -0.47663167119026184, 0.8896476030349731, -0.5094202160835266, -0.5719913840293884, 1.6325547695159912, -0.5509273409843445, 1.3711093664169312, -0.207816943526268, 0.32047829031944275, -0.6590744256973267, -0.9348343014717102, -0.3642466962337494, -1.4135195016860962, 0.5288450121879578, -0.08340083062648773, -1.587558388710022, 0.2614075839519501, -0.6217147707939148, -1.64729642868042, -1.5710108280181885, 0.7499998807907104, 0.9055728912353516, -0.006779424846172333, -0.9785242080688477, -0.2975015640258789, 0.3492504358291626, -0.04107547178864479, -0.7912726402282715, 0.2875881493091583, 1.3380563259124756, -0.30828535556793213, 0.9654018878936768, -0.0070465803146362305, -0.6528146862983704, -0.3058253228664398, -1.4978313446044922, -0.4405210018157959, -0.44622743129730225, -0.7684322595596313, 0.02898852527141571, 1.1606498956680298, -0.8621612787246704, 1.540325403213501, 0.22018949687480927, -1.0152764320373535, 1.0516841411590576, 0.4293765425682068, -0.3195396661758423, -0.8805402517318726, -1.3237278461456299, -0.851036012172699, 1.2086403369903564, 0.2887771427631378, -0.7360026836395264, 1.1616873741149902, -0.04448625445365906, -0.41466814279556274, -1.377185583114624, 0.39910537004470825, -0.8239205479621887, -1.197314977645874, -0.5894525051116943, 0.673491358757019, -0.6468456387519836, -0.0455888956785202, -1.3551172018051147, -0.20558151602745056, -0.09107059985399246, 0.5891518592834473, 0.2207920253276825, -0.41335445642471313, -0.17246420681476593, -0.050493136048316956, -0.8044866919517517, -0.6855103969573975, 0.29887473583221436, 0.7807618975639343, 0.13556599617004395, -0.7736335396766663, 0.6574091911315918, -0.36931294202804565, 0.4502013027667999, 1.166519284248352, -0.10529597103595734, 0.08268765360116959, 2.017373561859131, -0.5237254500389099, -0.5525211691856384, 1.0505582094192505, 0.30969536304473877, -0.4327351748943329, -0.11440957337617874, -0.22546949982643127, -0.07577788829803467, 0.18656803667545319, -0.15094122290611267, -0.3548429012298584, -0.18001458048820496, 0.21256792545318604, -0.460534006357193, -1.5344057083129883, -0.21145924925804138, -1.002866268157959, -0.12830109894275665, 0.23155376315116882, -0.4866184890270233, 0.007536992430686951, -0.22373758256435394, -0.011891663074493408, 0.7035815119743347, 0.9111348390579224, -0.08885517716407776, 0.26197201013565063, -0.08464352786540985, 0.14609065651893616, -0.47988197207450867, 0.3249426484107971, 0.4231894612312317, -0.9553481936454773, 1.535946011543274, 0.04905213415622711, -0.026634007692337036, -0.052918922156095505, 0.3674176037311554, 0.022705957293510437, -1.2946877479553223, -1.3096085786819458, -0.08163532614707947, -0.6535399556159973, -1.1551638841629028, -0.09735454618930817, -1.3069788217544556, -0.16146112978458405, 0.14249897003173828, -0.4122084975242615, -1.5484427213668823, 1.1688852310180664, -0.525970458984375, 0.7972067594528198, 0.017343953251838684, 1.0977520942687988, 0.6390988230705261, 0.3765030801296234, -1.4985339641571045, -0.1458631157875061, 0.6873540282249451, -2.1131820678710938, 0.4941953420639038, 0.6438601016998291, 0.7769387364387512, 0.775701642036438, 0.3601422905921936, 0.19999182224273682, 1.2214444875717163, 1.2267372608184814, 0.7421742081642151, -1.3826037645339966, 0.37378188967704773, -0.4019509255886078, -0.32310056686401367, -0.0945177748799324, 0.5491310358047485, 0.22394828498363495, 1.2475208044052124, 0.12158197164535522, 0.10335244238376617, 0.3779677748680115, -0.6924661993980408, 0.2302754521369934, -1.212404489517212, 0.7023497223854065, -1.5437774658203125, 0.5662790536880493, 1.2789151668548584, -0.07333572208881378, 0.8042070865631104, 0.2971927523612976, -0.25725364685058594, -0.9035803079605103, -0.23987580835819244, 1.1545779705047607, -0.05471014976501465, 0.7120631337165833, -0.6237092018127441, -0.3334967792034149, 0.4389219880104065, -0.2130683958530426, -0.5059645175933838, -0.8700253367424011, 0.7099480032920837, -0.24822509288787842, 0.17472144961357117, -1.130882740020752, 0.10934476554393768, 0.4422672986984253, 0.31680262088775635, -1.0506566762924194, -0.005406096577644348, 0.8309415578842163, 0.4698406457901001, 0.4993319511413574, 0.46103718876838684, 0.5300229787826538, 0.07705727964639664, -0.05250052735209465, -1.1971689462661743, -0.5287366509437561, -0.6238593459129333, -0.3091071546077728, 1.2287876605987549, -0.794460654258728, -1.0526032447814941, -0.11672548949718475, -1.1498371362686157, -1.6505908966064453, 0.3367885649204254, -1.3990809917449951, 0.258466511964798, -0.481643408536911, -0.21507492661476135, 0.9110583066940308, -0.3300238847732544, -0.40260177850723267, -0.5328130722045898, -0.40501874685287476, -0.3032098114490509, 1.0215461254119873, -1.259169101715088, -0.030055388808250427, -0.4731331467628479, -1.1007435321807861, -0.14970101416110992, -0.5213996171951294, -0.8884375691413879, -0.5021136999130249, -0.29097455739974976, 0.16489583253860474, -1.3460553884506226, 0.9175413846969604, 0.4619365930557251, 0.31091317534446716, -0.9750121831893921, 0.2850053012371063, -0.3344113826751709, 0.3943653702735901, 0.08346568048000336, -0.07904604077339172, 0.20458047091960907, -0.9517994523048401, -0.5885146856307983, 0.8016226291656494, -0.44553694128990173, -0.9708151817321777, 0.5000971555709839, 0.6977546811103821, 0.9725494980812073, 0.4245409369468689, -0.964706540107727, -0.23224188387393951, -1.1583068370819092, 0.524381697177887, 1.0184773206710815, 1.0428045988082886, 0.28220534324645996, -0.2358628511428833, 1.7069793939590454, 0.9012847542762756, -0.7599576115608215, 0.13677488267421722, -0.23947253823280334, -1.2021032571792603, 0.14540256559848785, -0.4651429057121277, 1.7976964712142944, -0.5908821821212769, -0.7258680462837219, 0.8926742076873779, 0.05828142911195755, -1.5523476600646973, 0.39360368251800537, 1.164126992225647, -1.0992339849472046, -0.9144732356071472, 0.6037676930427551, 0.0005246801301836967, -0.3431050777435303, -0.3712766766548157, 0.3521488904953003, -1.1026479005813599, 1.354783535003662, 0.1925109326839447, -0.8144890069961548, 0.09096802771091461, 0.6862512826919556, -0.6096557378768921, 0.2499389946460724, -1.849291205406189, -0.7745715975761414, -0.5759935975074768, -0.03028063476085663, 0.8588589429855347, 0.7772538661956787, -0.3529209792613983, -0.38108086585998535, -1.0862070322036743, -0.1517740786075592, 0.05476438254117966, 0.35296761989593506, -0.12220145016908646, 0.1254412978887558, -0.6933955550193787, -1.1442421674728394, 0.14019045233726501, -0.17415215075016022, -0.4988347589969635, 0.8531012535095215, 0.021138131618499756, 0.4842689335346222, 0.06003451347351074, -0.37309160828590393, 0.4457847476005554, -0.29164549708366394, 0.8752371072769165, -0.18452294170856476, 0.5138534307479858, -0.36017510294914246, -1.721158742904663, -1.4165377616882324, -0.2522866725921631, -0.02136904001235962, -0.9010382890701294, 0.685945987701416, -0.2553744614124298, -0.682234525680542, -0.7813365459442139, 0.04286082461476326, -0.1730269193649292, -1.0161606073379517, 1.06813645362854, 1.4632441997528076, -0.035934463143348694, -0.4982045292854309, 0.37804877758026123, -0.10810248553752899, -0.12884050607681274, 0.6758394241333008, 1.0104387998580933, -1.7763768434524536, 0.6957283616065979, 1.9788219928741455, 3.078214645385742, -2.2472193241119385, 3.964884042739868, 3.061201810836792, -1.324793815612793, -0.9566829800605774, -1.692827582359314, 0.9098039269447327, 0.987190306186676, -1.373018741607666, -0.7714030742645264, -2.909353017807007, -1.0182057619094849, -1.1402714252471924, 0.6966836452484131, -3.3964109420776367, -0.028257710859179497, 1.2901530265808105, -0.10310143977403641, 1.7909680604934692, 1.978299856185913, -3.3842098712921143, -3.716665506362915, -1.6672074794769287, -1.0333784818649292, 3.8857903480529785, 0.3532871603965759, 1.147726058959961, -2.9842607975006104, -0.258046418428421, -0.7726624011993408, 0.561643123626709, 1.9892939329147339, -0.0442320853471756, -2.0762903690338135, -0.6974872946739197, -0.8770788311958313, 0.7197801470756531, -0.9602504968643188, -1.2381412982940674, -1.0110535621643066, -0.17486414313316345, 1.8750652074813843, -0.4798528850078583, -2.1460158824920654, -0.13140180706977844, -2.4593241214752197, 1.7161822319030762, 3.183187484741211, -0.6009902358055115, -1.5292339324951172, -2.286477565765381, 1.039251446723938, 0.23458901047706604, -2.0641093254089355, -0.41077929735183716, 0.8452866077423096, -2.13885235786438, -1.6320888996124268, -2.9353678226470947, 0.31615492701530457, -1.342785120010376, 1.4782781600952148, 0.35371047258377075, -2.3706328868865967, 0.8941152691841125, -1.8337057828903198, -3.515599012374878, 0.8994649052619934, -0.7679893970489502, -0.21471059322357178, 0.5579889416694641, -0.8859472870826721, 0.00404449924826622, 0.4161883294582367, -2.1977734565734863, -0.8968178033828735, -1.9027951955795288, 1.2730815410614014, 0.6348035931587219, 2.058641195297241, -4.024959087371826, 2.121711015701294, 4.682825565338135, 2.113027572631836, 1.4787338972091675, -2.7759511470794678, 0.8885703086853027, -1.5078723430633545, 0.7233255505561829, 3.4141199588775635, 2.9169445037841797, -1.2972688674926758, -3.3038129806518555, -0.9845165610313416, 0.7978099584579468, 0.028036992996931076, -0.7804690599441528, -1.126097559928894, -2.456538677215576, -4.559847831726074, -3.215022325515747, 0.3923393487930298, 3.8288686275482178, -1.7279049158096313, 2.422907590866089, -1.7802258729934692, 0.43426936864852905, 4.465813636779785, -1.953457236289978, 2.8960928916931152, -4.439722537994385, 3.262406587600708, 0.325215220451355, -3.3499155044555664, 0.26850569248199463, 1.0991227626800537, 3.495624303817749, 2.672184467315674, 3.59726881980896, 1.3843324184417725, -0.9233189821243286, -1.696672797203064, -1.0569543838500977, 2.928718090057373, -1.2989792823791504]"
46,4,قرار,input_doc,"الجمهورية العربية السسورية |
وزارة الموارد المائية ‎١‏
‏الهيلة العامة للموارد_المانية '!
‎١‏ إ قرار رقسم لمجا »/

إن المدين إلعام |
بناءٌ على إحكام المرسوم التشريعي رقم/؟؟ تارايخ ‎١١7‏
‏على أحكام القالون الأمناسي لاماملين في الدولة 1 قم 7 / لعام ‎1١١64‏
‏وعلى المرسوم التشريعي رقم ‎١/7‏ 4/ تارية) ‎7١/1/14‏

وعلى قرار رئاسة مجلس الوزراء رقم/ ‎١١ ١‏ التاريخ ا
وعلي الفرار رقم //114/ تاريحٌ حفن 0
وعلى الكتاب رثر/ ‎١‏ د/ص ثاريم ‎١1/1/11‏ ِ: 0

وعلى كتاب مديرية الموارد المالية في مدافة ترطيس بترمو /ف ابيع ‎١‏ ابا الكاخيع

ا |
ا

1
1

وعلى, متطلبات العمل ' ب
0 |
ل مادة ران عضي يا مال يمان العامل بصفة رئيس شحبة من اليد ة الأولىإتجارة واقتصاد) رئيسا ا
لدائرة التدثيق في قسم ‎١‏ 1 المالية بمدير يةٌ الموارد المانية في محافظة طرطوس ‎٠‏

ردي_يبلغ هذا القرار من 0 للتفيذه .

تعفشق 58 1 وان 0

م
َّ 2
ل و ""ع
1 ع 0 :ِ :
م ٍ الدكتي 0 المهالم 2 نامر أبجضاة

بمستاسير

1 7
2

0 ً ااا اااي اس ا اه
اا ال إٍْ

ًّ
أ 1

ا

8
ى

7 وم ات 2558073
تود-91782 26ج وددس بيرط مووسه 70د 5521295110 ' اشام و ل جا كد
ن(","[-0.5846562385559082, 1.7432068586349487, 0.8282276391983032, -0.5671055316925049, 0.6814157366752625, 0.27232933044433594, -0.041698526591062546, 0.5556851625442505, -0.09300848096609116, -0.4766067862510681, 0.08251652866601944, -0.43492555618286133, -0.6232285499572754, -0.12712357938289642, -0.5144256353378296, 0.4150846004486084, 1.3811250925064087, 0.8842349052429199, -0.11485981941223145, 0.049618691205978394, 0.722980260848999, -0.7125923037528992, 0.07172403484582901, 0.341001033782959, 0.01591954007744789, 0.026129066944122314, -0.6409387588500977, 0.015261217951774597, 0.4084205627441406, 0.4614793360233307, 0.2634084224700928, 0.7057401537895203, -0.8431148529052734, 0.5044043660163879, -0.6744515895843506, -0.7662174105644226, -1.2089097499847412, 0.9360887408256531, -1.2088265419006348, -0.36693066358566284, -0.5826239585876465, -1.1737946271896362, -0.2157813310623169, -0.31580865383148193, -0.8083265423774719, 0.0282222181558609, 0.8323927521705627, 1.4767125844955444, -0.15476980805397034, 0.9708048105239868, -0.7197721600532532, 0.34061166644096375, 0.1086479127407074, -0.2325141727924347, 0.45299726724624634, 0.4771806299686432, -0.01612570881843567, -0.13530349731445312, -1.1044059991836548, -1.057997226715088, -0.3893076181411743, -0.5962144136428833, -1.1289615631103516, 0.07184144854545593, 0.8120370507240295, 0.29091206192970276, 0.19890373945236206, -0.9492833614349365, 0.016575582325458527, 0.04702821373939514, 0.6324539184570312, 0.8900635242462158, 0.1406441032886505, 0.35521429777145386, 0.0018825866281986237, -0.7398771047592163, -1.0181844234466553, 0.11205422133207321, 0.1881101280450821, 0.4138920307159424, 0.02609320357441902, -0.007450655102729797, -1.4550131559371948, -0.08477168530225754, 0.6504064202308655, -0.2926790714263916, 0.4784644842147827, 0.21108129620552063, 0.6780942678451538, -0.07530428469181061, 0.6379697322845459, 0.609199047088623, -0.5931866765022278, 0.7466806769371033, -0.3716283440589905, 0.14212118089199066, 0.04973006621003151, -0.45164841413497925, -0.7741069793701172, 0.5614022612571716, 0.6386594772338867, -0.7360898852348328, 0.6428316235542297, 0.6357836723327637, 0.8050012588500977, 0.8827413320541382, -0.27624717354774475, 0.9511500000953674, -0.3300397992134094, -6.5333147048950195, 0.11498172581195831, -0.6301936507225037, 0.12481419742107391, 0.5358016490936279, 0.26752936840057373, 0.782221794128418, 1.1697803735733032, -1.3952083587646484, -0.5115387439727783, 0.3462267518043518, 0.42945969104766846, -0.7971289157867432, -1.934355616569519, 0.30548521876335144, -1.4758448600769043, 1.0447269678115845, 0.5554598569869995, -0.49122515320777893, 0.3190315365791321, 0.02608228474855423, 1.2134249210357666, -0.3428429663181305, -0.3041529059410095, -0.4913678467273712, 1.683495044708252, -1.1667436361312866, 0.08207936584949493, -1.2880860567092896, 0.7817208766937256, 1.214543342590332, 1.0025991201400757, 1.0079213380813599, 0.5601825714111328, -1.0980725288391113, 1.343727707862854, 0.6351456642150879, 0.03668741509318352, -0.1749313324689865, -0.09596824645996094, 0.16512292623519897, 0.1988338828086853, -0.7037045359611511, -0.055166035890579224, -0.3166200518608093, 11.451787948608398, 0.4621927738189697, -0.6536445617675781, -0.33084213733673096, 0.07954281568527222, 0.9423987865447998, 0.8816980719566345, 0.5990433692932129, -1.2017090320587158, 1.2909451723098755, -0.18612852692604065, -1.9220576286315918, -0.9811819195747375, -1.0234851837158203, -0.6183170676231384, 0.1048368364572525, 0.414664089679718, 0.24252396821975708, 0.5402176380157471, 0.0807829201221466, -0.37894508242607117, 1.39801025390625, -1.1284207105636597, -0.013451725244522095, -0.7426364421844482, -0.7627906203269958, 0.265982985496521, -0.3623380959033966, -0.24881324172019958, 0.6465861797332764, -0.5859967470169067, -0.5480782985687256, 0.9741361737251282, 0.43957167863845825, 1.0558212995529175, -0.31079909205436707, 0.3777817487716675, 1.6015267372131348, 0.3494718074798584, 0.7471686601638794, -0.43399667739868164, -0.9179446697235107, -0.9007362723350525, 0.5315576195716858, 0.30163073539733887, -0.23101788759231567, 0.07275305688381195, -1.019927978515625, -0.4378741979598999, 0.1540749967098236, 0.4426271319389343, -0.2740592956542969, -0.4210644066333771, -0.3128279447555542, 0.3096906244754791, -1.5892961025238037, -0.0553712397813797, -0.16854597628116608, -1.1226074695587158, 0.7642935514450073, -0.5096201300621033, -0.011625230312347412, 0.09926752746105194, 0.7699787616729736, -0.7648681402206421, -0.8656399250030518, 0.5960670113563538, 1.034156322479248, 0.06212834641337395, 0.08062245696783066, 2.0225653648376465, -0.3988877534866333, -0.24692463874816895, 0.2697989344596863, -0.07703636586666107, -0.8132708668708801, 0.28833624720573425, -0.1993679404258728, 0.9223330616950989, 0.41863390803337097, 0.5801705718040466, 0.3054230809211731, -0.9358109831809998, 0.5983956456184387, -0.10326356440782547, 0.46743088960647583, -0.4200611412525177, 0.9201861619949341, -0.889025866985321, -0.7847630381584167, -0.5779763460159302, 0.783464252948761, -0.2071661353111267, -1.0092675685882568, -0.4555712044239044, 0.23992414772510529, 1.2438989877700806, -1.0868165493011475, -0.546904444694519, -0.21215367317199707, -1.0588122606277466, 0.1970379501581192, -0.5912887454032898, 0.6095724105834961, 0.5742561221122742, -0.37163180112838745, 0.11017131805419922, 0.41413360834121704, -0.15208186209201813, -0.16142742335796356, 0.906204879283905, -0.1328299641609192, -0.41932058334350586, -0.4715172052383423, -0.8563893437385559, 0.8137475252151489, -0.36245372891426086, 0.2355116903781891, 0.19839802384376526, 0.7340846657752991, -1.4438302516937256, -0.6207331418991089, 0.4542790651321411, 0.16041749715805054, 0.07231081277132034, 0.581299364566803, -0.7609361410140991, -1.3483282327651978, -0.1931244432926178, 0.24451951682567596, 1.0925977230072021, -0.3813227415084839, 0.6174876093864441, 0.17455953359603882, -0.04959496855735779, -0.46321794390678406, -0.021532420068979263, 0.09069474786520004, 0.2768438160419464, -0.45984548330307007, -0.7748372554779053, -0.5239369869232178, 1.3773075342178345, -0.5872741937637329, 0.42639410495758057, 0.3271441161632538, -0.5464555025100708, -1.1006449460983276, 0.3623729944229126, 1.6939400434494019, 0.4416254758834839, -0.9094845652580261, 0.5491465926170349, -1.4512300491333008, -0.13489876687526703, -1.1550289392471313, -0.5375435948371887, 0.07773470878601074, -0.7879292964935303, 3.5107665061950684, -0.6138634085655212, -0.09759983420372009, -1.1727354526519775, 0.24563993513584137, 0.8294845819473267, 0.4103788733482361, 0.4930553436279297, 0.01894361712038517, 0.8330546021461487, 0.0778810977935791, 0.5047470331192017, -1.5861254930496216, -0.2204713076353073, 0.19670644402503967, 0.7675936222076416, 0.132389098405838, 0.35932326316833496, 0.6981953382492065, 0.6506377458572388, -0.2100333869457245, 0.5505431294441223, -0.016876868903636932, -0.15147638320922852, 0.04466734081506729, 0.0003094524145126343, 0.6984267234802246, -0.7751100063323975, -0.3195191025733948, 0.2101147323846817, 0.14336977899074554, 0.8680678606033325, 0.6766672730445862, -0.7282823324203491, -1.6244571208953857, 0.06325376033782959, 0.4282420575618744, -0.4946020245552063, -0.8025659322738647, 0.1747932881116867, 0.20023933053016663, -0.619603157043457, 0.5720582604408264, 0.2519373893737793, 1.0266591310501099, -0.0071319639682769775, -0.47886377573013306, -0.7548818588256836, 1.5215107202529907, -0.46325230598449707, -0.37999698519706726, 0.2673625946044922, -0.38752806186676025, -0.5136734247207642, 0.30640625953674316, -0.5685470104217529, -1.8978034257888794, -1.3038996458053589, 0.3449646830558777, 0.026655368506908417, 0.1732201725244522, 0.3086622357368469, 0.037175923585891724, 0.02432568371295929, -1.4863876104354858, -0.06760043650865555, -0.7204419374465942, -0.3196536898612976, 0.35997089743614197, 0.035106927156448364, 0.2870839536190033, 1.3886127471923828, -1.028361439704895, 1.416245698928833, -0.3120430111885071, -0.8174896240234375, 0.4429894685745239, -0.3643520176410675, 0.2867056727409363, -0.14209647476673126, -1.0358283519744873, -1.2176545858383179, 0.9311442375183105, -1.2058706283569336, -0.3445065915584564, -0.2135819047689438, 0.8133056163787842, 0.4807526469230652, 0.6296187043190002, -1.0228550434112549, 1.1536115407943726, 1.2938358783721924, -0.4039496183395386, -0.10500460863113403, 0.03222711756825447, 0.9461890459060669, -0.2091134488582611, 1.6175869703292847, 0.6328752040863037, -0.5441190004348755, -0.08078623563051224, 1.1894872188568115, -0.6018245816230774, 0.003892262000590563, 0.01837831735610962, 0.4869750440120697, 0.01362638920545578, -0.35512545704841614, 1.3957865238189697, -0.524825930595398, -0.9200961589813232, 1.0669240951538086, -0.7085869908332825, 0.16768106818199158, -0.38236138224601746, 1.1017537117004395, -0.8273081183433533, -0.40934911370277405, -0.49124443531036377, -1.1372017860412598, -0.017349664121866226, -0.45341628789901733, -0.3762614130973816, 0.7442275285720825, 0.6502354145050049, -1.555262565612793, -1.447360873222351, 0.399334192276001, 1.0628432035446167, 0.43666648864746094, -0.15168580412864685, -0.2311723232269287, 0.5697036385536194, -0.5215537548065186, -0.8776885867118835, 0.2861410975456238, 0.38479721546173096, -0.16099683940410614, 0.7859393358230591, 0.8964122533798218, -0.7865267395973206, 0.2662108540534973, -1.2893186807632446, 0.567692756652832, -1.033851146697998, -0.15942591428756714, 0.14721637964248657, 0.8490270376205444, -1.5035052299499512, 1.3642805814743042, 1.160839319229126, -0.0782122015953064, 0.7053319811820984, 1.0382481813430786, -0.7746766209602356, -0.834753155708313, -0.9428092837333679, 0.2841811776161194, 0.36114534735679626, -0.17666995525360107, -0.28812235593795776, 0.6919445395469666, 0.08484548330307007, -0.3121996521949768, -0.8779889345169067, -0.0753481313586235, -1.3048317432403564, -0.4608922302722931, -1.3132802248001099, -0.32688671350479126, -0.234331414103508, 0.28744590282440186, -1.3450816869735718, 0.21449029445648193, 0.04309052228927612, -0.10004538297653198, 0.2392909824848175, -0.46144676208496094, -0.7659432888031006, -0.1203409731388092, -1.163842797279358, -0.3960939049720764, 0.4749051630496979, 0.49844008684158325, -1.227116584777832, -0.30412793159484863, 0.033671777695417404, 0.1266126036643982, 1.1477673053741455, 0.3148239254951477, 0.2348639965057373, 0.09896869212388992, 1.6606251001358032, -0.12237082421779633, -1.3247476816177368, 0.6168976426124573, -0.5637271404266357, -0.9558765888214111, -1.1691524982452393, 0.5354335904121399, -0.5103169679641724, -0.016825739294290543, 0.0032743066549301147, -0.03196273744106293, -0.021166179329156876, -1.069462537765503, -0.32996654510498047, -0.9864928126335144, -0.6913142800331116, -0.4373667538166046, -0.3210858404636383, 0.5966744422912598, 0.5989677309989929, -0.08278603851795197, -0.2577744126319885, 0.42536646127700806, 0.4354022443294525, 0.38828739523887634, 0.28608450293540955, -0.19656699895858765, -0.022337250411510468, 0.1595950424671173, 0.31849542260169983, 0.4365442097187042, 0.20047302544116974, -0.6743142604827881, 1.6515518426895142, 0.35650768876075745, 0.5307810306549072, -0.3892064392566681, 0.18774962425231934, -0.8081549406051636, -1.3084079027175903, -0.9810435175895691, -0.8510252237319946, -0.8490104079246521, -0.2425108253955841, -0.22561417520046234, -1.381274700164795, -2.00496768951416, -0.05652421712875366, -0.4671158790588379, -0.8091736435890198, 0.634878396987915, -1.1305148601531982, 0.5645349025726318, 0.6311370134353638, 0.4755450189113617, -0.3738712668418884, 0.9429265260696411, -0.7030549645423889, 0.23510012030601501, 0.8278944492340088, -2.152503728866577, 0.14556917548179626, 0.006262324750423431, 0.43253397941589355, 1.317318320274353, 0.24120140075683594, 0.24204093217849731, 1.3325831890106201, 1.417105793952942, 1.0001721382141113, -1.056489109992981, 0.005717381834983826, -0.4722268879413605, -1.2773678302764893, -0.3387298882007599, 0.5160103440284729, -0.4825581908226013, 0.4605806767940521, -0.566038191318512, 0.6138264536857605, 0.043976154178380966, -0.5902811884880066, 0.2973276972770691, -1.01848566532135, 0.588965117931366, -2.5418689250946045, 0.3776126503944397, 1.555216670036316, -0.4406737685203552, 0.5729936361312866, 1.0103892087936401, 0.26319897174835205, -0.1903146654367447, 0.5250771045684814, 0.9455312490463257, -0.38572603464126587, -0.1974170058965683, -0.839148223400116, 0.4024394750595093, 0.036461591720581055, -0.9961050748825073, -0.6307555437088013, 0.0229872465133667, 0.25969958305358887, 0.30700838565826416, 0.06449498236179352, -1.3861045837402344, -0.6680541634559631, -0.05908258259296417, 0.015055052936077118, -1.354256510734558, 0.32802343368530273, 0.9868195652961731, -0.5011981129646301, -0.37505441904067993, -0.2949407994747162, 0.419224351644516, 0.5118744969367981, -0.3521205484867096, -0.7630419731140137, -0.8341230154037476, -0.7537319660186768, -0.34936022758483887, -0.19934985041618347, -0.7926748991012573, -0.9246710538864136, -0.21576867997646332, -0.5784427523612976, -1.0804290771484375, -0.13074779510498047, -2.196317195892334, 0.11942430585622787, -0.48379823565483093, 0.07783102244138718, 1.683971643447876, 0.40758705139160156, -0.2715289890766144, -0.026118963956832886, -1.151590347290039, -0.3530641496181488, 0.9197062849998474, -1.192314624786377, -0.1714484691619873, -0.8230333924293518, -0.34782615303993225, -0.5598822832107544, -0.11943677067756653, -0.30775973200798035, -0.2585254907608032, -0.20425647497177124, -0.3686673939228058, -0.9818623065948486, 0.8258225321769714, 1.3897780179977417, 0.06314647197723389, -0.9868646860122681, -0.8541339635848999, 0.8149987459182739, -0.06225205212831497, -0.15648211538791656, -0.10491910576820374, 0.5528157949447632, -1.2345383167266846, -0.9978441596031189, 0.817061722278595, 0.5402452945709229, -0.23824478685855865, 0.12967614829540253, 0.5893322825431824, 0.42163631319999695, 0.14823536574840546, -2.0006263256073, -0.6266160607337952, -0.9197323322296143, 0.9918745756149292, 0.9488353729248047, 0.696770966053009, 0.5549368262290955, -0.8176276087760925, 1.4604730606079102, 0.1889173686504364, -0.8333817720413208, 0.7941760420799255, -0.15512040257453918, -0.42817047238349915, -0.1756472885608673, -0.2407795488834381, 1.3022693395614624, 0.21442317962646484, -0.09198556840419769, 0.09559869766235352, -0.5570560693740845, -0.4219086766242981, -0.15122488141059875, 1.0009748935699463, -0.5421702265739441, -0.5452248454093933, 1.0338202714920044, -0.04328428581357002, -0.2949367165565491, -0.34442391991615295, -0.21642529964447021, -0.6597079038619995, 1.5781325101852417, -0.5085234045982361, -0.4511769711971283, -0.2756073772907257, -0.41483697295188904, -1.0301471948623657, 0.08871567249298096, -1.755988359451294, -0.49739333987236023, -0.17363274097442627, 0.7935270071029663, 0.5822659134864807, 0.516912043094635, -0.39398008584976196, -0.7783454656600952, -0.1395677775144577, -0.5866402387619019, 0.17784151434898376, 0.09772222489118576, -0.5625414848327637, -0.36557134985923767, -0.9696481823921204, -0.9060839414596558, 0.05698777735233307, -0.07160799205303192, -1.0477017164230347, 0.6490778923034668, 0.13277661800384521, 0.4574491083621979, 0.674727201461792, 0.4669182300567627, 0.4456927180290222, -0.21318796277046204, 0.8509029150009155, 0.2667846381664276, 0.7734670042991638, -1.1243265867233276, -1.2772095203399658, -1.818863868713379, -0.29727062582969666, 0.7588510513305664, -0.7460466623306274, 0.11657532304525375, -0.9066731929779053, -0.33181196451187134, -0.8966151475906372, 0.2859768867492676, -0.17974595725536346, -1.4374102354049683, 0.9452160000801086, 1.2923483848571777, -0.2734839618206024, -0.6810938715934753, 0.32803812623023987, 0.7736913561820984, -0.4720471203327179, 0.4940190017223358, 0.8410879373550415, -1.1834198236465454]","[0.7268593907356262, 1.931998610496521, 2.7830896377563477, -2.0542314052581787, 3.4342572689056396, 2.736388683319092, -1.065483808517456, -0.8815316557884216, -1.0468254089355469, 0.38236290216445923, 0.5671396255493164, -1.0596072673797607, -0.6469369530677795, -2.0533199310302734, -0.605689525604248, -0.8192334771156311, 0.5830973386764526, -2.896915912628174, 0.03337782621383667, 0.9450795650482178, -0.4091806709766388, 1.3488906621932983, 1.2149388790130615, -2.6532094478607178, -2.922478199005127, -1.163468360900879, -1.3286668062210083, 3.2547008991241455, 0.23230458796024323, 1.2457746267318726, -2.7557244300842285, -0.13633933663368225, -0.8737895488739014, 0.32223474979400635, 1.3913425207138062, 0.377260684967041, -1.6378071308135986, -0.5437868237495422, -0.687414824962616, 0.6707476377487183, -0.5084028840065002, -1.0060352087020874, -0.944657027721405, -0.1070946753025055, 1.6734750270843506, 0.17304813861846924, -1.8673661947250366, -0.11117830127477646, -2.3174331188201904, 1.3442039489746094, 2.823209285736084, -0.7278050780296326, -1.2709426879882812, -1.77357017993927, 0.706976056098938, 0.1189734935760498, -1.7240570783615112, -0.23002390563488007, 1.2360154390335083, -1.503739595413208, -1.2125667333602905, -2.676177978515625, 0.27206966280937195, -1.0574235916137695, 1.1594465970993042, 0.676903247833252, -2.344528913497925, 0.6330639123916626, -1.2931784391403198, -2.9681427478790283, 0.662571907043457, -0.5226296186447144, -0.15801703929901123, 0.4545888900756836, -0.7750869989395142, -0.016714904457330704, 0.2530156075954437, -1.903383731842041, -0.8009433746337891, -1.927428960800171, 1.3177591562271118, 0.38511666655540466, 2.104466438293457, -3.2455005645751953, 1.7848678827285767, 3.7195374965667725, 1.9450061321258545, 1.3501863479614258, -2.636763095855713, 0.6788862347602844, -1.0577929019927979, 0.5486323237419128, 2.7228941917419434, 2.6043405532836914, -0.9467958211898804, -2.7318034172058105, -0.7743099927902222, 0.7895524501800537, -0.20735280215740204, -0.7519324421882629, -0.8382941484451294, -2.2707695960998535, -3.9957427978515625, -2.6514885425567627, 0.16841092705726624, 3.197638511657715, -1.7199116945266724, 2.214207887649536, -1.6688662767410278, -0.012427099049091339, 3.8834452629089355, -1.2885442972183228, 2.6615467071533203, -3.8148140907287598, 2.776315450668335, 0.11610013246536255, -3.088840961456299, 0.16906121373176575, 1.117596983909607, 2.965115785598755, 2.7221181392669678, 2.9606189727783203, 1.2735631465911865, -0.616687536239624, -1.6710379123687744, -0.7244519591331482, 2.7387638092041016, -1.1317006349563599]","[-0.5846562385559082, 1.7432068586349487, 0.8282276391983032, -0.5671055316925049, 0.6814157366752625, 0.27232933044433594, -0.041698526591062546, 0.5556851625442505, -0.09300848096609116, -0.4766067862510681, 0.08251652866601944, -0.43492555618286133, -0.6232285499572754, -0.12712357938289642, -0.5144256353378296, 0.4150846004486084, 1.3811250925064087, 0.8842349052429199, -0.11485981941223145, 0.049618691205978394, 0.722980260848999, -0.7125923037528992, 0.07172403484582901, 0.341001033782959, 0.01591954007744789, 0.026129066944122314, -0.6409387588500977, 0.015261217951774597, 0.4084205627441406, 0.4614793360233307, 0.2634084224700928, 0.7057401537895203, -0.8431148529052734, 0.5044043660163879, -0.6744515895843506, -0.7662174105644226, -1.2089097499847412, 0.9360887408256531, -1.2088265419006348, -0.36693066358566284, -0.5826239585876465, -1.1737946271896362, -0.2157813310623169, -0.31580865383148193, -0.8083265423774719, 0.0282222181558609, 0.8323927521705627, 1.4767125844955444, -0.15476980805397034, 0.9708048105239868, -0.7197721600532532, 0.34061166644096375, 0.1086479127407074, -0.2325141727924347, 0.45299726724624634, 0.4771806299686432, -0.01612570881843567, -0.13530349731445312, -1.1044059991836548, -1.057997226715088, -0.3893076181411743, -0.5962144136428833, -1.1289615631103516, 0.07184144854545593, 0.8120370507240295, 0.29091206192970276, 0.19890373945236206, -0.9492833614349365, 0.016575582325458527, 0.04702821373939514, 0.6324539184570312, 0.8900635242462158, 0.1406441032886505, 0.35521429777145386, 0.0018825866281986237, -0.7398771047592163, -1.0181844234466553, 0.11205422133207321, 0.1881101280450821, 0.4138920307159424, 0.02609320357441902, -0.007450655102729797, -1.4550131559371948, -0.08477168530225754, 0.6504064202308655, -0.2926790714263916, 0.4784644842147827, 0.21108129620552063, 0.6780942678451538, -0.07530428469181061, 0.6379697322845459, 0.609199047088623, -0.5931866765022278, 0.7466806769371033, -0.3716283440589905, 0.14212118089199066, 0.04973006621003151, -0.45164841413497925, -0.7741069793701172, 0.5614022612571716, 0.6386594772338867, -0.7360898852348328, 0.6428316235542297, 0.6357836723327637, 0.8050012588500977, 0.8827413320541382, -0.27624717354774475, 0.9511500000953674, -0.3300397992134094, -6.5333147048950195, 0.11498172581195831, -0.6301936507225037, 0.12481419742107391, 0.5358016490936279, 0.26752936840057373, 0.782221794128418, 1.1697803735733032, -1.3952083587646484, -0.5115387439727783, 0.3462267518043518, 0.42945969104766846, -0.7971289157867432, -1.934355616569519, 0.30548521876335144, -1.4758448600769043, 1.0447269678115845, 0.5554598569869995, -0.49122515320777893, 0.3190315365791321, 0.02608228474855423, 1.2134249210357666, -0.3428429663181305, -0.3041529059410095, -0.4913678467273712, 1.683495044708252, -1.1667436361312866, 0.08207936584949493, -1.2880860567092896, 0.7817208766937256, 1.214543342590332, 1.0025991201400757, 1.0079213380813599, 0.5601825714111328, -1.0980725288391113, 1.343727707862854, 0.6351456642150879, 0.03668741509318352, -0.1749313324689865, -0.09596824645996094, 0.16512292623519897, 0.1988338828086853, -0.7037045359611511, -0.055166035890579224, -0.3166200518608093, 11.451787948608398, 0.4621927738189697, -0.6536445617675781, -0.33084213733673096, 0.07954281568527222, 0.9423987865447998, 0.8816980719566345, 0.5990433692932129, -1.2017090320587158, 1.2909451723098755, -0.18612852692604065, -1.9220576286315918, -0.9811819195747375, -1.0234851837158203, -0.6183170676231384, 0.1048368364572525, 0.414664089679718, 0.24252396821975708, 0.5402176380157471, 0.0807829201221466, -0.37894508242607117, 1.39801025390625, -1.1284207105636597, -0.013451725244522095, -0.7426364421844482, -0.7627906203269958, 0.265982985496521, -0.3623380959033966, -0.24881324172019958, 0.6465861797332764, -0.5859967470169067, -0.5480782985687256, 0.9741361737251282, 0.43957167863845825, 1.0558212995529175, -0.31079909205436707, 0.3777817487716675, 1.6015267372131348, 0.3494718074798584, 0.7471686601638794, -0.43399667739868164, -0.9179446697235107, -0.9007362723350525, 0.5315576195716858, 0.30163073539733887, -0.23101788759231567, 0.07275305688381195, -1.019927978515625, -0.4378741979598999, 0.1540749967098236, 0.4426271319389343, -0.2740592956542969, -0.4210644066333771, -0.3128279447555542, 0.3096906244754791, -1.5892961025238037, -0.0553712397813797, -0.16854597628116608, -1.1226074695587158, 0.7642935514450073, -0.5096201300621033, -0.011625230312347412, 0.09926752746105194, 0.7699787616729736, -0.7648681402206421, -0.8656399250030518, 0.5960670113563538, 1.034156322479248, 0.06212834641337395, 0.08062245696783066, 2.0225653648376465, -0.3988877534866333, -0.24692463874816895, 0.2697989344596863, -0.07703636586666107, -0.8132708668708801, 0.28833624720573425, -0.1993679404258728, 0.9223330616950989, 0.41863390803337097, 0.5801705718040466, 0.3054230809211731, -0.9358109831809998, 0.5983956456184387, -0.10326356440782547, 0.46743088960647583, -0.4200611412525177, 0.9201861619949341, -0.889025866985321, -0.7847630381584167, -0.5779763460159302, 0.783464252948761, -0.2071661353111267, -1.0092675685882568, -0.4555712044239044, 0.23992414772510529, 1.2438989877700806, -1.0868165493011475, -0.546904444694519, -0.21215367317199707, -1.0588122606277466, 0.1970379501581192, -0.5912887454032898, 0.6095724105834961, 0.5742561221122742, -0.37163180112838745, 0.11017131805419922, 0.41413360834121704, -0.15208186209201813, -0.16142742335796356, 0.906204879283905, -0.1328299641609192, -0.41932058334350586, -0.4715172052383423, -0.8563893437385559, 0.8137475252151489, -0.36245372891426086, 0.2355116903781891, 0.19839802384376526, 0.7340846657752991, -1.4438302516937256, -0.6207331418991089, 0.4542790651321411, 0.16041749715805054, 0.07231081277132034, 0.581299364566803, -0.7609361410140991, -1.3483282327651978, -0.1931244432926178, 0.24451951682567596, 1.0925977230072021, -0.3813227415084839, 0.6174876093864441, 0.17455953359603882, -0.04959496855735779, -0.46321794390678406, -0.021532420068979263, 0.09069474786520004, 0.2768438160419464, -0.45984548330307007, -0.7748372554779053, -0.5239369869232178, 1.3773075342178345, -0.5872741937637329, 0.42639410495758057, 0.3271441161632538, -0.5464555025100708, -1.1006449460983276, 0.3623729944229126, 1.6939400434494019, 0.4416254758834839, -0.9094845652580261, 0.5491465926170349, -1.4512300491333008, -0.13489876687526703, -1.1550289392471313, -0.5375435948371887, 0.07773470878601074, -0.7879292964935303, 3.5107665061950684, -0.6138634085655212, -0.09759983420372009, -1.1727354526519775, 0.24563993513584137, 0.8294845819473267, 0.4103788733482361, 0.4930553436279297, 0.01894361712038517, 0.8330546021461487, 0.0778810977935791, 0.5047470331192017, -1.5861254930496216, -0.2204713076353073, 0.19670644402503967, 0.7675936222076416, 0.132389098405838, 0.35932326316833496, 0.6981953382492065, 0.6506377458572388, -0.2100333869457245, 0.5505431294441223, -0.016876868903636932, -0.15147638320922852, 0.04466734081506729, 0.0003094524145126343, 0.6984267234802246, -0.7751100063323975, -0.3195191025733948, 0.2101147323846817, 0.14336977899074554, 0.8680678606033325, 0.6766672730445862, -0.7282823324203491, -1.6244571208953857, 0.06325376033782959, 0.4282420575618744, -0.4946020245552063, -0.8025659322738647, 0.1747932881116867, 0.20023933053016663, -0.619603157043457, 0.5720582604408264, 0.2519373893737793, 1.0266591310501099, -0.0071319639682769775, -0.47886377573013306, -0.7548818588256836, 1.5215107202529907, -0.46325230598449707, -0.37999698519706726, 0.2673625946044922, -0.38752806186676025, -0.5136734247207642, 0.30640625953674316, -0.5685470104217529, -1.8978034257888794, -1.3038996458053589, 0.3449646830558777, 0.026655368506908417, 0.1732201725244522, 0.3086622357368469, 0.037175923585891724, 0.02432568371295929, -1.4863876104354858, -0.06760043650865555, -0.7204419374465942, -0.3196536898612976, 0.35997089743614197, 0.035106927156448364, 0.2870839536190033, 1.3886127471923828, -1.028361439704895, 1.416245698928833, -0.3120430111885071, -0.8174896240234375, 0.4429894685745239, -0.3643520176410675, 0.2867056727409363, -0.14209647476673126, -1.0358283519744873, -1.2176545858383179, 0.9311442375183105, -1.2058706283569336, -0.3445065915584564, -0.2135819047689438, 0.8133056163787842, 0.4807526469230652, 0.6296187043190002, -1.0228550434112549, 1.1536115407943726, 1.2938358783721924, -0.4039496183395386, -0.10500460863113403, 0.03222711756825447, 0.9461890459060669, -0.2091134488582611, 1.6175869703292847, 0.6328752040863037, -0.5441190004348755, -0.08078623563051224, 1.1894872188568115, -0.6018245816230774, 0.003892262000590563, 0.01837831735610962, 0.4869750440120697, 0.01362638920545578, -0.35512545704841614, 1.3957865238189697, -0.524825930595398, -0.9200961589813232, 1.0669240951538086, -0.7085869908332825, 0.16768106818199158, -0.38236138224601746, 1.1017537117004395, -0.8273081183433533, -0.40934911370277405, -0.49124443531036377, -1.1372017860412598, -0.017349664121866226, -0.45341628789901733, -0.3762614130973816, 0.7442275285720825, 0.6502354145050049, -1.555262565612793, -1.447360873222351, 0.399334192276001, 1.0628432035446167, 0.43666648864746094, -0.15168580412864685, -0.2311723232269287, 0.5697036385536194, -0.5215537548065186, -0.8776885867118835, 0.2861410975456238, 0.38479721546173096, -0.16099683940410614, 0.7859393358230591, 0.8964122533798218, -0.7865267395973206, 0.2662108540534973, -1.2893186807632446, 0.567692756652832, -1.033851146697998, -0.15942591428756714, 0.14721637964248657, 0.8490270376205444, -1.5035052299499512, 1.3642805814743042, 1.160839319229126, -0.0782122015953064, 0.7053319811820984, 1.0382481813430786, -0.7746766209602356, -0.834753155708313, -0.9428092837333679, 0.2841811776161194, 0.36114534735679626, -0.17666995525360107, -0.28812235593795776, 0.6919445395469666, 0.08484548330307007, -0.3121996521949768, -0.8779889345169067, -0.0753481313586235, -1.3048317432403564, -0.4608922302722931, -1.3132802248001099, -0.32688671350479126, -0.234331414103508, 0.28744590282440186, -1.3450816869735718, 0.21449029445648193, 0.04309052228927612, -0.10004538297653198, 0.2392909824848175, -0.46144676208496094, -0.7659432888031006, -0.1203409731388092, -1.163842797279358, -0.3960939049720764, 0.4749051630496979, 0.49844008684158325, -1.227116584777832, -0.30412793159484863, 0.033671777695417404, 0.1266126036643982, 1.1477673053741455, 0.3148239254951477, 0.2348639965057373, 0.09896869212388992, 1.6606251001358032, -0.12237082421779633, -1.3247476816177368, 0.6168976426124573, -0.5637271404266357, -0.9558765888214111, -1.1691524982452393, 0.5354335904121399, -0.5103169679641724, -0.016825739294290543, 0.0032743066549301147, -0.03196273744106293, -0.021166179329156876, -1.069462537765503, -0.32996654510498047, -0.9864928126335144, -0.6913142800331116, -0.4373667538166046, -0.3210858404636383, 0.5966744422912598, 0.5989677309989929, -0.08278603851795197, -0.2577744126319885, 0.42536646127700806, 0.4354022443294525, 0.38828739523887634, 0.28608450293540955, -0.19656699895858765, -0.022337250411510468, 0.1595950424671173, 0.31849542260169983, 0.4365442097187042, 0.20047302544116974, -0.6743142604827881, 1.6515518426895142, 0.35650768876075745, 0.5307810306549072, -0.3892064392566681, 0.18774962425231934, -0.8081549406051636, -1.3084079027175903, -0.9810435175895691, -0.8510252237319946, -0.8490104079246521, -0.2425108253955841, -0.22561417520046234, -1.381274700164795, -2.00496768951416, -0.05652421712875366, -0.4671158790588379, -0.8091736435890198, 0.634878396987915, -1.1305148601531982, 0.5645349025726318, 0.6311370134353638, 0.4755450189113617, -0.3738712668418884, 0.9429265260696411, -0.7030549645423889, 0.23510012030601501, 0.8278944492340088, -2.152503728866577, 0.14556917548179626, 0.006262324750423431, 0.43253397941589355, 1.317318320274353, 0.24120140075683594, 0.24204093217849731, 1.3325831890106201, 1.417105793952942, 1.0001721382141113, -1.056489109992981, 0.005717381834983826, -0.4722268879413605, -1.2773678302764893, -0.3387298882007599, 0.5160103440284729, -0.4825581908226013, 0.4605806767940521, -0.566038191318512, 0.6138264536857605, 0.043976154178380966, -0.5902811884880066, 0.2973276972770691, -1.01848566532135, 0.588965117931366, -2.5418689250946045, 0.3776126503944397, 1.555216670036316, -0.4406737685203552, 0.5729936361312866, 1.0103892087936401, 0.26319897174835205, -0.1903146654367447, 0.5250771045684814, 0.9455312490463257, -0.38572603464126587, -0.1974170058965683, -0.839148223400116, 0.4024394750595093, 0.036461591720581055, -0.9961050748825073, -0.6307555437088013, 0.0229872465133667, 0.25969958305358887, 0.30700838565826416, 0.06449498236179352, -1.3861045837402344, -0.6680541634559631, -0.05908258259296417, 0.015055052936077118, -1.354256510734558, 0.32802343368530273, 0.9868195652961731, -0.5011981129646301, -0.37505441904067993, -0.2949407994747162, 0.419224351644516, 0.5118744969367981, -0.3521205484867096, -0.7630419731140137, -0.8341230154037476, -0.7537319660186768, -0.34936022758483887, -0.19934985041618347, -0.7926748991012573, -0.9246710538864136, -0.21576867997646332, -0.5784427523612976, -1.0804290771484375, -0.13074779510498047, -2.196317195892334, 0.11942430585622787, -0.48379823565483093, 0.07783102244138718, 1.683971643447876, 0.40758705139160156, -0.2715289890766144, -0.026118963956832886, -1.151590347290039, -0.3530641496181488, 0.9197062849998474, -1.192314624786377, -0.1714484691619873, -0.8230333924293518, -0.34782615303993225, -0.5598822832107544, -0.11943677067756653, -0.30775973200798035, -0.2585254907608032, -0.20425647497177124, -0.3686673939228058, -0.9818623065948486, 0.8258225321769714, 1.3897780179977417, 0.06314647197723389, -0.9868646860122681, -0.8541339635848999, 0.8149987459182739, -0.06225205212831497, -0.15648211538791656, -0.10491910576820374, 0.5528157949447632, -1.2345383167266846, -0.9978441596031189, 0.817061722278595, 0.5402452945709229, -0.23824478685855865, 0.12967614829540253, 0.5893322825431824, 0.42163631319999695, 0.14823536574840546, -2.0006263256073, -0.6266160607337952, -0.9197323322296143, 0.9918745756149292, 0.9488353729248047, 0.696770966053009, 0.5549368262290955, -0.8176276087760925, 1.4604730606079102, 0.1889173686504364, -0.8333817720413208, 0.7941760420799255, -0.15512040257453918, -0.42817047238349915, -0.1756472885608673, -0.2407795488834381, 1.3022693395614624, 0.21442317962646484, -0.09198556840419769, 0.09559869766235352, -0.5570560693740845, -0.4219086766242981, -0.15122488141059875, 1.0009748935699463, -0.5421702265739441, -0.5452248454093933, 1.0338202714920044, -0.04328428581357002, -0.2949367165565491, -0.34442391991615295, -0.21642529964447021, -0.6597079038619995, 1.5781325101852417, -0.5085234045982361, -0.4511769711971283, -0.2756073772907257, -0.41483697295188904, -1.0301471948623657, 0.08871567249298096, -1.755988359451294, -0.49739333987236023, -0.17363274097442627, 0.7935270071029663, 0.5822659134864807, 0.516912043094635, -0.39398008584976196, -0.7783454656600952, -0.1395677775144577, -0.5866402387619019, 0.17784151434898376, 0.09772222489118576, -0.5625414848327637, -0.36557134985923767, -0.9696481823921204, -0.9060839414596558, 0.05698777735233307, -0.07160799205303192, -1.0477017164230347, 0.6490778923034668, 0.13277661800384521, 0.4574491083621979, 0.674727201461792, 0.4669182300567627, 0.4456927180290222, -0.21318796277046204, 0.8509029150009155, 0.2667846381664276, 0.7734670042991638, -1.1243265867233276, -1.2772095203399658, -1.818863868713379, -0.29727062582969666, 0.7588510513305664, -0.7460466623306274, 0.11657532304525375, -0.9066731929779053, -0.33181196451187134, -0.8966151475906372, 0.2859768867492676, -0.17974595725536346, -1.4374102354049683, 0.9452160000801086, 1.2923483848571777, -0.2734839618206024, -0.6810938715934753, 0.32803812623023987, 0.7736913561820984, -0.4720471203327179, 0.4940190017223358, 0.8410879373550415, -1.1834198236465454, 0.7268593907356262, 1.931998610496521, 2.7830896377563477, -2.0542314052581787, 3.4342572689056396, 2.736388683319092, -1.065483808517456, -0.8815316557884216, -1.0468254089355469, 0.38236290216445923, 0.5671396255493164, -1.0596072673797607, -0.6469369530677795, -2.0533199310302734, -0.605689525604248, -0.8192334771156311, 0.5830973386764526, -2.896915912628174, 0.03337782621383667, 0.9450795650482178, -0.4091806709766388, 1.3488906621932983, 1.2149388790130615, -2.6532094478607178, -2.922478199005127, -1.163468360900879, -1.3286668062210083, 3.2547008991241455, 0.23230458796024323, 1.2457746267318726, -2.7557244300842285, -0.13633933663368225, -0.8737895488739014, 0.32223474979400635, 1.3913425207138062, 0.377260684967041, -1.6378071308135986, -0.5437868237495422, -0.687414824962616, 0.6707476377487183, -0.5084028840065002, -1.0060352087020874, -0.944657027721405, -0.1070946753025055, 1.6734750270843506, 0.17304813861846924, -1.8673661947250366, -0.11117830127477646, -2.3174331188201904, 1.3442039489746094, 2.823209285736084, -0.7278050780296326, -1.2709426879882812, -1.77357017993927, 0.706976056098938, 0.1189734935760498, -1.7240570783615112, -0.23002390563488007, 1.2360154390335083, -1.503739595413208, -1.2125667333602905, -2.676177978515625, 0.27206966280937195, -1.0574235916137695, 1.1594465970993042, 0.676903247833252, -2.344528913497925, 0.6330639123916626, -1.2931784391403198, -2.9681427478790283, 0.662571907043457, -0.5226296186447144, -0.15801703929901123, 0.4545888900756836, -0.7750869989395142, -0.016714904457330704, 0.2530156075954437, -1.903383731842041, -0.8009433746337891, -1.927428960800171, 1.3177591562271118, 0.38511666655540466, 2.104466438293457, -3.2455005645751953, 1.7848678827285767, 3.7195374965667725, 1.9450061321258545, 1.3501863479614258, -2.636763095855713, 0.6788862347602844, -1.0577929019927979, 0.5486323237419128, 2.7228941917419434, 2.6043405532836914, -0.9467958211898804, -2.7318034172058105, -0.7743099927902222, 0.7895524501800537, -0.20735280215740204, -0.7519324421882629, -0.8382941484451294, -2.2707695960998535, -3.9957427978515625, -2.6514885425567627, 0.16841092705726624, 3.197638511657715, -1.7199116945266724, 2.214207887649536, -1.6688662767410278, -0.012427099049091339, 3.8834452629089355, -1.2885442972183228, 2.6615467071533203, -3.8148140907287598, 2.776315450668335, 0.11610013246536255, -3.088840961456299, 0.16906121373176575, 1.117596983909607, 2.965115785598755, 2.7221181392669678, 2.9606189727783203, 1.2735631465911865, -0.616687536239624, -1.6710379123687744, -0.7244519591331482, 2.7387638092041016, -1.1317006349563599]"
47,5,قرار,input_doc,"0 قراررقم/ /
إن المدير ل ا
بناء عن أحكام المرسوم ركم /4 ؛/ تاريخ ‎١/1‏ ١١.؟‏
وعَانْ أحكام القانون الأساسي للعاملين في الدولة رقم /20/ لعام ‎٠٠04‏ .
وعلى أحكام م ‎١‏

الها العامة للموارد المائية

ريعي رقم / ا يا د
وعااا اللا اك لوزراء رقم ( ا روا م كل 8
وعلى القرار رقم /151/ تاريخ ‎1005/4/٠١‏

وعلى طلب صاخب العلاقة رقم /1054/ تاريخ ‎١‏
‏وخر حا فدلا ااا المائية في محافظة طرظطوس رق بح- وذ تريغ ى لم ‎٠١١١‏

يقرر ما يلي

مادة/1/: ل"" 'ضفة التعاقد الواردة في صك الاستخدام رقم ‎)١6(‏ تاريخ 4/18/ ‎70٠0‏ المبرم مع السيد حسام كامل
سٍِ ‎٠‏ سليمان بحيث تصبح إجازة في الاقتصاد( تمويل) بدلاً من مراقب فني وذلك لحصوله على إجازة في الاقتصاد ض
0 ( تعويل ) وهو على رأس عمله .

مل ل صبج: الأجر الشهري للموما الي اا لاا الأولى:

طة ل يلغ هذا القرار من يزم اد","[-0.6251515746116638, 1.7197760343551636, 1.238234281539917, -0.9698815941810608, 0.8815896511077881, 0.31378889083862305, 0.07685042917728424, 0.6044533252716064, -0.7377376556396484, -1.396331787109375, 0.3487265110015869, 0.07867032289505005, 0.018745772540569305, -0.40129050612449646, -0.35089820623397827, 0.40631723403930664, 1.47772216796875, 0.449288934469223, 0.12081751227378845, 0.14628618955612183, 0.6630076169967651, -0.8148123025894165, 0.5290102362632751, 0.5843638777732849, 0.49548009037971497, -0.14885357022285461, -0.5896397829055786, 0.17147332429885864, 1.093597412109375, -0.24410685896873474, -0.08897075057029724, 1.0008009672164917, -1.188035011291504, 0.2929973602294922, -0.7498451471328735, -0.23958256840705872, -0.669028103351593, 1.1065959930419922, -1.1731036901474, -0.2519700825214386, -0.8143963813781738, -1.458909034729004, -0.03725971281528473, -0.32076212763786316, -1.035841703414917, -0.3452727198600769, 0.5843765735626221, 1.1216264963150024, -0.2763809263706207, 0.9447880983352661, -0.6085649132728577, 0.32682058215141296, 0.1005072295665741, -0.5273246765136719, -0.20734919607639313, 0.1844884604215622, -0.5040222406387329, -0.5591065883636475, -1.2034410238265991, -0.6749241948127747, -0.046516597270965576, -0.3091078996658325, -1.2371984720230103, -0.22211045026779175, 0.9582434892654419, -0.07759392261505127, 0.036337703466415405, -1.7043503522872925, 0.22642849385738373, 0.05079245567321777, 0.08232075721025467, 0.9305613040924072, 0.3266308009624481, 0.6506222486495972, 0.25748369097709656, -1.0476821660995483, 0.06394951045513153, 0.15233220160007477, 0.02199569344520569, 0.4101983904838562, -0.36089634895324707, -0.5570200085639954, -1.1438413858413696, -0.26782944798469543, 0.2123984843492508, -0.5912802219390869, 0.18492725491523743, 0.3148697018623352, 1.5046947002410889, 0.22303655743598938, 0.33851009607315063, 0.1317513883113861, -0.4129984974861145, 1.5195655822753906, -0.7044963836669922, 0.40233105421066284, 0.25566884875297546, -0.631060779094696, -1.5489404201507568, -0.2327125370502472, 0.9974387884140015, -1.2134712934494019, 0.5284017324447632, 1.0733437538146973, 0.5102214813232422, 1.3735297918319702, -0.16214856505393982, 1.4287101030349731, -0.09387396275997162, -6.587256908416748, 0.23399780690670013, -0.5866885185241699, -0.26790398359298706, 0.7276347875595093, 0.15130804479122162, 0.48911720514297485, 0.8406000733375549, -0.8299582004547119, -0.49206459522247314, 0.17338600754737854, 0.5393460392951965, -0.7339853644371033, -1.8163901567459106, -0.165084570646286, -1.5763883590698242, 0.6875807046890259, 0.6703301072120667, -0.6341962814331055, 0.06582164764404297, -0.43844079971313477, 0.7561932802200317, -0.06856729835271835, 0.19866390526294708, -0.7979937195777893, 1.263340711593628, -1.2471680641174316, -0.148895725607872, -1.3829808235168457, 0.7122824192047119, 1.6197987794876099, 1.3321280479431152, 0.9000357985496521, 0.5761805176734924, -1.5075020790100098, 0.9764528274536133, 0.7584095597267151, 0.7194294929504395, 0.16711735725402832, 0.233943372964859, 0.38256022334098816, 0.2959616780281067, -0.22211477160453796, -0.32666581869125366, 0.1254677027463913, 10.718377113342285, -0.191221684217453, -0.6193392276763916, -0.03895612061023712, 0.17392779886722565, 0.43839138746261597, 0.8784123659133911, 0.9512792825698853, -0.5505683422088623, 1.255656123161316, 0.22137966752052307, -1.7792036533355713, -0.6591181755065918, -0.9380964636802673, -0.3324112892150879, -0.11084724217653275, -0.3486064374446869, 0.36203500628471375, 0.48189541697502136, 0.12369918823242188, -1.1412054300308228, 1.150715708732605, -0.8513611555099487, 0.18833860754966736, -1.0908477306365967, -0.5321828722953796, -0.10623922944068909, -0.08604902029037476, -0.47741028666496277, 0.6892699003219604, -0.7365429401397705, -0.6264158487319946, 0.29201072454452515, 0.7258598208427429, 1.0623505115509033, 0.09406308829784393, 0.4646991789340973, 0.5895624756813049, -0.01214514672756195, 0.7574295997619629, -0.7767544388771057, -0.580295205116272, -1.0054240226745605, 0.574486255645752, 0.5519479513168335, -0.6307271718978882, 0.11728819459676743, -0.7860717177391052, -0.3338273763656616, -0.2535979747772217, 0.2919953465461731, -0.33290016651153564, -0.9270517230033875, 0.04650663584470749, 0.35080280900001526, -1.7596206665039062, -0.356691837310791, -0.2667379379272461, -1.1724517345428467, 0.7728139758110046, -0.4129510223865509, -0.9089374542236328, -0.4714325964450836, 0.23280423879623413, -0.4378684163093567, -0.7248574495315552, 1.0490773916244507, 1.186493158340454, -0.19152472913265228, -0.25368595123291016, 1.9887330532073975, -0.041238244622945786, 0.1897355318069458, 0.24559204280376434, -0.34100207686424255, -1.4982619285583496, 0.5865095853805542, 0.18294857442378998, 0.8855631947517395, 0.2560148537158966, 0.4264681339263916, -0.07433230429887772, -0.4387814402580261, 0.7508904337882996, -0.48266685009002686, 0.3341427743434906, 0.012699220329523087, 0.6836100816726685, -1.3140623569488525, -0.8756424188613892, -0.9409940242767334, 0.6600270867347717, 0.03775852918624878, -0.5672696828842163, -0.6108475923538208, -0.253023624420166, 0.7646036744117737, -1.0061341524124146, -0.49230676889419556, -0.03256670758128166, -0.9440566897392273, 0.30537307262420654, -0.7528169751167297, 0.31545013189315796, 0.4573018252849579, -0.21874317526817322, 0.012564040720462799, 0.894506573677063, 0.3808555006980896, -0.3761979937553406, 0.29027098417282104, -0.227321058511734, -0.47154003381729126, -0.554349958896637, -1.4400454759597778, 0.33354446291923523, -0.6972516179084778, 0.4722937047481537, 0.6335293054580688, 0.6791083216667175, -1.319679617881775, -0.6532785892486572, 0.4092632234096527, 0.5327111482620239, 0.32634156942367554, 0.05709151178598404, -0.8552694320678711, -1.4801015853881836, -0.3446351885795593, 0.406795859336853, 0.2908024489879608, -0.35399502515792847, 0.11625298857688904, 0.3360307812690735, -0.5924383401870728, -0.552783727645874, -0.22927974164485931, -0.3690275251865387, 0.265517920255661, -0.8092504739761353, -0.7595934271812439, -0.5446184873580933, 1.3846609592437744, -0.6741595268249512, 0.04767570644617081, 0.3700663149356842, -0.024452118203043938, -0.916295051574707, 0.5348520874977112, 1.5974479913711548, 0.012350380420684814, -0.4257057309150696, -0.10889697074890137, -1.191696286201477, 0.432248055934906, -1.2855110168457031, -0.7822415828704834, 0.0700540840625763, -0.8052632212638855, 3.5964174270629883, -0.1401367485523224, 0.3060067892074585, -1.074695110321045, 0.34626978635787964, 0.2927878797054291, -0.695081889629364, -0.10319404304027557, -0.2739841341972351, 1.5392729043960571, -0.13614590466022491, 1.3278499841690063, -2.0341298580169678, -0.24112650752067566, 0.31195226311683655, 0.6651825904846191, 0.07001161575317383, -0.1311873197555542, 0.706977903842926, 0.033445753157138824, -0.5127393007278442, 0.5873606204986572, 0.19836387038230896, -0.3020499050617218, 0.7774211168289185, 0.014737596735358238, 0.7443517446517944, -0.9509479403495789, -0.9016963243484497, 0.3655085563659668, 0.6587426066398621, 0.8619047403335571, 0.7091913819313049, -0.199951171875, -1.7966198921203613, 0.2941417396068573, 0.8620580434799194, -0.552570641040802, -0.23846831917762756, 0.0913611352443695, -0.16455619037151337, -1.2015671730041504, 0.2097562849521637, -0.16039298474788666, 1.4258877038955688, 0.31937310099601746, -0.7901825904846191, -0.8341712951660156, 1.3295822143554688, -0.4663490951061249, 0.26854318380355835, 0.09778988361358643, -0.4339185953140259, -0.31184273958206177, 0.004636496305465698, -0.44585758447647095, -1.154099464416504, -1.0905568599700928, 0.8316944241523743, -0.40710484981536865, -0.1467868983745575, 0.5718576908111572, 0.3286912441253662, 0.2076159119606018, -1.2558183670043945, -1.0265809297561646, -0.5722633004188538, 0.22665700316429138, 0.7291234731674194, 0.21258705854415894, 0.0777256041765213, 0.8523787260055542, -1.1637957096099854, 1.3408262729644775, -0.08827030658721924, -1.1355407238006592, 0.9540963768959045, 0.08294114470481873, 0.4168938994407654, -0.0796983540058136, -1.05474054813385, -0.9595822691917419, 0.47474414110183716, -1.5222299098968506, -0.5812975764274597, -0.31145477294921875, 1.0152662992477417, -0.7951796650886536, 0.6119069457054138, -1.3048839569091797, 0.8174736499786377, 1.5198031663894653, -0.19824527204036713, -0.5982949733734131, 0.02786337584257126, 0.2368985265493393, -0.48084428906440735, 1.875669002532959, -0.1065807193517685, -0.556646466255188, 0.013250067830085754, 1.20786714553833, -0.2604151964187622, -0.2982565462589264, 0.30892592668533325, 0.6107581853866577, -0.018767818808555603, -0.6503925323486328, 1.5285825729370117, -0.34931522607803345, -0.2863314747810364, 0.9438093900680542, -0.7375821471214294, -0.2662400007247925, -0.34569698572158813, 1.115145206451416, -0.9931578636169434, -0.38488855957984924, -0.83842533826828, -1.0533801317214966, 0.2241392582654953, 0.14252910017967224, -0.11236836761236191, 0.39919766783714294, 0.39757823944091797, -2.0462167263031006, -1.1309031248092651, 0.9300611019134521, 0.996149480342865, 0.25423476099967957, -0.42849236726760864, 0.035809993743896484, 0.4816259741783142, -0.22809526324272156, -1.3714511394500732, 0.31697317957878113, 1.0689159631729126, -0.34448596835136414, 0.5655637979507446, 0.16222313046455383, -1.0658544301986694, 0.04037708789110184, -0.3794265687465668, 0.3752511143684387, -0.8035887479782104, -0.5974720120429993, 0.18022480607032776, 0.48639658093452454, -1.2777199745178223, 1.5310505628585815, 1.5679224729537964, 0.11035993695259094, 0.4416285753250122, 1.361643671989441, -0.11529289931058884, -0.5079621076583862, -1.065535068511963, 0.33485180139541626, 0.6470934748649597, -0.33617889881134033, -0.3050690293312073, 0.4492390751838684, 0.3149259090423584, -0.20383037626743317, -1.0052483081817627, -0.07877717167139053, -0.9313750267028809, -0.07827965915203094, -1.2970013618469238, 0.5979763269424438, -0.8894168138504028, 0.33480149507522583, -1.2902535200119019, 0.5239337682723999, -0.06016746163368225, 0.25036686658859253, 0.8380846977233887, -0.25802794098854065, -0.5804944038391113, -0.05871234089136124, -0.7671354413032532, -1.0205466747283936, 0.12760880589485168, 0.8780443668365479, -1.2187484502792358, -0.37419450283050537, 0.13088572025299072, 0.23278039693832397, 1.417885661125183, -0.4062095284461975, 0.5087528228759766, 0.07097671926021576, 1.4643642902374268, -0.6941319108009338, -1.5712194442749023, 0.4255639314651489, -0.626136064529419, -0.7528924942016602, -0.6246761679649353, 1.0912933349609375, -0.07940265536308289, -0.07332336902618408, -0.012688513845205307, 0.03138582408428192, 0.20815463364124298, -0.8981469869613647, 0.25315719842910767, -0.6282744407653809, -0.5907347202301025, -0.024032048881053925, -0.24770349264144897, 0.46556738018989563, 0.2740494906902313, -0.5840657353401184, -0.5833021998405457, 0.5250568985939026, 0.6937781572341919, 0.19272960722446442, 0.2647317051887512, 0.5173729062080383, -0.19262440502643585, 0.20302343368530273, -0.2676137685775757, 0.6350699067115784, 0.4069406986236572, -0.28925466537475586, 1.812351942062378, -0.12631756067276, 0.9128626585006714, -0.2813941240310669, 0.03417787328362465, -0.39808711409568787, -1.3485075235366821, -0.8284487128257751, -0.5832312107086182, -0.7317716479301453, -0.08259706199169159, -0.23681515455245972, -0.721526026725769, -1.1945109367370605, -0.4306614398956299, -0.5228102803230286, -0.7474215626716614, 1.0815224647521973, -0.9889955520629883, 0.8646172285079956, 0.22664925456047058, 1.041869878768921, 0.3853379487991333, 0.7015073299407959, -1.1076338291168213, 0.2347482293844223, 0.4347447156906128, -1.955413579940796, -0.012374147772789001, 0.644637942314148, 0.008994221687316895, 0.6582908630371094, 0.7415765523910522, 0.5625453591346741, 1.295756220817566, 1.4503469467163086, 0.8234683871269226, -0.8011969923973083, -0.1748490035533905, -0.38459116220474243, -0.7265101075172424, -0.43812620639801025, 0.9835596680641174, -0.7958533763885498, 0.6208674311637878, -0.6462411880493164, 0.6612140536308289, -0.05035248398780823, -0.8581518530845642, 0.7280651926994324, -0.33799076080322266, 0.5037435293197632, -1.9217548370361328, -0.10294950008392334, 1.734911322593689, -0.5341046452522278, 0.8724477887153625, 0.37990859150886536, 0.23176437616348267, -0.7500119805335999, 0.6116254329681396, 0.5457383394241333, -0.0865260660648346, -0.36576956510543823, -0.9945236444473267, 0.08246752619743347, -0.42447829246520996, -0.4262734651565552, -0.8150434494018555, -0.2767907381057739, 0.20257961750030518, 0.5432400107383728, -0.08521129935979843, -0.9882502555847168, -0.17615406215190887, 0.2159038633108139, -0.053942859172821045, -1.5376497507095337, 0.37645137310028076, 0.5866725444793701, -0.044190913438797, -0.1536674052476883, 0.6129717230796814, 0.1979462206363678, 0.08119519799947739, 0.09653298556804657, -1.2640904188156128, -0.46070656180381775, -0.10283786058425903, 0.05678771436214447, -0.005639992654323578, -1.0038365125656128, -1.039621353149414, -0.5762232542037964, -0.9639593958854675, -0.6034989356994629, -0.3956223428249359, -2.3888635635375977, 0.2516205906867981, -0.7051231861114502, -0.2582544684410095, 0.9610186815261841, 0.3350462019443512, 0.5589619278907776, -0.256929486989975, -1.3290446996688843, -0.5836678147315979, 0.9371795058250427, -0.4755539000034332, -0.31046706438064575, -0.42685216665267944, -0.5418626070022583, -0.32545775175094604, 0.06434731185436249, 0.0389857143163681, -0.26501113176345825, -0.3838132321834564, -0.7321449518203735, -0.9975249767303467, 0.933894157409668, 0.42154234647750854, -0.07444725930690765, -1.2658915519714355, -0.6580531597137451, 0.46363532543182373, 0.9542139172554016, -0.48508644104003906, -0.24355225265026093, 0.5037186145782471, -1.1186944246292114, -1.1644716262817383, 0.6945888996124268, 0.7870932817459106, -0.25021666288375854, 0.24558290839195251, 0.779716432094574, 0.8111591935157776, -0.01628418266773224, -1.9716901779174805, -0.7621675729751587, -1.1863582134246826, 0.4801575541496277, 0.586652398109436, 1.0212233066558838, 0.5435253381729126, -0.05154535919427872, 1.1792715787887573, 0.021128196269273758, -0.2180129885673523, 0.5989269614219666, -0.44001033902168274, -0.470594197511673, 0.743207573890686, -0.03381362557411194, 1.4796671867370605, -0.22914639115333557, -0.31268733739852905, -0.2787337899208069, -0.8106513619422913, -0.3257145285606384, 0.4019901156425476, 0.6786000728607178, -0.5258957147598267, -1.3397434949874878, 0.6836751699447632, 0.2937781810760498, 0.3026527762413025, -1.0478988885879517, -0.14216715097427368, 0.2206132858991623, 1.1280485391616821, -0.17609207332134247, -0.7338957786560059, 0.007672414183616638, 0.12984345853328705, -0.8157364130020142, -0.11254750192165375, -1.642050862312317, -0.5297141671180725, -0.4682595431804657, 0.3854203224182129, -0.21313157677650452, 0.011427834630012512, -0.5654809474945068, -0.2307155430316925, -0.16889618337154388, 0.16861103475093842, 0.21930921077728271, 0.3352864384651184, -0.5551655292510986, 0.2937743067741394, -0.7318499088287354, -1.0429747104644775, -0.22526642680168152, 0.08550232648849487, -1.0706475973129272, 0.4073898196220398, 0.2492818832397461, 0.44080573320388794, 0.736611545085907, 0.5196669697761536, 0.6742843389511108, -0.19251620769500732, 0.5222291350364685, 0.10494422912597656, 0.660388171672821, -0.9024925827980042, -0.8254461288452148, -0.6788485646247864, -0.5207489132881165, 0.7973846197128296, -1.2797359228134155, 0.19898493587970734, -0.5960997343063354, 0.1194988340139389, -0.8786131739616394, 0.32253313064575195, 0.22982792556285858, -0.9574068784713745, 0.9822235107421875, 1.5551414489746094, -0.47533607482910156, -1.2219258546829224, 0.8537161946296692, 1.256842851638794, -0.5309704542160034, 0.39245185256004333, 1.7576218843460083, -1.4650228023529053]","[0.6397411227226257, 1.7077335119247437, 2.274700880050659, -2.1298723220825195, 3.196162700653076, 2.593855381011963, -1.1608641147613525, -0.7416291832923889, -0.8617236614227295, 0.5779440402984619, 0.31765857338905334, -0.7914405465126038, -0.3045119345188141, -1.785965085029602, -0.5588866472244263, -0.8811376094818115, 0.6746103763580322, -2.643953800201416, 0.12712177634239197, 0.8258693218231201, -0.24924367666244507, 1.4604883193969727, 0.8724839687347412, -2.542961597442627, -2.65218448638916, -1.0405707359313965, -1.3171123266220093, 2.869642496109009, 0.13393448293209076, 1.293531894683838, -2.5561482906341553, 0.008751507848501205, -0.7889754176139832, 0.42354926466941833, 1.3517625331878662, 0.5233582258224487, -1.5637577772140503, -0.7264349460601807, -0.7393074631690979, 0.7018663883209229, -0.3458494246006012, -0.8337385058403015, -0.5428098440170288, -0.36239707469940186, 1.3807512521743774, 0.2364223748445511, -1.5147197246551514, -0.06268268078565598, -1.9430946111679077, 0.8737382888793945, 2.3629066944122314, -0.598858654499054, -0.9360834956169128, -1.4411565065383911, 0.6068769097328186, 0.04904806241393089, -1.824671983718872, 0.09394699335098267, 0.8522932529449463, -1.3849232196807861, -1.2685415744781494, -2.231966018676758, 0.12865598499774933, -0.8736616969108582, 1.3462121486663818, 0.6434560418128967, -1.745468020439148, 0.6599425077438354, -1.1876270771026611, -2.659497022628784, 0.5536390542984009, -0.6128886938095093, -0.0935128927230835, 0.4139901399612427, -0.754059374332428, 0.002154063433408737, 0.47678136825561523, -1.5568652153015137, -0.6812049150466919, -1.8211604356765747, 1.0155291557312012, 0.4503447711467743, 1.9258028268814087, -3.0674490928649902, 1.4274888038635254, 3.5328025817871094, 1.6251592636108398, 1.0854638814926147, -2.3223342895507812, 0.9082810282707214, -1.2081120014190674, 0.27094846963882446, 2.7728607654571533, 2.2189252376556396, -0.6674943566322327, -2.247183084487915, -0.7794919013977051, 0.7763087153434753, 0.20316116511821747, -0.6269114017486572, -0.7586061954498291, -1.9002138376235962, -3.6764423847198486, -2.3608462810516357, 0.2675026059150696, 2.9675590991973877, -1.5672955513000488, 1.8226536512374878, -1.3920435905456543, -0.1372361183166504, 3.498159885406494, -1.0749270915985107, 2.124950408935547, -3.5719308853149414, 2.541151762008667, 0.19516029953956604, -2.583524465560913, 0.3615487515926361, 0.903175950050354, 2.904197931289673, 2.288785219192505, 2.7455527782440186, 1.0455225706100464, -0.4503984749317169, -1.6230067014694214, -0.62580806016922, 2.183894634246826, -0.8578884601593018]","[-0.6251515746116638, 1.7197760343551636, 1.238234281539917, -0.9698815941810608, 0.8815896511077881, 0.31378889083862305, 0.07685042917728424, 0.6044533252716064, -0.7377376556396484, -1.396331787109375, 0.3487265110015869, 0.07867032289505005, 0.018745772540569305, -0.40129050612449646, -0.35089820623397827, 0.40631723403930664, 1.47772216796875, 0.449288934469223, 0.12081751227378845, 0.14628618955612183, 0.6630076169967651, -0.8148123025894165, 0.5290102362632751, 0.5843638777732849, 0.49548009037971497, -0.14885357022285461, -0.5896397829055786, 0.17147332429885864, 1.093597412109375, -0.24410685896873474, -0.08897075057029724, 1.0008009672164917, -1.188035011291504, 0.2929973602294922, -0.7498451471328735, -0.23958256840705872, -0.669028103351593, 1.1065959930419922, -1.1731036901474, -0.2519700825214386, -0.8143963813781738, -1.458909034729004, -0.03725971281528473, -0.32076212763786316, -1.035841703414917, -0.3452727198600769, 0.5843765735626221, 1.1216264963150024, -0.2763809263706207, 0.9447880983352661, -0.6085649132728577, 0.32682058215141296, 0.1005072295665741, -0.5273246765136719, -0.20734919607639313, 0.1844884604215622, -0.5040222406387329, -0.5591065883636475, -1.2034410238265991, -0.6749241948127747, -0.046516597270965576, -0.3091078996658325, -1.2371984720230103, -0.22211045026779175, 0.9582434892654419, -0.07759392261505127, 0.036337703466415405, -1.7043503522872925, 0.22642849385738373, 0.05079245567321777, 0.08232075721025467, 0.9305613040924072, 0.3266308009624481, 0.6506222486495972, 0.25748369097709656, -1.0476821660995483, 0.06394951045513153, 0.15233220160007477, 0.02199569344520569, 0.4101983904838562, -0.36089634895324707, -0.5570200085639954, -1.1438413858413696, -0.26782944798469543, 0.2123984843492508, -0.5912802219390869, 0.18492725491523743, 0.3148697018623352, 1.5046947002410889, 0.22303655743598938, 0.33851009607315063, 0.1317513883113861, -0.4129984974861145, 1.5195655822753906, -0.7044963836669922, 0.40233105421066284, 0.25566884875297546, -0.631060779094696, -1.5489404201507568, -0.2327125370502472, 0.9974387884140015, -1.2134712934494019, 0.5284017324447632, 1.0733437538146973, 0.5102214813232422, 1.3735297918319702, -0.16214856505393982, 1.4287101030349731, -0.09387396275997162, -6.587256908416748, 0.23399780690670013, -0.5866885185241699, -0.26790398359298706, 0.7276347875595093, 0.15130804479122162, 0.48911720514297485, 0.8406000733375549, -0.8299582004547119, -0.49206459522247314, 0.17338600754737854, 0.5393460392951965, -0.7339853644371033, -1.8163901567459106, -0.165084570646286, -1.5763883590698242, 0.6875807046890259, 0.6703301072120667, -0.6341962814331055, 0.06582164764404297, -0.43844079971313477, 0.7561932802200317, -0.06856729835271835, 0.19866390526294708, -0.7979937195777893, 1.263340711593628, -1.2471680641174316, -0.148895725607872, -1.3829808235168457, 0.7122824192047119, 1.6197987794876099, 1.3321280479431152, 0.9000357985496521, 0.5761805176734924, -1.5075020790100098, 0.9764528274536133, 0.7584095597267151, 0.7194294929504395, 0.16711735725402832, 0.233943372964859, 0.38256022334098816, 0.2959616780281067, -0.22211477160453796, -0.32666581869125366, 0.1254677027463913, 10.718377113342285, -0.191221684217453, -0.6193392276763916, -0.03895612061023712, 0.17392779886722565, 0.43839138746261597, 0.8784123659133911, 0.9512792825698853, -0.5505683422088623, 1.255656123161316, 0.22137966752052307, -1.7792036533355713, -0.6591181755065918, -0.9380964636802673, -0.3324112892150879, -0.11084724217653275, -0.3486064374446869, 0.36203500628471375, 0.48189541697502136, 0.12369918823242188, -1.1412054300308228, 1.150715708732605, -0.8513611555099487, 0.18833860754966736, -1.0908477306365967, -0.5321828722953796, -0.10623922944068909, -0.08604902029037476, -0.47741028666496277, 0.6892699003219604, -0.7365429401397705, -0.6264158487319946, 0.29201072454452515, 0.7258598208427429, 1.0623505115509033, 0.09406308829784393, 0.4646991789340973, 0.5895624756813049, -0.01214514672756195, 0.7574295997619629, -0.7767544388771057, -0.580295205116272, -1.0054240226745605, 0.574486255645752, 0.5519479513168335, -0.6307271718978882, 0.11728819459676743, -0.7860717177391052, -0.3338273763656616, -0.2535979747772217, 0.2919953465461731, -0.33290016651153564, -0.9270517230033875, 0.04650663584470749, 0.35080280900001526, -1.7596206665039062, -0.356691837310791, -0.2667379379272461, -1.1724517345428467, 0.7728139758110046, -0.4129510223865509, -0.9089374542236328, -0.4714325964450836, 0.23280423879623413, -0.4378684163093567, -0.7248574495315552, 1.0490773916244507, 1.186493158340454, -0.19152472913265228, -0.25368595123291016, 1.9887330532073975, -0.041238244622945786, 0.1897355318069458, 0.24559204280376434, -0.34100207686424255, -1.4982619285583496, 0.5865095853805542, 0.18294857442378998, 0.8855631947517395, 0.2560148537158966, 0.4264681339263916, -0.07433230429887772, -0.4387814402580261, 0.7508904337882996, -0.48266685009002686, 0.3341427743434906, 0.012699220329523087, 0.6836100816726685, -1.3140623569488525, -0.8756424188613892, -0.9409940242767334, 0.6600270867347717, 0.03775852918624878, -0.5672696828842163, -0.6108475923538208, -0.253023624420166, 0.7646036744117737, -1.0061341524124146, -0.49230676889419556, -0.03256670758128166, -0.9440566897392273, 0.30537307262420654, -0.7528169751167297, 0.31545013189315796, 0.4573018252849579, -0.21874317526817322, 0.012564040720462799, 0.894506573677063, 0.3808555006980896, -0.3761979937553406, 0.29027098417282104, -0.227321058511734, -0.47154003381729126, -0.554349958896637, -1.4400454759597778, 0.33354446291923523, -0.6972516179084778, 0.4722937047481537, 0.6335293054580688, 0.6791083216667175, -1.319679617881775, -0.6532785892486572, 0.4092632234096527, 0.5327111482620239, 0.32634156942367554, 0.05709151178598404, -0.8552694320678711, -1.4801015853881836, -0.3446351885795593, 0.406795859336853, 0.2908024489879608, -0.35399502515792847, 0.11625298857688904, 0.3360307812690735, -0.5924383401870728, -0.552783727645874, -0.22927974164485931, -0.3690275251865387, 0.265517920255661, -0.8092504739761353, -0.7595934271812439, -0.5446184873580933, 1.3846609592437744, -0.6741595268249512, 0.04767570644617081, 0.3700663149356842, -0.024452118203043938, -0.916295051574707, 0.5348520874977112, 1.5974479913711548, 0.012350380420684814, -0.4257057309150696, -0.10889697074890137, -1.191696286201477, 0.432248055934906, -1.2855110168457031, -0.7822415828704834, 0.0700540840625763, -0.8052632212638855, 3.5964174270629883, -0.1401367485523224, 0.3060067892074585, -1.074695110321045, 0.34626978635787964, 0.2927878797054291, -0.695081889629364, -0.10319404304027557, -0.2739841341972351, 1.5392729043960571, -0.13614590466022491, 1.3278499841690063, -2.0341298580169678, -0.24112650752067566, 0.31195226311683655, 0.6651825904846191, 0.07001161575317383, -0.1311873197555542, 0.706977903842926, 0.033445753157138824, -0.5127393007278442, 0.5873606204986572, 0.19836387038230896, -0.3020499050617218, 0.7774211168289185, 0.014737596735358238, 0.7443517446517944, -0.9509479403495789, -0.9016963243484497, 0.3655085563659668, 0.6587426066398621, 0.8619047403335571, 0.7091913819313049, -0.199951171875, -1.7966198921203613, 0.2941417396068573, 0.8620580434799194, -0.552570641040802, -0.23846831917762756, 0.0913611352443695, -0.16455619037151337, -1.2015671730041504, 0.2097562849521637, -0.16039298474788666, 1.4258877038955688, 0.31937310099601746, -0.7901825904846191, -0.8341712951660156, 1.3295822143554688, -0.4663490951061249, 0.26854318380355835, 0.09778988361358643, -0.4339185953140259, -0.31184273958206177, 0.004636496305465698, -0.44585758447647095, -1.154099464416504, -1.0905568599700928, 0.8316944241523743, -0.40710484981536865, -0.1467868983745575, 0.5718576908111572, 0.3286912441253662, 0.2076159119606018, -1.2558183670043945, -1.0265809297561646, -0.5722633004188538, 0.22665700316429138, 0.7291234731674194, 0.21258705854415894, 0.0777256041765213, 0.8523787260055542, -1.1637957096099854, 1.3408262729644775, -0.08827030658721924, -1.1355407238006592, 0.9540963768959045, 0.08294114470481873, 0.4168938994407654, -0.0796983540058136, -1.05474054813385, -0.9595822691917419, 0.47474414110183716, -1.5222299098968506, -0.5812975764274597, -0.31145477294921875, 1.0152662992477417, -0.7951796650886536, 0.6119069457054138, -1.3048839569091797, 0.8174736499786377, 1.5198031663894653, -0.19824527204036713, -0.5982949733734131, 0.02786337584257126, 0.2368985265493393, -0.48084428906440735, 1.875669002532959, -0.1065807193517685, -0.556646466255188, 0.013250067830085754, 1.20786714553833, -0.2604151964187622, -0.2982565462589264, 0.30892592668533325, 0.6107581853866577, -0.018767818808555603, -0.6503925323486328, 1.5285825729370117, -0.34931522607803345, -0.2863314747810364, 0.9438093900680542, -0.7375821471214294, -0.2662400007247925, -0.34569698572158813, 1.115145206451416, -0.9931578636169434, -0.38488855957984924, -0.83842533826828, -1.0533801317214966, 0.2241392582654953, 0.14252910017967224, -0.11236836761236191, 0.39919766783714294, 0.39757823944091797, -2.0462167263031006, -1.1309031248092651, 0.9300611019134521, 0.996149480342865, 0.25423476099967957, -0.42849236726760864, 0.035809993743896484, 0.4816259741783142, -0.22809526324272156, -1.3714511394500732, 0.31697317957878113, 1.0689159631729126, -0.34448596835136414, 0.5655637979507446, 0.16222313046455383, -1.0658544301986694, 0.04037708789110184, -0.3794265687465668, 0.3752511143684387, -0.8035887479782104, -0.5974720120429993, 0.18022480607032776, 0.48639658093452454, -1.2777199745178223, 1.5310505628585815, 1.5679224729537964, 0.11035993695259094, 0.4416285753250122, 1.361643671989441, -0.11529289931058884, -0.5079621076583862, -1.065535068511963, 0.33485180139541626, 0.6470934748649597, -0.33617889881134033, -0.3050690293312073, 0.4492390751838684, 0.3149259090423584, -0.20383037626743317, -1.0052483081817627, -0.07877717167139053, -0.9313750267028809, -0.07827965915203094, -1.2970013618469238, 0.5979763269424438, -0.8894168138504028, 0.33480149507522583, -1.2902535200119019, 0.5239337682723999, -0.06016746163368225, 0.25036686658859253, 0.8380846977233887, -0.25802794098854065, -0.5804944038391113, -0.05871234089136124, -0.7671354413032532, -1.0205466747283936, 0.12760880589485168, 0.8780443668365479, -1.2187484502792358, -0.37419450283050537, 0.13088572025299072, 0.23278039693832397, 1.417885661125183, -0.4062095284461975, 0.5087528228759766, 0.07097671926021576, 1.4643642902374268, -0.6941319108009338, -1.5712194442749023, 0.4255639314651489, -0.626136064529419, -0.7528924942016602, -0.6246761679649353, 1.0912933349609375, -0.07940265536308289, -0.07332336902618408, -0.012688513845205307, 0.03138582408428192, 0.20815463364124298, -0.8981469869613647, 0.25315719842910767, -0.6282744407653809, -0.5907347202301025, -0.024032048881053925, -0.24770349264144897, 0.46556738018989563, 0.2740494906902313, -0.5840657353401184, -0.5833021998405457, 0.5250568985939026, 0.6937781572341919, 0.19272960722446442, 0.2647317051887512, 0.5173729062080383, -0.19262440502643585, 0.20302343368530273, -0.2676137685775757, 0.6350699067115784, 0.4069406986236572, -0.28925466537475586, 1.812351942062378, -0.12631756067276, 0.9128626585006714, -0.2813941240310669, 0.03417787328362465, -0.39808711409568787, -1.3485075235366821, -0.8284487128257751, -0.5832312107086182, -0.7317716479301453, -0.08259706199169159, -0.23681515455245972, -0.721526026725769, -1.1945109367370605, -0.4306614398956299, -0.5228102803230286, -0.7474215626716614, 1.0815224647521973, -0.9889955520629883, 0.8646172285079956, 0.22664925456047058, 1.041869878768921, 0.3853379487991333, 0.7015073299407959, -1.1076338291168213, 0.2347482293844223, 0.4347447156906128, -1.955413579940796, -0.012374147772789001, 0.644637942314148, 0.008994221687316895, 0.6582908630371094, 0.7415765523910522, 0.5625453591346741, 1.295756220817566, 1.4503469467163086, 0.8234683871269226, -0.8011969923973083, -0.1748490035533905, -0.38459116220474243, -0.7265101075172424, -0.43812620639801025, 0.9835596680641174, -0.7958533763885498, 0.6208674311637878, -0.6462411880493164, 0.6612140536308289, -0.05035248398780823, -0.8581518530845642, 0.7280651926994324, -0.33799076080322266, 0.5037435293197632, -1.9217548370361328, -0.10294950008392334, 1.734911322593689, -0.5341046452522278, 0.8724477887153625, 0.37990859150886536, 0.23176437616348267, -0.7500119805335999, 0.6116254329681396, 0.5457383394241333, -0.0865260660648346, -0.36576956510543823, -0.9945236444473267, 0.08246752619743347, -0.42447829246520996, -0.4262734651565552, -0.8150434494018555, -0.2767907381057739, 0.20257961750030518, 0.5432400107383728, -0.08521129935979843, -0.9882502555847168, -0.17615406215190887, 0.2159038633108139, -0.053942859172821045, -1.5376497507095337, 0.37645137310028076, 0.5866725444793701, -0.044190913438797, -0.1536674052476883, 0.6129717230796814, 0.1979462206363678, 0.08119519799947739, 0.09653298556804657, -1.2640904188156128, -0.46070656180381775, -0.10283786058425903, 0.05678771436214447, -0.005639992654323578, -1.0038365125656128, -1.039621353149414, -0.5762232542037964, -0.9639593958854675, -0.6034989356994629, -0.3956223428249359, -2.3888635635375977, 0.2516205906867981, -0.7051231861114502, -0.2582544684410095, 0.9610186815261841, 0.3350462019443512, 0.5589619278907776, -0.256929486989975, -1.3290446996688843, -0.5836678147315979, 0.9371795058250427, -0.4755539000034332, -0.31046706438064575, -0.42685216665267944, -0.5418626070022583, -0.32545775175094604, 0.06434731185436249, 0.0389857143163681, -0.26501113176345825, -0.3838132321834564, -0.7321449518203735, -0.9975249767303467, 0.933894157409668, 0.42154234647750854, -0.07444725930690765, -1.2658915519714355, -0.6580531597137451, 0.46363532543182373, 0.9542139172554016, -0.48508644104003906, -0.24355225265026093, 0.5037186145782471, -1.1186944246292114, -1.1644716262817383, 0.6945888996124268, 0.7870932817459106, -0.25021666288375854, 0.24558290839195251, 0.779716432094574, 0.8111591935157776, -0.01628418266773224, -1.9716901779174805, -0.7621675729751587, -1.1863582134246826, 0.4801575541496277, 0.586652398109436, 1.0212233066558838, 0.5435253381729126, -0.05154535919427872, 1.1792715787887573, 0.021128196269273758, -0.2180129885673523, 0.5989269614219666, -0.44001033902168274, -0.470594197511673, 0.743207573890686, -0.03381362557411194, 1.4796671867370605, -0.22914639115333557, -0.31268733739852905, -0.2787337899208069, -0.8106513619422913, -0.3257145285606384, 0.4019901156425476, 0.6786000728607178, -0.5258957147598267, -1.3397434949874878, 0.6836751699447632, 0.2937781810760498, 0.3026527762413025, -1.0478988885879517, -0.14216715097427368, 0.2206132858991623, 1.1280485391616821, -0.17609207332134247, -0.7338957786560059, 0.007672414183616638, 0.12984345853328705, -0.8157364130020142, -0.11254750192165375, -1.642050862312317, -0.5297141671180725, -0.4682595431804657, 0.3854203224182129, -0.21313157677650452, 0.011427834630012512, -0.5654809474945068, -0.2307155430316925, -0.16889618337154388, 0.16861103475093842, 0.21930921077728271, 0.3352864384651184, -0.5551655292510986, 0.2937743067741394, -0.7318499088287354, -1.0429747104644775, -0.22526642680168152, 0.08550232648849487, -1.0706475973129272, 0.4073898196220398, 0.2492818832397461, 0.44080573320388794, 0.736611545085907, 0.5196669697761536, 0.6742843389511108, -0.19251620769500732, 0.5222291350364685, 0.10494422912597656, 0.660388171672821, -0.9024925827980042, -0.8254461288452148, -0.6788485646247864, -0.5207489132881165, 0.7973846197128296, -1.2797359228134155, 0.19898493587970734, -0.5960997343063354, 0.1194988340139389, -0.8786131739616394, 0.32253313064575195, 0.22982792556285858, -0.9574068784713745, 0.9822235107421875, 1.5551414489746094, -0.47533607482910156, -1.2219258546829224, 0.8537161946296692, 1.256842851638794, -0.5309704542160034, 0.39245185256004333, 1.7576218843460083, -1.4650228023529053, 0.6397411227226257, 1.7077335119247437, 2.274700880050659, -2.1298723220825195, 3.196162700653076, 2.593855381011963, -1.1608641147613525, -0.7416291832923889, -0.8617236614227295, 0.5779440402984619, 0.31765857338905334, -0.7914405465126038, -0.3045119345188141, -1.785965085029602, -0.5588866472244263, -0.8811376094818115, 0.6746103763580322, -2.643953800201416, 0.12712177634239197, 0.8258693218231201, -0.24924367666244507, 1.4604883193969727, 0.8724839687347412, -2.542961597442627, -2.65218448638916, -1.0405707359313965, -1.3171123266220093, 2.869642496109009, 0.13393448293209076, 1.293531894683838, -2.5561482906341553, 0.008751507848501205, -0.7889754176139832, 0.42354926466941833, 1.3517625331878662, 0.5233582258224487, -1.5637577772140503, -0.7264349460601807, -0.7393074631690979, 0.7018663883209229, -0.3458494246006012, -0.8337385058403015, -0.5428098440170288, -0.36239707469940186, 1.3807512521743774, 0.2364223748445511, -1.5147197246551514, -0.06268268078565598, -1.9430946111679077, 0.8737382888793945, 2.3629066944122314, -0.598858654499054, -0.9360834956169128, -1.4411565065383911, 0.6068769097328186, 0.04904806241393089, -1.824671983718872, 0.09394699335098267, 0.8522932529449463, -1.3849232196807861, -1.2685415744781494, -2.231966018676758, 0.12865598499774933, -0.8736616969108582, 1.3462121486663818, 0.6434560418128967, -1.745468020439148, 0.6599425077438354, -1.1876270771026611, -2.659497022628784, 0.5536390542984009, -0.6128886938095093, -0.0935128927230835, 0.4139901399612427, -0.754059374332428, 0.002154063433408737, 0.47678136825561523, -1.5568652153015137, -0.6812049150466919, -1.8211604356765747, 1.0155291557312012, 0.4503447711467743, 1.9258028268814087, -3.0674490928649902, 1.4274888038635254, 3.5328025817871094, 1.6251592636108398, 1.0854638814926147, -2.3223342895507812, 0.9082810282707214, -1.2081120014190674, 0.27094846963882446, 2.7728607654571533, 2.2189252376556396, -0.6674943566322327, -2.247183084487915, -0.7794919013977051, 0.7763087153434753, 0.20316116511821747, -0.6269114017486572, -0.7586061954498291, -1.9002138376235962, -3.6764423847198486, -2.3608462810516357, 0.2675026059150696, 2.9675590991973877, -1.5672955513000488, 1.8226536512374878, -1.3920435905456543, -0.1372361183166504, 3.498159885406494, -1.0749270915985107, 2.124950408935547, -3.5719308853149414, 2.541151762008667, 0.19516029953956604, -2.583524465560913, 0.3615487515926361, 0.903175950050354, 2.904197931289673, 2.288785219192505, 2.7455527782440186, 1.0455225706100464, -0.4503984749317169, -1.6230067014694214, -0.62580806016922, 2.183894634246826, -0.8578884601593018]"
48,8,تكليف,input_doc,"الجمهورية العربية السورية
وزارة المواردةالمائية ما
الحيئة العامة للموارد المائية
مديرية الموارد المائية في محافظة طرطوس
عم + كد
إن مدير الموارد المائية في محافظة طرطوس
بناء على أحكام المرسوم التشريعي رقم /4 / لعام 7017
وعلى أحكام القانون الأساسي للعاملين في الدولة رقم / 0 8/ لعام 4 706 ولاسيما المادتين (4-7 9) منه
وعلى المرسوم التشريعي رقم /90/ تاريخ 1 /ح إقم ‎""١‏
‏وعلى أحكام المرسوم التشريعي رقم /7 7 9/ تاريخ 7//17/ ‎١‏ ؟
وعلى قرار السيد وزير الري رقم //49 ‎/١١‏ تاريخ ‎١‏ لع ؟
وعلى تعميم رئاسة مجلس الوزراء رقم 47 ‎١6/88‏ تاريخ ‎٠٠١ ١7/6‏
وعلى اقتراح اللجنة الفرعية المشكلة بالقرار رقم /45 6 / تاريخ هك/١/ ‎7٠‏
‏وعلى قرار التفويض رقم /456 4 ‎/١‏ تاريخ ‎٠١‏ لم٠‏

وعلى القرار رقم /4 6 4/ تريغ ‎1١/11/74‏ : يقرر ما يلي

1 +

مادة | نيزا اجر كلا من السادة العاملين لدى الحيئة العامة للموارد المائية -- مديرية الموارد المائية في محافظة طيطوس بموجب

""| داؤود يونس درويش مف 19 جيد

سوسن آصف علي عاملة ‎11١‏ جيد فل
‎+١‏ غنذاء توف عبد الرحمن” - قار | ‎١١‏ جد 15 7
© | رغدة جهاد علي م.ف الحد ا فل
‎١‏ حسام كامل سليمان تجارة ا 17 ‎١‏ جيذ 7 7
| ماجدة مدحت خدام إدارية عيذ 015"" ف
8 منال سليمان عبد الرحمن دف 17 حبذ 1 ل
عدي حسن علي جيولوجي |7 14786 | جيد 18711 7

يي
ل ا
""1 ا ل
‎٠١١ ١١7‏
الحا محر ‎١١‏
‏107 7 دا ا
7 ود اا
‎٠١ ٠‏ 8 أ

مادة /7/ : تصرف النفقة الناجهة عن هذا القرار من اعتمادات وزارة الموارذ المائية -- اليعة العامة للموارد المائية -- مديرية الموارد

المائية بطرطوس المخصصة لذلك .
مادة /11 :يلغ هذا القرار من يلزم لتنفيذه .
طرطوس يي براه ‎7١‏

الحيئة العامة للموارد المائية (شعبة الترفيعات.)

0 *

َ","[-0.7001714706420898, 1.7967028617858887, 1.4422563314437866, -0.4540977478027344, 0.7280086278915405, 0.6593716740608215, -0.2420312762260437, 0.9435364603996277, -0.6545301675796509, -0.639583170413971, 0.6579880714416504, -0.25967514514923096, -0.6077961921691895, -0.20663298666477203, -0.17520783841609955, 0.5751088857650757, 1.6057440042495728, 0.9385285377502441, 0.2200940102338791, 0.45225659012794495, 0.1337575912475586, -0.6585732698440552, -0.45910680294036865, 1.0020850896835327, 0.3812241554260254, -0.34236517548561096, -1.1969218254089355, 0.3864253759384155, 1.0958870649337769, 0.7493283748626709, -0.04366616904735565, 1.2240846157073975, -0.5351182222366333, 0.6225371956825256, -0.8557642698287964, -0.3999651372432709, -0.39792707562446594, 0.7271994948387146, -0.9285109043121338, -0.5599841475486755, -0.7934553623199463, -0.0681958943605423, -0.2169262170791626, -0.26153793931007385, -0.6718473434448242, -0.8762921690940857, 0.8103658556938171, 1.3208863735198975, -0.11253964900970459, 0.9712663292884827, -0.09511945396661758, 0.16899529099464417, 0.21313168108463287, 0.4417220950126648, 0.3927749991416931, 0.6256152391433716, -0.23952974379062653, -0.8293881416320801, -0.8155480623245239, -1.1641000509262085, 0.024615556001663208, 0.05688488483428955, -0.8551890850067139, -0.8823690414428711, 0.46505844593048096, -0.05635040998458862, 0.6976991295814514, -1.6381295919418335, 0.18995364010334015, -0.10701945424079895, -0.17146563529968262, 0.5355715751647949, 0.7170601487159729, 0.1325913667678833, 0.33718955516815186, -1.110470175743103, -0.5687172412872314, -0.2346038818359375, 0.32620036602020264, 0.6827271580696106, 0.10642950236797333, -0.9856029152870178, -1.0735429525375366, -0.24326303601264954, 0.534231960773468, 0.1279267519712448, 0.3488364517688751, 0.26298514008522034, 1.2842843532562256, -0.624825119972229, 0.6447442770004272, 0.7714933156967163, 0.1807638704776764, 1.5226534605026245, 0.07573620975017548, 0.5012651681900024, 0.6497029066085815, -0.4179171323776245, -1.046095371246338, -0.10544373095035553, 1.3081620931625366, -0.6119061708450317, 0.6342929005622864, 1.1542638540267944, 0.7262874841690063, 1.2402443885803223, -0.3596941828727722, 1.2580792903900146, -0.7400215268135071, -6.227880954742432, 0.2712376117706299, -0.560305118560791, -0.13803613185882568, 0.2449895441532135, -0.19639115035533905, 0.7650670409202576, 0.8824483156204224, -0.6093695163726807, -0.8206831216812134, 0.21198798716068268, 0.10356117784976959, -1.3680039644241333, -1.1130449771881104, 0.2430969774723053, -1.1919270753860474, 0.8461711406707764, 1.0080302953720093, -0.24416452646255493, 0.22869305312633514, -0.6163777709007263, 1.1099423170089722, -0.3856092393398285, 0.0932614654302597, -0.8015050292015076, 1.3197638988494873, -0.5737093091011047, -0.36779385805130005, -1.3792753219604492, 0.7720332145690918, 1.1062031984329224, 1.0136436223983765, 0.6107033491134644, 0.4408718943595886, -1.0977855920791626, 0.09717414528131485, 0.49481478333473206, 0.44777995347976685, 0.14878109097480774, 0.5977911949157715, 0.037717513740062714, 0.44901514053344727, -0.7583082318305969, -0.2645053565502167, 0.0029107332229614258, 9.902127265930176, 0.6344956755638123, -0.20811784267425537, 0.10578003525733948, -0.39036059379577637, 0.3762534260749817, 1.6055766344070435, 1.2333489656448364, -0.920184850692749, 1.5734928846359253, 0.1466321349143982, -1.4828612804412842, -0.39759260416030884, -0.7948705554008484, -0.8185740113258362, 0.34226447343826294, 0.3595014810562134, -0.00026391446590423584, 0.7949342727661133, 0.5447317361831665, -1.3414098024368286, 0.4489041566848755, -0.6825693845748901, 0.032550305128097534, -0.7876477241516113, -0.7803544402122498, -0.07988730072975159, 0.6151033043861389, -0.7381728887557983, 0.48826149106025696, -1.1379034519195557, -0.3206738829612732, 0.8466871976852417, -0.08449166268110275, 0.610993504524231, -0.04421009123325348, 1.0144071578979492, 0.9788093566894531, 0.6435280442237854, 0.4545658528804779, -0.7973880767822266, -0.573671817779541, -1.2636902332305908, -0.035961493849754333, -0.3310798406600952, -0.8383712768554688, 0.4284723401069641, -1.073529601097107, -0.4254157543182373, 0.14861324429512024, 0.27801162004470825, -0.3306099772453308, -0.8597483038902283, 0.18695664405822754, 0.13633626699447632, -1.8601179122924805, -0.5933651924133301, -0.16051839292049408, -1.5956741571426392, 0.31895968317985535, -0.4461117386817932, -1.2905864715576172, -0.2532418966293335, 0.7323347330093384, -0.15480312705039978, -1.0263301134109497, 1.3699021339416504, 0.7988592982292175, -0.670612633228302, 0.21666985750198364, 2.053467273712158, -0.09506170451641083, 0.07163716852664948, 0.8405528664588928, -0.11298657208681107, -1.131894588470459, 0.12739533185958862, -0.22702617943286896, 0.9765594601631165, 0.5222071409225464, 0.6055120229721069, -0.4394668638706207, -0.5420802235603333, 0.14165769517421722, -0.22584772109985352, -0.05263269692659378, -0.11103838682174683, 0.7995938062667847, -1.297776460647583, -1.108254075050354, -0.39474204182624817, 0.15920375287532806, 0.4903278946876526, -1.136131763458252, -0.3589708209037781, 0.7628794312477112, 0.919091522693634, -0.9692144393920898, -0.3973158299922943, -0.28583064675331116, -1.226505160331726, 0.3095932602882385, -0.8732354640960693, -0.38760074973106384, 0.6529836654663086, 0.08053314685821533, -0.050804272294044495, 0.18926849961280823, -0.17618577182292938, -0.7882802486419678, -0.14423224329948425, -0.03799334913492203, -0.2463655024766922, -0.6936359405517578, -0.9626152515411377, 0.8392188549041748, -0.22435157001018524, 0.21783925592899323, 0.5040391683578491, 1.0151904821395874, -1.5941225290298462, -0.5295293927192688, 0.2523450255393982, 0.27267950773239136, -0.07505550980567932, 0.5603238940238953, -0.8937216997146606, -1.1100656986236572, -0.5939048528671265, 0.12285800278186798, 0.6991517543792725, -0.541257917881012, 0.7083917856216431, 0.6464509963989258, -0.12592360377311707, -0.21982181072235107, -0.080019511282444, -1.0166813135147095, -0.04206971079111099, -0.7994003295898438, -0.407101571559906, -0.013194464147090912, 1.2510915994644165, -0.5994023084640503, -0.26307299733161926, 0.0565546378493309, -0.9793930649757385, -0.8991295695304871, 0.125585675239563, 1.2572715282440186, -0.4656343162059784, -0.8422362208366394, 0.49460819363594055, -1.5096654891967773, 0.2540927529335022, -0.745599627494812, -0.6417450904846191, -0.381919801235199, -1.2317991256713867, 3.294970750808716, 0.0868268758058548, 0.6731924414634705, -0.963963508605957, -0.10731334984302521, 0.026259630918502808, -0.0560762844979763, 0.1228654682636261, 0.2477181851863861, 0.6806408762931824, 0.13603603839874268, 0.5769197344779968, -1.142320156097412, -0.34982067346572876, 0.28536537289619446, 0.9166907668113708, 0.16929802298545837, -0.1742883026599884, 0.9390018582344055, 0.027561776340007782, -0.5293616652488708, 0.9349837899208069, -0.4784119427204132, -0.6680943965911865, 0.39119672775268555, -0.18719464540481567, 0.13646206259727478, -0.8117576837539673, -0.7159277200698853, 0.6154365539550781, -0.18155290186405182, 1.1595906019210815, 0.6647377014160156, -0.442538321018219, -1.5439201593399048, 0.49500393867492676, 0.907917857170105, -1.0975210666656494, -1.3588600158691406, -0.15005476772785187, 0.0124887153506279, -1.2849016189575195, 1.0856002569198608, -0.027173157781362534, 0.7862401604652405, 0.7917162775993347, -1.0749725103378296, -0.38344866037368774, 1.042991280555725, -0.4802018404006958, 0.02633342146873474, -0.16495844721794128, -0.2478446066379547, -0.4402845501899719, 0.30790257453918457, -0.4168880581855774, -1.1161482334136963, -1.1927292346954346, 1.1030303239822388, 0.0035939072258770466, 0.2699708938598633, 0.4332365393638611, 0.16637948155403137, 0.11199590563774109, -1.2984877824783325, -0.5607096552848816, -0.6559188365936279, -0.0455857515335083, -0.00583706796169281, -0.1699017584323883, -0.10613229870796204, 1.2588253021240234, -0.40765148401260376, 1.3849787712097168, -0.2276880145072937, -0.9563573598861694, 0.4783645570278168, 0.48806411027908325, 0.3051488399505615, 0.303452730178833, -0.36258354783058167, -0.9469161033630371, 0.7609586715698242, -1.5238949060440063, -0.8672325015068054, -0.5076161623001099, 1.1033998727798462, -0.704054057598114, 0.810405969619751, -0.9329818487167358, 0.2795255780220032, 1.2726726531982422, -0.9793350100517273, -0.07764241099357605, -0.49940431118011475, 0.18003666400909424, -0.010987825691699982, 1.4053703546524048, 0.48395609855651855, 0.23792779445648193, -0.010681070387363434, 0.5388166904449463, -0.27923890948295593, -0.0341142974793911, -0.2875726819038391, 0.7483089566230774, 0.4971572458744049, -0.2060435712337494, 1.1322102546691895, -1.1394078731536865, -1.036884069442749, 1.00810968875885, -1.0454816818237305, 0.7596364617347717, -0.5282450914382935, 1.337734580039978, -0.21911416947841644, -0.8607025146484375, -0.9824535250663757, -1.6689757108688354, 0.267580509185791, -0.28639596700668335, -0.4646092653274536, 0.2749464213848114, 0.6232399344444275, -1.6995811462402344, -1.3715897798538208, 0.5857374668121338, 1.2324588298797607, 0.07640477269887924, -0.44050976634025574, -0.22073635458946228, 0.6865321397781372, -0.38450995087623596, -1.1934802532196045, 0.2741607427597046, 1.1070170402526855, 0.11465661227703094, 1.002221941947937, 0.7655385136604309, -0.7305654287338257, 0.40745818614959717, -0.7516540288925171, 0.2286260724067688, -0.5789269208908081, -0.9898578524589539, -0.345400869846344, 0.88823401927948, -1.517029047012329, 0.7687550783157349, 0.49781548976898193, -0.49980294704437256, 1.0214074850082397, 0.5079002976417542, -0.11734188348054886, -1.202727198600769, -0.9113043546676636, -0.09452394396066666, 0.5927119255065918, -0.10716137290000916, 0.23848968744277954, 0.4446236491203308, 0.09786081314086914, -0.8227222561836243, -1.2859668731689453, 0.7259989380836487, -1.0493605136871338, -0.5589516758918762, -1.0691395998001099, 0.33074602484703064, -0.37378156185150146, 0.7744593620300293, -1.769057035446167, 0.14508546888828278, -0.26371899247169495, 0.5549398064613342, 0.763984739780426, -0.08948075771331787, -0.4394702911376953, -0.42819491028785706, -1.0410091876983643, -0.34603941440582275, -0.12169372290372849, 0.5827489495277405, -0.9659938216209412, -0.6474045515060425, 0.1796959936618805, 0.3422080874443054, 1.2943168878555298, 0.2653965353965759, 0.6762021780014038, 0.3713066279888153, 1.7695953845977783, -0.6941088438034058, -1.3646000623703003, 0.28537970781326294, -0.4333636164665222, -0.601166844367981, -0.8320112228393555, 0.2645110487937927, 0.3089982271194458, -0.1708691269159317, 0.16709406673908234, -0.1119324266910553, 0.412649929523468, -0.5891366600990295, -0.527726948261261, -0.8399038314819336, 0.021824151277542114, -1.0128545761108398, 0.10162819176912308, -0.1792198121547699, -0.0406489372253418, -0.10652268677949905, -0.13686713576316833, -0.035248856991529465, 0.6297893524169922, 0.5176277160644531, 0.41758379340171814, 0.3068143129348755, -0.8220821022987366, 0.28819599747657776, 0.3145776093006134, 0.6257361173629761, 0.6106253862380981, -0.44254523515701294, 1.2993206977844238, -0.19779449701309204, 0.8479830026626587, -0.523453414440155, -0.14878082275390625, -0.4508545398712158, -1.3084540367126465, -1.2273176908493042, -0.6073119640350342, -0.7350292801856995, -0.3893060088157654, -0.7805656790733337, -0.9540370106697083, -1.4959162473678589, -0.6618577241897583, -0.34628844261169434, -0.922527015209198, 0.5711342096328735, -0.643179178237915, 1.098573923110962, 0.11939592659473419, 0.8862662315368652, -0.5267012715339661, 0.24456146359443665, -0.9733924865722656, -0.29799264669418335, 1.3746870756149292, -1.8802465200424194, 0.5306936502456665, 0.9333327412605286, 0.5889362692832947, 1.5111708641052246, 0.25979527831077576, 0.1223745346069336, 1.3257077932357788, 1.0394115447998047, 0.3720977008342743, -0.914226233959198, 0.4348694682121277, -0.4076123833656311, -0.9740960001945496, -0.1840430200099945, 0.2317207008600235, -0.38523703813552856, 0.7809982299804688, 0.09239599108695984, 0.16237252950668335, -0.3893863260746002, -0.06972789764404297, 0.699003279209137, -1.411491870880127, 0.3441932797431946, -2.71305251121521, 0.37535643577575684, 1.4804514646530151, -0.5675688982009888, 0.4189794063568115, 1.1830593347549438, -0.17066282033920288, -0.5034922957420349, 0.36007484793663025, 1.2068567276000977, 0.11614453792572021, 0.2571590840816498, -0.8103280663490295, 0.9328047633171082, -0.3443797826766968, -0.26011407375335693, -0.4412929117679596, -0.027722325176000595, 0.844667911529541, 0.29716604948043823, -0.11324288696050644, -1.7434473037719727, -0.015801727771759033, -0.2679491639137268, 0.5795072317123413, -1.2645918130874634, 0.8951346278190613, 0.578873872756958, -0.5066877007484436, -0.13932719826698303, 0.9311184883117676, -0.22211045026779175, 0.4789292812347412, -0.1644943803548813, -0.6535519361495972, -0.6092937588691711, -0.383668452501297, -0.5182867646217346, -0.21869781613349915, -0.32575905323028564, -1.455394983291626, -0.04856978356838226, -1.6062366962432861, -1.1621150970458984, -0.24234840273857117, -2.320901870727539, -0.39814355969429016, -0.869708776473999, 0.19203665852546692, 1.6693276166915894, 0.16731780767440796, 0.5550077557563782, -0.13777436316013336, -1.0358054637908936, -0.4378175139427185, 0.5904510021209717, -0.8774806261062622, -0.09845748543739319, -0.2922976016998291, -0.7170237898826599, -0.4231961667537689, -0.026073263958096504, -0.5839866399765015, -0.5662113428115845, -0.4221024215221405, -0.6136727333068848, -0.6979918479919434, 1.13925039768219, 0.6686049699783325, 0.24252274632453918, -0.9270389080047607, -0.6958181858062744, 0.6052852272987366, 0.22421449422836304, 0.1307252198457718, -0.25084251165390015, 0.8124584555625916, -1.0889675617218018, -1.0649101734161377, 0.7410666346549988, 0.37580063939094543, -0.4938313364982605, 0.3803970217704773, 0.41697558760643005, 0.7646488547325134, -0.5475263595581055, -2.0506105422973633, -0.21797654032707214, -1.218031883239746, 0.7476269602775574, 0.9467315673828125, 0.9841269254684448, -0.13628888130187988, -0.02055787481367588, 1.294731855392456, 0.5329483151435852, -0.2784228026866913, 0.2204502522945404, -0.43483981490135193, -0.9077675342559814, 0.5182949900627136, -0.01839187741279602, 1.0219249725341797, -0.27731189131736755, 0.46556705236434937, 0.5831520557403564, -0.4333959221839905, -0.6638148427009583, 0.5720267295837402, 0.9693276286125183, -0.5891297459602356, -0.9742810130119324, 0.6336246132850647, -0.25591906905174255, -0.4100719690322876, -0.2488866150379181, -0.04184405505657196, -0.8536495566368103, 1.2585539817810059, -0.13750535249710083, -0.2517703175544739, -0.6298061013221741, -0.6614106893539429, -1.0243146419525146, 0.4640854299068451, -2.0011231899261475, -0.6933066248893738, -0.5814312696456909, -0.12056441605091095, 0.7341792583465576, 0.20073646306991577, -0.7789852619171143, 0.05465656518936157, -0.19628694653511047, -0.4107668399810791, 0.781173586845398, 0.3549250066280365, -0.49468642473220825, -0.19409427046775818, -1.0520864725112915, -1.8028441667556763, -0.07817324995994568, 0.43995869159698486, -0.49915727972984314, 0.5924113988876343, -0.023057550191879272, 0.9869499802589417, 1.1824283599853516, -0.005429714918136597, 0.2693328261375427, -0.28586024045944214, 0.5810695290565491, 0.15812478959560394, 0.42291998863220215, -1.0447561740875244, -1.1716933250427246, -1.2544211149215698, -0.6459946036338806, 0.3775784373283386, -0.7049678564071655, 0.355340838432312, -0.49839961528778076, 0.12502208352088928, -0.8532620072364807, 0.5314086079597473, 0.8301577568054199, -1.2011793851852417, 1.1114428043365479, 1.4299490451812744, -0.0440065935254097, -0.20373143255710602, 0.7444465756416321, 0.6893517374992371, 0.10805098712444305, -0.023260220885276794, 1.2631282806396484, -1.5208914279937744]","[0.6816092133522034, 1.8664414882659912, 2.5698721408843994, -2.2039284706115723, 3.5852956771850586, 2.662830114364624, -1.2310774326324463, -0.7459215521812439, -1.0123554468154907, 0.5760414600372314, 0.48268923163414, -0.8485357761383057, -0.48134884238243103, -2.076824188232422, -0.6894596219062805, -0.882098913192749, 0.7929033041000366, -2.807894229888916, 0.0165757704526186, 1.0200021266937256, -0.18099743127822876, 1.6080584526062012, 1.123949408531189, -2.737316608428955, -2.970301389694214, -1.2228449583053589, -1.3883644342422485, 3.2027854919433594, 0.04370589181780815, 1.3483188152313232, -2.7925972938537598, -0.04545498266816139, -0.8290481567382812, 0.46847936511039734, 1.439318299293518, 0.3771404027938843, -1.7423104047775269, -0.648072361946106, -0.8374413847923279, 0.7015763521194458, -0.4490005671977997, -1.0151219367980957, -0.67433100938797, -0.33742645382881165, 1.6992149353027344, 0.11935458332300186, -1.7006562948226929, -0.06037115305662155, -2.2196850776672363, 1.1880848407745361, 2.7733712196350098, -0.6324499845504761, -1.2348496913909912, -1.740492820739746, 0.8051178455352783, 0.1552768349647522, -1.9145747423171997, -0.10364866256713867, 0.9329293966293335, -1.5867767333984375, -1.3967880010604858, -2.416172504425049, 0.18706290423870087, -0.9955785870552063, 1.4023641347885132, 0.6722774505615234, -1.9234914779663086, 0.8293809294700623, -1.2674410343170166, -2.8264949321746826, 0.7302536368370056, -0.6046616435050964, -0.016444865614175797, 0.43241602182388306, -0.942309558391571, 0.10216343402862549, 0.5103464126586914, -1.738684892654419, -0.8558552265167236, -1.8237955570220947, 1.1649541854858398, 0.4624030292034149, 2.069687604904175, -3.4148712158203125, 1.5996930599212646, 3.926377534866333, 1.7970874309539795, 1.1088147163391113, -2.4677810668945312, 1.0834238529205322, -1.3614559173583984, 0.3233533501625061, 3.1643261909484863, 2.5832204818725586, -0.8086713552474976, -2.5564937591552734, -0.8240055441856384, 0.7116883993148804, 0.22970153391361237, -0.6285121440887451, -0.8772379755973816, -2.119992256164551, -4.086877822875977, -2.6492793560028076, 0.2599201798439026, 3.3278210163116455, -1.7452069520950317, 1.8725872039794922, -1.5499340295791626, 0.0447540208697319, 3.7351837158203125, -1.2009356021881104, 2.361121892929077, -3.8752574920654297, 2.70208740234375, 0.2869400382041931, -2.93887996673584, 0.3059999644756317, 0.8652278184890747, 3.072441339492798, 2.497558355331421, 3.109351873397827, 1.2166472673416138, -0.5295551419258118, -1.8028875589370728, -0.6353716850280762, 2.5655856132507324, -1.042039155960083]","[-0.7001714706420898, 1.7967028617858887, 1.4422563314437866, -0.4540977478027344, 0.7280086278915405, 0.6593716740608215, -0.2420312762260437, 0.9435364603996277, -0.6545301675796509, -0.639583170413971, 0.6579880714416504, -0.25967514514923096, -0.6077961921691895, -0.20663298666477203, -0.17520783841609955, 0.5751088857650757, 1.6057440042495728, 0.9385285377502441, 0.2200940102338791, 0.45225659012794495, 0.1337575912475586, -0.6585732698440552, -0.45910680294036865, 1.0020850896835327, 0.3812241554260254, -0.34236517548561096, -1.1969218254089355, 0.3864253759384155, 1.0958870649337769, 0.7493283748626709, -0.04366616904735565, 1.2240846157073975, -0.5351182222366333, 0.6225371956825256, -0.8557642698287964, -0.3999651372432709, -0.39792707562446594, 0.7271994948387146, -0.9285109043121338, -0.5599841475486755, -0.7934553623199463, -0.0681958943605423, -0.2169262170791626, -0.26153793931007385, -0.6718473434448242, -0.8762921690940857, 0.8103658556938171, 1.3208863735198975, -0.11253964900970459, 0.9712663292884827, -0.09511945396661758, 0.16899529099464417, 0.21313168108463287, 0.4417220950126648, 0.3927749991416931, 0.6256152391433716, -0.23952974379062653, -0.8293881416320801, -0.8155480623245239, -1.1641000509262085, 0.024615556001663208, 0.05688488483428955, -0.8551890850067139, -0.8823690414428711, 0.46505844593048096, -0.05635040998458862, 0.6976991295814514, -1.6381295919418335, 0.18995364010334015, -0.10701945424079895, -0.17146563529968262, 0.5355715751647949, 0.7170601487159729, 0.1325913667678833, 0.33718955516815186, -1.110470175743103, -0.5687172412872314, -0.2346038818359375, 0.32620036602020264, 0.6827271580696106, 0.10642950236797333, -0.9856029152870178, -1.0735429525375366, -0.24326303601264954, 0.534231960773468, 0.1279267519712448, 0.3488364517688751, 0.26298514008522034, 1.2842843532562256, -0.624825119972229, 0.6447442770004272, 0.7714933156967163, 0.1807638704776764, 1.5226534605026245, 0.07573620975017548, 0.5012651681900024, 0.6497029066085815, -0.4179171323776245, -1.046095371246338, -0.10544373095035553, 1.3081620931625366, -0.6119061708450317, 0.6342929005622864, 1.1542638540267944, 0.7262874841690063, 1.2402443885803223, -0.3596941828727722, 1.2580792903900146, -0.7400215268135071, -6.227880954742432, 0.2712376117706299, -0.560305118560791, -0.13803613185882568, 0.2449895441532135, -0.19639115035533905, 0.7650670409202576, 0.8824483156204224, -0.6093695163726807, -0.8206831216812134, 0.21198798716068268, 0.10356117784976959, -1.3680039644241333, -1.1130449771881104, 0.2430969774723053, -1.1919270753860474, 0.8461711406707764, 1.0080302953720093, -0.24416452646255493, 0.22869305312633514, -0.6163777709007263, 1.1099423170089722, -0.3856092393398285, 0.0932614654302597, -0.8015050292015076, 1.3197638988494873, -0.5737093091011047, -0.36779385805130005, -1.3792753219604492, 0.7720332145690918, 1.1062031984329224, 1.0136436223983765, 0.6107033491134644, 0.4408718943595886, -1.0977855920791626, 0.09717414528131485, 0.49481478333473206, 0.44777995347976685, 0.14878109097480774, 0.5977911949157715, 0.037717513740062714, 0.44901514053344727, -0.7583082318305969, -0.2645053565502167, 0.0029107332229614258, 9.902127265930176, 0.6344956755638123, -0.20811784267425537, 0.10578003525733948, -0.39036059379577637, 0.3762534260749817, 1.6055766344070435, 1.2333489656448364, -0.920184850692749, 1.5734928846359253, 0.1466321349143982, -1.4828612804412842, -0.39759260416030884, -0.7948705554008484, -0.8185740113258362, 0.34226447343826294, 0.3595014810562134, -0.00026391446590423584, 0.7949342727661133, 0.5447317361831665, -1.3414098024368286, 0.4489041566848755, -0.6825693845748901, 0.032550305128097534, -0.7876477241516113, -0.7803544402122498, -0.07988730072975159, 0.6151033043861389, -0.7381728887557983, 0.48826149106025696, -1.1379034519195557, -0.3206738829612732, 0.8466871976852417, -0.08449166268110275, 0.610993504524231, -0.04421009123325348, 1.0144071578979492, 0.9788093566894531, 0.6435280442237854, 0.4545658528804779, -0.7973880767822266, -0.573671817779541, -1.2636902332305908, -0.035961493849754333, -0.3310798406600952, -0.8383712768554688, 0.4284723401069641, -1.073529601097107, -0.4254157543182373, 0.14861324429512024, 0.27801162004470825, -0.3306099772453308, -0.8597483038902283, 0.18695664405822754, 0.13633626699447632, -1.8601179122924805, -0.5933651924133301, -0.16051839292049408, -1.5956741571426392, 0.31895968317985535, -0.4461117386817932, -1.2905864715576172, -0.2532418966293335, 0.7323347330093384, -0.15480312705039978, -1.0263301134109497, 1.3699021339416504, 0.7988592982292175, -0.670612633228302, 0.21666985750198364, 2.053467273712158, -0.09506170451641083, 0.07163716852664948, 0.8405528664588928, -0.11298657208681107, -1.131894588470459, 0.12739533185958862, -0.22702617943286896, 0.9765594601631165, 0.5222071409225464, 0.6055120229721069, -0.4394668638706207, -0.5420802235603333, 0.14165769517421722, -0.22584772109985352, -0.05263269692659378, -0.11103838682174683, 0.7995938062667847, -1.297776460647583, -1.108254075050354, -0.39474204182624817, 0.15920375287532806, 0.4903278946876526, -1.136131763458252, -0.3589708209037781, 0.7628794312477112, 0.919091522693634, -0.9692144393920898, -0.3973158299922943, -0.28583064675331116, -1.226505160331726, 0.3095932602882385, -0.8732354640960693, -0.38760074973106384, 0.6529836654663086, 0.08053314685821533, -0.050804272294044495, 0.18926849961280823, -0.17618577182292938, -0.7882802486419678, -0.14423224329948425, -0.03799334913492203, -0.2463655024766922, -0.6936359405517578, -0.9626152515411377, 0.8392188549041748, -0.22435157001018524, 0.21783925592899323, 0.5040391683578491, 1.0151904821395874, -1.5941225290298462, -0.5295293927192688, 0.2523450255393982, 0.27267950773239136, -0.07505550980567932, 0.5603238940238953, -0.8937216997146606, -1.1100656986236572, -0.5939048528671265, 0.12285800278186798, 0.6991517543792725, -0.541257917881012, 0.7083917856216431, 0.6464509963989258, -0.12592360377311707, -0.21982181072235107, -0.080019511282444, -1.0166813135147095, -0.04206971079111099, -0.7994003295898438, -0.407101571559906, -0.013194464147090912, 1.2510915994644165, -0.5994023084640503, -0.26307299733161926, 0.0565546378493309, -0.9793930649757385, -0.8991295695304871, 0.125585675239563, 1.2572715282440186, -0.4656343162059784, -0.8422362208366394, 0.49460819363594055, -1.5096654891967773, 0.2540927529335022, -0.745599627494812, -0.6417450904846191, -0.381919801235199, -1.2317991256713867, 3.294970750808716, 0.0868268758058548, 0.6731924414634705, -0.963963508605957, -0.10731334984302521, 0.026259630918502808, -0.0560762844979763, 0.1228654682636261, 0.2477181851863861, 0.6806408762931824, 0.13603603839874268, 0.5769197344779968, -1.142320156097412, -0.34982067346572876, 0.28536537289619446, 0.9166907668113708, 0.16929802298545837, -0.1742883026599884, 0.9390018582344055, 0.027561776340007782, -0.5293616652488708, 0.9349837899208069, -0.4784119427204132, -0.6680943965911865, 0.39119672775268555, -0.18719464540481567, 0.13646206259727478, -0.8117576837539673, -0.7159277200698853, 0.6154365539550781, -0.18155290186405182, 1.1595906019210815, 0.6647377014160156, -0.442538321018219, -1.5439201593399048, 0.49500393867492676, 0.907917857170105, -1.0975210666656494, -1.3588600158691406, -0.15005476772785187, 0.0124887153506279, -1.2849016189575195, 1.0856002569198608, -0.027173157781362534, 0.7862401604652405, 0.7917162775993347, -1.0749725103378296, -0.38344866037368774, 1.042991280555725, -0.4802018404006958, 0.02633342146873474, -0.16495844721794128, -0.2478446066379547, -0.4402845501899719, 0.30790257453918457, -0.4168880581855774, -1.1161482334136963, -1.1927292346954346, 1.1030303239822388, 0.0035939072258770466, 0.2699708938598633, 0.4332365393638611, 0.16637948155403137, 0.11199590563774109, -1.2984877824783325, -0.5607096552848816, -0.6559188365936279, -0.0455857515335083, -0.00583706796169281, -0.1699017584323883, -0.10613229870796204, 1.2588253021240234, -0.40765148401260376, 1.3849787712097168, -0.2276880145072937, -0.9563573598861694, 0.4783645570278168, 0.48806411027908325, 0.3051488399505615, 0.303452730178833, -0.36258354783058167, -0.9469161033630371, 0.7609586715698242, -1.5238949060440063, -0.8672325015068054, -0.5076161623001099, 1.1033998727798462, -0.704054057598114, 0.810405969619751, -0.9329818487167358, 0.2795255780220032, 1.2726726531982422, -0.9793350100517273, -0.07764241099357605, -0.49940431118011475, 0.18003666400909424, -0.010987825691699982, 1.4053703546524048, 0.48395609855651855, 0.23792779445648193, -0.010681070387363434, 0.5388166904449463, -0.27923890948295593, -0.0341142974793911, -0.2875726819038391, 0.7483089566230774, 0.4971572458744049, -0.2060435712337494, 1.1322102546691895, -1.1394078731536865, -1.036884069442749, 1.00810968875885, -1.0454816818237305, 0.7596364617347717, -0.5282450914382935, 1.337734580039978, -0.21911416947841644, -0.8607025146484375, -0.9824535250663757, -1.6689757108688354, 0.267580509185791, -0.28639596700668335, -0.4646092653274536, 0.2749464213848114, 0.6232399344444275, -1.6995811462402344, -1.3715897798538208, 0.5857374668121338, 1.2324588298797607, 0.07640477269887924, -0.44050976634025574, -0.22073635458946228, 0.6865321397781372, -0.38450995087623596, -1.1934802532196045, 0.2741607427597046, 1.1070170402526855, 0.11465661227703094, 1.002221941947937, 0.7655385136604309, -0.7305654287338257, 0.40745818614959717, -0.7516540288925171, 0.2286260724067688, -0.5789269208908081, -0.9898578524589539, -0.345400869846344, 0.88823401927948, -1.517029047012329, 0.7687550783157349, 0.49781548976898193, -0.49980294704437256, 1.0214074850082397, 0.5079002976417542, -0.11734188348054886, -1.202727198600769, -0.9113043546676636, -0.09452394396066666, 0.5927119255065918, -0.10716137290000916, 0.23848968744277954, 0.4446236491203308, 0.09786081314086914, -0.8227222561836243, -1.2859668731689453, 0.7259989380836487, -1.0493605136871338, -0.5589516758918762, -1.0691395998001099, 0.33074602484703064, -0.37378156185150146, 0.7744593620300293, -1.769057035446167, 0.14508546888828278, -0.26371899247169495, 0.5549398064613342, 0.763984739780426, -0.08948075771331787, -0.4394702911376953, -0.42819491028785706, -1.0410091876983643, -0.34603941440582275, -0.12169372290372849, 0.5827489495277405, -0.9659938216209412, -0.6474045515060425, 0.1796959936618805, 0.3422080874443054, 1.2943168878555298, 0.2653965353965759, 0.6762021780014038, 0.3713066279888153, 1.7695953845977783, -0.6941088438034058, -1.3646000623703003, 0.28537970781326294, -0.4333636164665222, -0.601166844367981, -0.8320112228393555, 0.2645110487937927, 0.3089982271194458, -0.1708691269159317, 0.16709406673908234, -0.1119324266910553, 0.412649929523468, -0.5891366600990295, -0.527726948261261, -0.8399038314819336, 0.021824151277542114, -1.0128545761108398, 0.10162819176912308, -0.1792198121547699, -0.0406489372253418, -0.10652268677949905, -0.13686713576316833, -0.035248856991529465, 0.6297893524169922, 0.5176277160644531, 0.41758379340171814, 0.3068143129348755, -0.8220821022987366, 0.28819599747657776, 0.3145776093006134, 0.6257361173629761, 0.6106253862380981, -0.44254523515701294, 1.2993206977844238, -0.19779449701309204, 0.8479830026626587, -0.523453414440155, -0.14878082275390625, -0.4508545398712158, -1.3084540367126465, -1.2273176908493042, -0.6073119640350342, -0.7350292801856995, -0.3893060088157654, -0.7805656790733337, -0.9540370106697083, -1.4959162473678589, -0.6618577241897583, -0.34628844261169434, -0.922527015209198, 0.5711342096328735, -0.643179178237915, 1.098573923110962, 0.11939592659473419, 0.8862662315368652, -0.5267012715339661, 0.24456146359443665, -0.9733924865722656, -0.29799264669418335, 1.3746870756149292, -1.8802465200424194, 0.5306936502456665, 0.9333327412605286, 0.5889362692832947, 1.5111708641052246, 0.25979527831077576, 0.1223745346069336, 1.3257077932357788, 1.0394115447998047, 0.3720977008342743, -0.914226233959198, 0.4348694682121277, -0.4076123833656311, -0.9740960001945496, -0.1840430200099945, 0.2317207008600235, -0.38523703813552856, 0.7809982299804688, 0.09239599108695984, 0.16237252950668335, -0.3893863260746002, -0.06972789764404297, 0.699003279209137, -1.411491870880127, 0.3441932797431946, -2.71305251121521, 0.37535643577575684, 1.4804514646530151, -0.5675688982009888, 0.4189794063568115, 1.1830593347549438, -0.17066282033920288, -0.5034922957420349, 0.36007484793663025, 1.2068567276000977, 0.11614453792572021, 0.2571590840816498, -0.8103280663490295, 0.9328047633171082, -0.3443797826766968, -0.26011407375335693, -0.4412929117679596, -0.027722325176000595, 0.844667911529541, 0.29716604948043823, -0.11324288696050644, -1.7434473037719727, -0.015801727771759033, -0.2679491639137268, 0.5795072317123413, -1.2645918130874634, 0.8951346278190613, 0.578873872756958, -0.5066877007484436, -0.13932719826698303, 0.9311184883117676, -0.22211045026779175, 0.4789292812347412, -0.1644943803548813, -0.6535519361495972, -0.6092937588691711, -0.383668452501297, -0.5182867646217346, -0.21869781613349915, -0.32575905323028564, -1.455394983291626, -0.04856978356838226, -1.6062366962432861, -1.1621150970458984, -0.24234840273857117, -2.320901870727539, -0.39814355969429016, -0.869708776473999, 0.19203665852546692, 1.6693276166915894, 0.16731780767440796, 0.5550077557563782, -0.13777436316013336, -1.0358054637908936, -0.4378175139427185, 0.5904510021209717, -0.8774806261062622, -0.09845748543739319, -0.2922976016998291, -0.7170237898826599, -0.4231961667537689, -0.026073263958096504, -0.5839866399765015, -0.5662113428115845, -0.4221024215221405, -0.6136727333068848, -0.6979918479919434, 1.13925039768219, 0.6686049699783325, 0.24252274632453918, -0.9270389080047607, -0.6958181858062744, 0.6052852272987366, 0.22421449422836304, 0.1307252198457718, -0.25084251165390015, 0.8124584555625916, -1.0889675617218018, -1.0649101734161377, 0.7410666346549988, 0.37580063939094543, -0.4938313364982605, 0.3803970217704773, 0.41697558760643005, 0.7646488547325134, -0.5475263595581055, -2.0506105422973633, -0.21797654032707214, -1.218031883239746, 0.7476269602775574, 0.9467315673828125, 0.9841269254684448, -0.13628888130187988, -0.02055787481367588, 1.294731855392456, 0.5329483151435852, -0.2784228026866913, 0.2204502522945404, -0.43483981490135193, -0.9077675342559814, 0.5182949900627136, -0.01839187741279602, 1.0219249725341797, -0.27731189131736755, 0.46556705236434937, 0.5831520557403564, -0.4333959221839905, -0.6638148427009583, 0.5720267295837402, 0.9693276286125183, -0.5891297459602356, -0.9742810130119324, 0.6336246132850647, -0.25591906905174255, -0.4100719690322876, -0.2488866150379181, -0.04184405505657196, -0.8536495566368103, 1.2585539817810059, -0.13750535249710083, -0.2517703175544739, -0.6298061013221741, -0.6614106893539429, -1.0243146419525146, 0.4640854299068451, -2.0011231899261475, -0.6933066248893738, -0.5814312696456909, -0.12056441605091095, 0.7341792583465576, 0.20073646306991577, -0.7789852619171143, 0.05465656518936157, -0.19628694653511047, -0.4107668399810791, 0.781173586845398, 0.3549250066280365, -0.49468642473220825, -0.19409427046775818, -1.0520864725112915, -1.8028441667556763, -0.07817324995994568, 0.43995869159698486, -0.49915727972984314, 0.5924113988876343, -0.023057550191879272, 0.9869499802589417, 1.1824283599853516, -0.005429714918136597, 0.2693328261375427, -0.28586024045944214, 0.5810695290565491, 0.15812478959560394, 0.42291998863220215, -1.0447561740875244, -1.1716933250427246, -1.2544211149215698, -0.6459946036338806, 0.3775784373283386, -0.7049678564071655, 0.355340838432312, -0.49839961528778076, 0.12502208352088928, -0.8532620072364807, 0.5314086079597473, 0.8301577568054199, -1.2011793851852417, 1.1114428043365479, 1.4299490451812744, -0.0440065935254097, -0.20373143255710602, 0.7444465756416321, 0.6893517374992371, 0.10805098712444305, -0.023260220885276794, 1.2631282806396484, -1.5208914279937744, 0.6816092133522034, 1.8664414882659912, 2.5698721408843994, -2.2039284706115723, 3.5852956771850586, 2.662830114364624, -1.2310774326324463, -0.7459215521812439, -1.0123554468154907, 0.5760414600372314, 0.48268923163414, -0.8485357761383057, -0.48134884238243103, -2.076824188232422, -0.6894596219062805, -0.882098913192749, 0.7929033041000366, -2.807894229888916, 0.0165757704526186, 1.0200021266937256, -0.18099743127822876, 1.6080584526062012, 1.123949408531189, -2.737316608428955, -2.970301389694214, -1.2228449583053589, -1.3883644342422485, 3.2027854919433594, 0.04370589181780815, 1.3483188152313232, -2.7925972938537598, -0.04545498266816139, -0.8290481567382812, 0.46847936511039734, 1.439318299293518, 0.3771404027938843, -1.7423104047775269, -0.648072361946106, -0.8374413847923279, 0.7015763521194458, -0.4490005671977997, -1.0151219367980957, -0.67433100938797, -0.33742645382881165, 1.6992149353027344, 0.11935458332300186, -1.7006562948226929, -0.06037115305662155, -2.2196850776672363, 1.1880848407745361, 2.7733712196350098, -0.6324499845504761, -1.2348496913909912, -1.740492820739746, 0.8051178455352783, 0.1552768349647522, -1.9145747423171997, -0.10364866256713867, 0.9329293966293335, -1.5867767333984375, -1.3967880010604858, -2.416172504425049, 0.18706290423870087, -0.9955785870552063, 1.4023641347885132, 0.6722774505615234, -1.9234914779663086, 0.8293809294700623, -1.2674410343170166, -2.8264949321746826, 0.7302536368370056, -0.6046616435050964, -0.016444865614175797, 0.43241602182388306, -0.942309558391571, 0.10216343402862549, 0.5103464126586914, -1.738684892654419, -0.8558552265167236, -1.8237955570220947, 1.1649541854858398, 0.4624030292034149, 2.069687604904175, -3.4148712158203125, 1.5996930599212646, 3.926377534866333, 1.7970874309539795, 1.1088147163391113, -2.4677810668945312, 1.0834238529205322, -1.3614559173583984, 0.3233533501625061, 3.1643261909484863, 2.5832204818725586, -0.8086713552474976, -2.5564937591552734, -0.8240055441856384, 0.7116883993148804, 0.22970153391361237, -0.6285121440887451, -0.8772379755973816, -2.119992256164551, -4.086877822875977, -2.6492793560028076, 0.2599201798439026, 3.3278210163116455, -1.7452069520950317, 1.8725872039794922, -1.5499340295791626, 0.0447540208697319, 3.7351837158203125, -1.2009356021881104, 2.361121892929077, -3.8752574920654297, 2.70208740234375, 0.2869400382041931, -2.93887996673584, 0.3059999644756317, 0.8652278184890747, 3.072441339492798, 2.497558355331421, 3.109351873397827, 1.2166472673416138, -0.5295551419258118, -1.8028875589370728, -0.6353716850280762, 2.5655856132507324, -1.042039155960083]"
49,4,قرار,input_doc,"موريةٌ العربية السورية
وزارة الموارد المائية
البيئة العامة للموارد المائية
مديرية الموارد المائية في طرطوس

أمر إداريرقم/ >ك > /
إن مدير الموارد المائية في محافظة طرطوس
بناءً على أحكام المرسوم التشريعي رقم/؛ 4/ تاريخ ‎٠١٠7/1/77‏
‏على أحكام القانون الأساسي للعاملين في الدولة رقم ‎/2٠0/‏ لعام ‎٠٠١5‏
‏وعلى القرار رقم //49 ‎/١""‏ تاريخ يا ل
وعلى القراز رقم /4 +1/ تاريخ ‎7١11/11/74‏
‏وعلى متطلبات العمل ‎٠‏

يأمر مايلي:

مادة /1/ : يكلف المهندس فراس سهيل عم بالعمل في قسم الموارد والاستثمار - دائرة الاستثمار - مشروع استثمار
القناة الشرقية ويقوم بكافة الأعمال التي يكلف بها.

مادة // : يبلغ هذا الأمر من يلزم لتنفيذه .

طرطوس في ىب ‎٠٠٠١١١‏

صوزة إلى :
لدارية - راقاية
-- شون العاملين
3 الديوان
َِ ق الموارد والاستثمار- شعبة القناة الشرقية
مر
م","[0.23022499680519104, 2.1733102798461914, 1.1612526178359985, -0.9785724878311157, 1.7183592319488525, 0.761519193649292, -1.675711989402771, 0.36898893117904663, -0.22298115491867065, -1.1301668882369995, 0.5930181741714478, -0.5791611075401306, 0.4619109630584717, -0.6432653665542603, -1.1160374879837036, 0.36658549308776855, 1.1100152730941772, 0.9656084775924683, 0.0425589382648468, 0.6595180034637451, 0.3893459141254425, -0.7245829105377197, 0.07905592769384384, 0.2613541781902313, 0.043985966593027115, 0.0034061968326568604, -0.656436026096344, 0.2325528860092163, 0.411770224571228, 0.021648690104484558, 0.7054247260093689, 1.4475111961364746, -0.03759521245956421, 0.8780208230018616, -0.809876561164856, -0.9268012046813965, 0.17420566082000732, 1.044919490814209, -1.3569921255111694, -0.3019748330116272, -0.3905980885028839, -0.9262353777885437, -0.6819227337837219, 0.4793367385864258, -0.45066994428634644, 0.41898053884506226, 0.15248116850852966, 0.7821142077445984, -0.5863479375839233, 0.7091121673583984, 0.004512816201895475, -0.20430989563465118, 0.25473737716674805, -0.08953066170215607, 0.6500773429870605, -0.1586863398551941, -1.3505933284759521, -0.246576189994812, -1.9430179595947266, -0.39778196811676025, 0.26887187361717224, -0.35364872217178345, -0.5954904556274414, 0.8466859459877014, 0.7973900437355042, -0.7918129563331604, 0.2671610713005066, -1.152355432510376, 0.09600704908370972, -0.2686387896537781, 0.6184723377227783, 2.0228726863861084, 0.7780948281288147, 0.2542114555835724, 0.6263155937194824, -0.7283986806869507, -0.4472410976886749, -0.3540227711200714, 0.5864453911781311, 0.686578094959259, 0.30189839005470276, -0.5042098760604858, -1.7917697429656982, -0.05824490636587143, 0.6341169476509094, 0.3428422212600708, 0.044682152569293976, 0.7510632276535034, 1.2371580600738525, -0.44654381275177, 0.25655868649482727, 0.2870531380176544, -0.3905187249183655, 1.312455654144287, -0.6783376932144165, 0.012718051671981812, 0.8929044008255005, -0.6291395425796509, -0.8010907769203186, -0.4521293342113495, 1.044950008392334, -0.9642500877380371, 1.051751971244812, 0.25365114212036133, 0.26231950521469116, 0.5874173641204834, -0.220834419131279, 1.812707543373108, 0.11302634328603745, -6.350045680999756, 0.5292870998382568, -0.15688298642635345, 0.002033606171607971, 0.48876482248306274, -0.612448513507843, 1.1191121339797974, 0.5735127925872803, -0.2724975049495697, 0.12801405787467957, 0.7775037884712219, 0.2991008162498474, -1.3106886148452759, -1.3483052253723145, -0.19652016460895538, -1.2761621475219727, 0.569012463092804, 0.13760700821876526, -0.9464251399040222, -0.13315948843955994, -0.10971061885356903, 0.25061845779418945, -1.0566753149032593, 0.2199995368719101, -0.4839183986186981, 1.185234785079956, -0.5569269061088562, -0.9265502691268921, -0.7004604339599609, 0.6267653107643127, 0.6376103758811951, 0.16645456850528717, 0.2562870383262634, -0.2529217004776001, -1.2546517848968506, 0.8362734317779541, 0.4411786198616028, -0.6250997185707092, 0.11638468503952026, -0.465183287858963, 0.5849279761314392, 0.8820298314094543, -0.5672647953033447, -0.18551206588745117, -0.4900438189506531, 7.950275897979736, 0.8571783900260925, -1.0907987356185913, 0.8395276665687561, 0.08839723467826843, 0.8797390460968018, 1.2168664932250977, 1.5584996938705444, -1.1045902967453003, 1.857270359992981, -0.02506047487258911, -0.7400850653648376, -0.8431279063224792, -0.5658299326896667, -0.974526047706604, -0.37909263372421265, -1.1064268350601196, -0.03792089223861694, 0.5682767629623413, 0.2891193926334381, -1.3870385885238647, 0.7657434344291687, -1.2505226135253906, -0.05543406307697296, -1.6466009616851807, -0.9055192470550537, -0.4092504382133484, -0.49893346428871155, -0.4237983226776123, 1.7101832628250122, 0.1332109570503235, -0.24194428324699402, 0.24310435354709625, 0.10571710765361786, 1.1632580757141113, 0.04151339828968048, 0.07913390547037125, 0.8600273132324219, 0.2611237168312073, 1.031967043876648, -0.3684031069278717, -0.17459574341773987, -0.9382832646369934, -0.03620028495788574, -0.15885254740715027, -0.41249367594718933, 0.16705185174942017, -0.0666554868221283, -0.43896305561065674, -0.4461733400821686, 0.7971709966659546, -0.5339627861976624, -1.1954169273376465, 0.04913996905088425, 1.416637897491455, -1.368826150894165, -1.2446577548980713, -0.6025794148445129, -1.5162715911865234, 0.4619351327419281, -1.468630313873291, -0.4405350685119629, -0.22570554912090302, 0.5965570211410522, -1.0109219551086426, -0.591965913772583, 1.8426579236984253, 0.6240071654319763, -0.6790502071380615, 0.7060922384262085, 1.429517388343811, -0.04844168201088905, 0.639657199382782, 0.5418373346328735, 0.1523078829050064, -1.3425440788269043, 0.16899293661117554, -0.3568797707557678, 0.558927059173584, 0.6564818024635315, 0.4135602116584778, -0.027381643652915955, -0.5471919775009155, 0.8717864751815796, -0.6885780096054077, -0.5633566975593567, -0.5274853110313416, 1.2994685173034668, -0.511812150478363, -2.044818162918091, -0.5404293537139893, 0.7605640292167664, 0.09707151353359222, -1.4785513877868652, -0.7190860509872437, 0.4191659092903137, 0.6688330769538879, -0.1447877287864685, -0.15482275187969208, -0.4500715732574463, -1.3324565887451172, -0.226451575756073, -0.5619082450866699, -0.9103910326957703, -0.08481982350349426, 0.2781505882740021, -0.16130121052265167, 0.02989065647125244, -0.9242933392524719, -0.728262186050415, 0.9489606618881226, 0.908920168876648, 0.4571763873100281, -0.26733464002609253, -1.2490943670272827, 1.16170072555542, 0.058242037892341614, 0.13272815942764282, -0.1723061501979828, 0.7823868989944458, -1.2405749559402466, -1.1562957763671875, 0.8630398511886597, 0.26250237226486206, 0.14232796430587769, -0.027597256004810333, -0.8170174360275269, -0.09191673994064331, -0.5912793278694153, 0.5825967788696289, 0.33857521414756775, -0.22306634485721588, 0.14617305994033813, 0.4381777048110962, -0.0444510281085968, -0.9978125095367432, -0.26209986209869385, -0.7178366780281067, -0.12914761900901794, -0.44326746463775635, -0.6692752838134766, -0.41444745659828186, 0.9428611397743225, 0.14978408813476562, 0.20366641879081726, 0.4256787598133087, -0.8209304213523865, -0.5874362587928772, 0.4350906014442444, 1.2874748706817627, 0.47347110509872437, -0.9316336512565613, 0.1328432559967041, -0.6710329055786133, 0.7250972390174866, -0.8227178454399109, -0.6082311272621155, -0.6214483976364136, -1.0260345935821533, 3.3027637004852295, -0.029428649693727493, -0.004374347627162933, -1.585981845855713, -0.19715513288974762, 0.0923822671175003, -0.3012596070766449, -0.28536003828048706, 0.25362706184387207, 0.8543190360069275, -0.32898497581481934, 1.665553092956543, -1.0077810287475586, -0.18562152981758118, -0.5168102383613586, 0.29449015855789185, -0.3778371810913086, 0.20542797446250916, 0.7282103896141052, 0.2522045075893402, -0.7228952646255493, 1.452014684677124, 0.26987865567207336, -0.32727178931236267, 0.09995664656162262, 0.12977232038974762, 0.10439429432153702, -1.1142029762268066, -0.7636065483093262, -0.06915712356567383, -0.05414220318198204, 0.6171854138374329, 0.9051191806793213, 0.1490277796983719, -1.620198369026184, 0.5628945827484131, 0.6785714626312256, -1.6816588640213013, -0.7676804065704346, -0.4627488851547241, 0.4931022524833679, -0.7347894906997681, 0.5999433994293213, 0.0017571914941072464, 0.6313862800598145, 1.2651219367980957, -1.1239824295043945, -0.7087984085083008, 1.4082622528076172, -0.4412148892879486, -0.1032780259847641, -0.24279627203941345, -0.08082820475101471, -0.7310895323753357, 0.6731138825416565, 0.30485299229621887, -1.05837082862854, -1.3122875690460205, -0.010730011388659477, 0.11594374477863312, 0.4222227931022644, 0.17021337151527405, 0.27606016397476196, -0.060980021953582764, -1.1745057106018066, -0.3580857515335083, -0.32694345712661743, -0.12071657180786133, 0.34146595001220703, 0.17782436311244965, 0.657018780708313, 1.1111748218536377, -1.3834989070892334, 1.0586954355239868, 0.47564730048179626, -1.0713955163955688, 0.5964768528938293, 0.4900358021259308, 0.2700342535972595, 0.2593648433685303, -1.4404456615447998, -1.2568156719207764, 0.40171319246292114, -0.9446408152580261, -0.030422329902648926, -1.0392621755599976, 1.1181684732437134, -0.7463482022285461, 0.7055631279945374, -1.3436720371246338, 0.22493000328540802, 0.8487549424171448, -0.7096815705299377, -0.7580369114875793, -0.9556979537010193, 0.30424660444259644, -0.4111844003200531, 1.4571477174758911, 0.3971129059791565, -0.9772897362709045, -0.10477013140916824, 1.8693749904632568, -0.5060226321220398, -0.06007242202758789, 1.2970867156982422, 0.8559736013412476, 0.33918631076812744, -0.5366653203964233, 1.0133767127990723, -0.7868956923484802, -0.36657634377479553, 1.1049168109893799, -0.5765175819396973, 0.061560921370983124, -0.13754776120185852, 1.2179627418518066, -0.7808662056922913, -0.5963233709335327, -0.5284699201583862, -1.610092043876648, 0.21432672441005707, -0.008854050189256668, -0.44503629207611084, -0.026570431888103485, 0.5546087026596069, -2.522557020187378, -1.2845395803451538, -0.023561760783195496, 1.243133544921875, -0.2095595896244049, -0.7602535486221313, -0.046356502920389175, 0.2870328426361084, -0.36909469962120056, -0.7663335800170898, 0.3525984585285187, 1.51451575756073, 0.4469597339630127, 0.2985147535800934, 0.6007673740386963, -0.7623306512832642, -0.14313971996307373, -1.560010313987732, 0.11535163968801498, -0.48406732082366943, -0.27478453516960144, -0.19060422480106354, 1.2847505807876587, -0.9779931306838989, 1.7126147747039795, 1.2933100461959839, -0.5659630298614502, 1.222996711730957, 0.6972524523735046, -0.5988211035728455, -0.8262413144111633, -1.0010701417922974, 0.07112108170986176, 0.8090065717697144, 0.04073944687843323, -0.4484226405620575, 0.6533955931663513, 0.4287828207015991, -0.29874277114868164, -1.857957363128662, 0.3588166832923889, -1.0467342138290405, -1.2731294631958008, -0.16693374514579773, 0.12479797005653381, -0.22166308760643005, -0.13484613597393036, -0.9326074123382568, 0.7656186819076538, -1.3520896434783936, 0.7387915253639221, 0.4972003996372223, 0.5715810656547546, -0.7188776135444641, -0.7437485456466675, -0.7388403415679932, -1.617138147354126, -0.4203253388404846, 1.2034974098205566, -0.78130704164505, -0.4857884645462036, 0.6330384612083435, -0.4373851418495178, 0.4313294291496277, 0.04834463447332382, 0.40258532762527466, 0.09745839238166809, 1.7137163877487183, -0.29290997982025146, -1.5564316511154175, 0.1518910825252533, -0.04263778030872345, -0.29984915256500244, -0.8821512460708618, -0.10494157671928406, 0.27000758051872253, 0.1125732958316803, 0.3074950575828552, -0.3718050718307495, -0.6887427568435669, -0.27352824807167053, -0.0018171705305576324, -1.067752718925476, -0.7374850511550903, -0.40598809719085693, -0.4214557409286499, 0.850082516670227, 0.25993287563323975, -0.2909451127052307, -0.15775659680366516, -0.48629260063171387, 0.026026291772723198, -0.2337399274110794, 0.40600356459617615, 0.006730750203132629, -0.22979575395584106, 0.6526992321014404, -0.9531210660934448, 0.6222759485244751, 0.22226722538471222, -0.5058018565177917, 1.6287133693695068, -0.45640358328819275, 0.7195175886154175, -0.7854006290435791, 0.278624027967453, 0.013605758547782898, -0.41362127661705017, -1.085970163345337, -0.2536865472793579, -0.5759689211845398, 0.04453135281801224, -0.1893399953842163, -0.3349491357803345, -0.4613244831562042, 0.017833471298217773, -0.703194797039032, -0.21385520696640015, 0.4450784921646118, -1.0728286504745483, 0.6656541228294373, -0.9092391133308411, 0.22836223244667053, -0.3944014310836792, -0.08956471085548401, -0.6387962102890015, -0.1458609700202942, 1.4893089532852173, -2.0016725063323975, 0.14157423377037048, 0.4348357319831848, 0.4448302388191223, 0.8671409487724304, 0.49637386202812195, 0.31057268381118774, 1.207669973373413, 1.5293173789978027, 1.3983607292175293, -1.1849504709243774, 0.38102269172668457, -0.05356249213218689, -1.5836541652679443, -0.7531580328941345, 0.4047068655490875, -0.0022225528955459595, 0.6397837400436401, -0.5459808111190796, 0.4993153214454651, -0.06821724772453308, -0.5912348628044128, 0.49655476212501526, -0.32049983739852905, 0.3948025703430176, -1.3184456825256348, -0.5053542852401733, 0.9231685400009155, -0.5310142636299133, 0.5223665237426758, 0.6738312244415283, -0.5484989285469055, -0.40517961978912354, 0.48536965250968933, 0.7848334312438965, 0.1332399845123291, -0.08431203663349152, -0.67752605676651, -0.708610475063324, -1.0192142724990845, -0.4274373948574066, -0.35984089970588684, 0.5120322704315186, 0.04919412359595299, -0.0502002015709877, 0.2118677794933319, -1.5826514959335327, -0.48592305183410645, 0.1602468341588974, 1.0084196329116821, -1.1780146360397339, 0.34912824630737305, 0.9064677357673645, 0.5917013883590698, 0.13413207232952118, 0.1029464527964592, 0.17310211062431335, 0.9457882642745972, -0.24679261445999146, -0.5440607070922852, -0.6178414225578308, -0.1518637239933014, -0.17650891840457916, 0.45080646872520447, -0.06855796277523041, -0.3455601632595062, -0.14478738605976105, -1.3712352514266968, -1.4615063667297363, -0.15844976902008057, -1.7580320835113525, 0.36130455136299133, -0.5376313924789429, 0.18382403254508972, 1.1390995979309082, 0.2007187306880951, 0.4502592086791992, -0.24390041828155518, -0.921049177646637, 0.12164774537086487, 1.0427868366241455, -0.8579641580581665, 0.09061123430728912, -0.9646514058113098, -0.22386512160301208, -0.18783965706825256, 0.4370137155056, -0.4263576567173004, -0.6850951910018921, -0.08245992660522461, -0.14948105812072754, -1.208231806755066, 0.9483575224876404, 0.10193170607089996, -0.4927806854248047, -1.5594500303268433, 0.5163235664367676, 0.06457126140594482, 0.27662745118141174, -0.5452671647071838, -0.48112189769744873, 0.26216161251068115, -0.4110654592514038, -0.25602415204048157, 1.3164100646972656, 0.8484660387039185, -1.3366694450378418, 0.26214760541915894, 0.8371816277503967, 0.4343569278717041, -0.010815024375915527, -1.5769869089126587, -0.557985782623291, -0.6727544665336609, 0.9874980449676514, 1.286288857460022, 0.20586636662483215, 0.02034701406955719, -0.10715887695550919, 1.6444052457809448, 1.006687879562378, -0.5902957916259766, -0.007040835916996002, -0.5727579593658447, -0.5782287120819092, 0.18997402489185333, 0.16572438180446625, 0.7533302903175354, -0.25451895594596863, -0.16596439480781555, 0.4841021001338959, 0.191605806350708, -1.3199660778045654, 0.2953074276447296, 1.227357029914856, -0.3343315124511719, -0.4331900179386139, 0.05727296695113182, 0.2570685148239136, -0.3386819362640381, -0.8430881500244141, 0.752983033657074, -0.2709764242172241, 1.4262962341308594, -0.0335400328040123, -0.3136773407459259, 0.3013778328895569, 0.057345256209373474, -0.7756702303886414, -0.24895091354846954, -1.5331186056137085, -0.38260841369628906, -0.793479859828949, 0.6820611953735352, 0.487873375415802, 0.5245795845985413, -0.010557156056165695, -0.7155560851097107, -0.6499186158180237, -0.39485207200050354, -0.3083534836769104, 0.7813196182250977, -0.32562774419784546, 0.6587719917297363, -0.7634060382843018, -1.0277719497680664, 0.26868027448654175, 0.26348045468330383, -0.23943014442920685, 0.9782068729400635, -0.4184480309486389, 0.48568859696388245, 0.44191983342170715, 0.1838696300983429, 0.35743778944015503, 0.05574531853199005, 0.45396921038627625, -0.3224717378616333, 0.4652111530303955, -0.6953809261322021, -0.936164140701294, -0.9893656373023987, -0.4561786651611328, 1.0839906930923462, -0.6876212358474731, 0.296333909034729, 0.5451740026473999, 0.35685503482818604, -1.2613143920898438, -0.1016957014799118, -0.0192931666970253, -1.440227746963501, 1.0479182004928589, 1.0938009023666382, -0.18579840660095215, -0.7785532474517822, 0.050616711378097534, 0.698900580406189, -0.21020185947418213, 0.8071225881576538, 1.6890126466751099, -1.342677116394043]","[0.6694157123565674, 1.72335684299469, 2.6734914779663086, -1.5340856313705444, 3.3057589530944824, 2.5013935565948486, -1.1880478858947754, -0.7942289710044861, -1.8218439817428589, 0.8101915717124939, 1.1675901412963867, -1.3121260404586792, -0.9736508727073669, -3.0921318531036377, -0.8334446549415588, -1.154424786567688, 0.256855309009552, -3.1629905700683594, 0.10238945484161377, 1.4057118892669678, -0.06746865063905716, 1.553374171257019, 2.1034200191497803, -3.161787986755371, -3.228475332260132, -1.49082612991333, -0.7502720952033997, 3.649498224258423, 0.47757405042648315, 0.6815763711929321, -2.5704052448272705, -0.7135840058326721, -0.36107587814331055, 0.5287055373191833, 1.806052803993225, -0.041788890957832336, -2.1159780025482178, -0.49395784735679626, -0.8934721946716309, 0.6753249168395996, -1.1103821992874146, -1.2483477592468262, -1.006784439086914, -0.18210169672966003, 1.689426302909851, -0.4861041009426117, -1.6917823553085327, -0.10520415753126144, -2.2148144245147705, 1.7302738428115845, 2.7303457260131836, -0.5379490256309509, -1.654550552368164, -2.0811221599578857, 1.1771372556686401, 0.49147433042526245, -1.723479151725769, -0.580461859703064, 0.7787652015686035, -2.0448360443115234, -1.2750625610351562, -3.0002617835998535, 0.10933606326580048, -1.3906784057617188, 1.123641014099121, 0.21939894556999207, -2.273425817489624, 0.6330938339233398, -1.7426127195358276, -3.081491708755493, 0.7611159682273865, -0.5873340964317322, 0.14689326286315918, 0.6059520244598389, -0.6099265217781067, 0.057666387408971786, -0.0031000301241874695, -2.1537723541259766, -0.5053640007972717, -1.7720202207565308, 1.3257923126220703, 0.5022626519203186, 1.8807053565979004, -3.6039388179779053, 2.181304454803467, 4.524997711181641, 2.1412205696105957, 1.8406527042388916, -2.46720290184021, 0.7643548250198364, -1.0466949939727783, 0.8649581074714661, 2.9384517669677734, 2.5804619789123535, -1.1726323366165161, -3.3758792877197266, -1.01555335521698, 0.7697528600692749, -0.3264314532279968, -0.9471374750137329, -1.006761908531189, -2.019301176071167, -4.165472030639648, -3.1902408599853516, 0.4937814772129059, 3.404463291168213, -1.5197930335998535, 2.400218963623047, -1.7421270608901978, 0.33155348896980286, 4.173182487487793, -1.9590277671813965, 2.7174248695373535, -3.887855052947998, 3.002767324447632, 0.3523746728897095, -2.9471957683563232, 0.08468777686357498, 1.0827256441116333, 3.217395544052124, 2.431171417236328, 3.150496244430542, 1.434796929359436, -0.7326284050941467, -1.4021011590957642, -1.3464199304580688, 2.5925893783569336, -1.1962345838546753]","[0.23022499680519104, 2.1733102798461914, 1.1612526178359985, -0.9785724878311157, 1.7183592319488525, 0.761519193649292, -1.675711989402771, 0.36898893117904663, -0.22298115491867065, -1.1301668882369995, 0.5930181741714478, -0.5791611075401306, 0.4619109630584717, -0.6432653665542603, -1.1160374879837036, 0.36658549308776855, 1.1100152730941772, 0.9656084775924683, 0.0425589382648468, 0.6595180034637451, 0.3893459141254425, -0.7245829105377197, 0.07905592769384384, 0.2613541781902313, 0.043985966593027115, 0.0034061968326568604, -0.656436026096344, 0.2325528860092163, 0.411770224571228, 0.021648690104484558, 0.7054247260093689, 1.4475111961364746, -0.03759521245956421, 0.8780208230018616, -0.809876561164856, -0.9268012046813965, 0.17420566082000732, 1.044919490814209, -1.3569921255111694, -0.3019748330116272, -0.3905980885028839, -0.9262353777885437, -0.6819227337837219, 0.4793367385864258, -0.45066994428634644, 0.41898053884506226, 0.15248116850852966, 0.7821142077445984, -0.5863479375839233, 0.7091121673583984, 0.004512816201895475, -0.20430989563465118, 0.25473737716674805, -0.08953066170215607, 0.6500773429870605, -0.1586863398551941, -1.3505933284759521, -0.246576189994812, -1.9430179595947266, -0.39778196811676025, 0.26887187361717224, -0.35364872217178345, -0.5954904556274414, 0.8466859459877014, 0.7973900437355042, -0.7918129563331604, 0.2671610713005066, -1.152355432510376, 0.09600704908370972, -0.2686387896537781, 0.6184723377227783, 2.0228726863861084, 0.7780948281288147, 0.2542114555835724, 0.6263155937194824, -0.7283986806869507, -0.4472410976886749, -0.3540227711200714, 0.5864453911781311, 0.686578094959259, 0.30189839005470276, -0.5042098760604858, -1.7917697429656982, -0.05824490636587143, 0.6341169476509094, 0.3428422212600708, 0.044682152569293976, 0.7510632276535034, 1.2371580600738525, -0.44654381275177, 0.25655868649482727, 0.2870531380176544, -0.3905187249183655, 1.312455654144287, -0.6783376932144165, 0.012718051671981812, 0.8929044008255005, -0.6291395425796509, -0.8010907769203186, -0.4521293342113495, 1.044950008392334, -0.9642500877380371, 1.051751971244812, 0.25365114212036133, 0.26231950521469116, 0.5874173641204834, -0.220834419131279, 1.812707543373108, 0.11302634328603745, -6.350045680999756, 0.5292870998382568, -0.15688298642635345, 0.002033606171607971, 0.48876482248306274, -0.612448513507843, 1.1191121339797974, 0.5735127925872803, -0.2724975049495697, 0.12801405787467957, 0.7775037884712219, 0.2991008162498474, -1.3106886148452759, -1.3483052253723145, -0.19652016460895538, -1.2761621475219727, 0.569012463092804, 0.13760700821876526, -0.9464251399040222, -0.13315948843955994, -0.10971061885356903, 0.25061845779418945, -1.0566753149032593, 0.2199995368719101, -0.4839183986186981, 1.185234785079956, -0.5569269061088562, -0.9265502691268921, -0.7004604339599609, 0.6267653107643127, 0.6376103758811951, 0.16645456850528717, 0.2562870383262634, -0.2529217004776001, -1.2546517848968506, 0.8362734317779541, 0.4411786198616028, -0.6250997185707092, 0.11638468503952026, -0.465183287858963, 0.5849279761314392, 0.8820298314094543, -0.5672647953033447, -0.18551206588745117, -0.4900438189506531, 7.950275897979736, 0.8571783900260925, -1.0907987356185913, 0.8395276665687561, 0.08839723467826843, 0.8797390460968018, 1.2168664932250977, 1.5584996938705444, -1.1045902967453003, 1.857270359992981, -0.02506047487258911, -0.7400850653648376, -0.8431279063224792, -0.5658299326896667, -0.974526047706604, -0.37909263372421265, -1.1064268350601196, -0.03792089223861694, 0.5682767629623413, 0.2891193926334381, -1.3870385885238647, 0.7657434344291687, -1.2505226135253906, -0.05543406307697296, -1.6466009616851807, -0.9055192470550537, -0.4092504382133484, -0.49893346428871155, -0.4237983226776123, 1.7101832628250122, 0.1332109570503235, -0.24194428324699402, 0.24310435354709625, 0.10571710765361786, 1.1632580757141113, 0.04151339828968048, 0.07913390547037125, 0.8600273132324219, 0.2611237168312073, 1.031967043876648, -0.3684031069278717, -0.17459574341773987, -0.9382832646369934, -0.03620028495788574, -0.15885254740715027, -0.41249367594718933, 0.16705185174942017, -0.0666554868221283, -0.43896305561065674, -0.4461733400821686, 0.7971709966659546, -0.5339627861976624, -1.1954169273376465, 0.04913996905088425, 1.416637897491455, -1.368826150894165, -1.2446577548980713, -0.6025794148445129, -1.5162715911865234, 0.4619351327419281, -1.468630313873291, -0.4405350685119629, -0.22570554912090302, 0.5965570211410522, -1.0109219551086426, -0.591965913772583, 1.8426579236984253, 0.6240071654319763, -0.6790502071380615, 0.7060922384262085, 1.429517388343811, -0.04844168201088905, 0.639657199382782, 0.5418373346328735, 0.1523078829050064, -1.3425440788269043, 0.16899293661117554, -0.3568797707557678, 0.558927059173584, 0.6564818024635315, 0.4135602116584778, -0.027381643652915955, -0.5471919775009155, 0.8717864751815796, -0.6885780096054077, -0.5633566975593567, -0.5274853110313416, 1.2994685173034668, -0.511812150478363, -2.044818162918091, -0.5404293537139893, 0.7605640292167664, 0.09707151353359222, -1.4785513877868652, -0.7190860509872437, 0.4191659092903137, 0.6688330769538879, -0.1447877287864685, -0.15482275187969208, -0.4500715732574463, -1.3324565887451172, -0.226451575756073, -0.5619082450866699, -0.9103910326957703, -0.08481982350349426, 0.2781505882740021, -0.16130121052265167, 0.02989065647125244, -0.9242933392524719, -0.728262186050415, 0.9489606618881226, 0.908920168876648, 0.4571763873100281, -0.26733464002609253, -1.2490943670272827, 1.16170072555542, 0.058242037892341614, 0.13272815942764282, -0.1723061501979828, 0.7823868989944458, -1.2405749559402466, -1.1562957763671875, 0.8630398511886597, 0.26250237226486206, 0.14232796430587769, -0.027597256004810333, -0.8170174360275269, -0.09191673994064331, -0.5912793278694153, 0.5825967788696289, 0.33857521414756775, -0.22306634485721588, 0.14617305994033813, 0.4381777048110962, -0.0444510281085968, -0.9978125095367432, -0.26209986209869385, -0.7178366780281067, -0.12914761900901794, -0.44326746463775635, -0.6692752838134766, -0.41444745659828186, 0.9428611397743225, 0.14978408813476562, 0.20366641879081726, 0.4256787598133087, -0.8209304213523865, -0.5874362587928772, 0.4350906014442444, 1.2874748706817627, 0.47347110509872437, -0.9316336512565613, 0.1328432559967041, -0.6710329055786133, 0.7250972390174866, -0.8227178454399109, -0.6082311272621155, -0.6214483976364136, -1.0260345935821533, 3.3027637004852295, -0.029428649693727493, -0.004374347627162933, -1.585981845855713, -0.19715513288974762, 0.0923822671175003, -0.3012596070766449, -0.28536003828048706, 0.25362706184387207, 0.8543190360069275, -0.32898497581481934, 1.665553092956543, -1.0077810287475586, -0.18562152981758118, -0.5168102383613586, 0.29449015855789185, -0.3778371810913086, 0.20542797446250916, 0.7282103896141052, 0.2522045075893402, -0.7228952646255493, 1.452014684677124, 0.26987865567207336, -0.32727178931236267, 0.09995664656162262, 0.12977232038974762, 0.10439429432153702, -1.1142029762268066, -0.7636065483093262, -0.06915712356567383, -0.05414220318198204, 0.6171854138374329, 0.9051191806793213, 0.1490277796983719, -1.620198369026184, 0.5628945827484131, 0.6785714626312256, -1.6816588640213013, -0.7676804065704346, -0.4627488851547241, 0.4931022524833679, -0.7347894906997681, 0.5999433994293213, 0.0017571914941072464, 0.6313862800598145, 1.2651219367980957, -1.1239824295043945, -0.7087984085083008, 1.4082622528076172, -0.4412148892879486, -0.1032780259847641, -0.24279627203941345, -0.08082820475101471, -0.7310895323753357, 0.6731138825416565, 0.30485299229621887, -1.05837082862854, -1.3122875690460205, -0.010730011388659477, 0.11594374477863312, 0.4222227931022644, 0.17021337151527405, 0.27606016397476196, -0.060980021953582764, -1.1745057106018066, -0.3580857515335083, -0.32694345712661743, -0.12071657180786133, 0.34146595001220703, 0.17782436311244965, 0.657018780708313, 1.1111748218536377, -1.3834989070892334, 1.0586954355239868, 0.47564730048179626, -1.0713955163955688, 0.5964768528938293, 0.4900358021259308, 0.2700342535972595, 0.2593648433685303, -1.4404456615447998, -1.2568156719207764, 0.40171319246292114, -0.9446408152580261, -0.030422329902648926, -1.0392621755599976, 1.1181684732437134, -0.7463482022285461, 0.7055631279945374, -1.3436720371246338, 0.22493000328540802, 0.8487549424171448, -0.7096815705299377, -0.7580369114875793, -0.9556979537010193, 0.30424660444259644, -0.4111844003200531, 1.4571477174758911, 0.3971129059791565, -0.9772897362709045, -0.10477013140916824, 1.8693749904632568, -0.5060226321220398, -0.06007242202758789, 1.2970867156982422, 0.8559736013412476, 0.33918631076812744, -0.5366653203964233, 1.0133767127990723, -0.7868956923484802, -0.36657634377479553, 1.1049168109893799, -0.5765175819396973, 0.061560921370983124, -0.13754776120185852, 1.2179627418518066, -0.7808662056922913, -0.5963233709335327, -0.5284699201583862, -1.610092043876648, 0.21432672441005707, -0.008854050189256668, -0.44503629207611084, -0.026570431888103485, 0.5546087026596069, -2.522557020187378, -1.2845395803451538, -0.023561760783195496, 1.243133544921875, -0.2095595896244049, -0.7602535486221313, -0.046356502920389175, 0.2870328426361084, -0.36909469962120056, -0.7663335800170898, 0.3525984585285187, 1.51451575756073, 0.4469597339630127, 0.2985147535800934, 0.6007673740386963, -0.7623306512832642, -0.14313971996307373, -1.560010313987732, 0.11535163968801498, -0.48406732082366943, -0.27478453516960144, -0.19060422480106354, 1.2847505807876587, -0.9779931306838989, 1.7126147747039795, 1.2933100461959839, -0.5659630298614502, 1.222996711730957, 0.6972524523735046, -0.5988211035728455, -0.8262413144111633, -1.0010701417922974, 0.07112108170986176, 0.8090065717697144, 0.04073944687843323, -0.4484226405620575, 0.6533955931663513, 0.4287828207015991, -0.29874277114868164, -1.857957363128662, 0.3588166832923889, -1.0467342138290405, -1.2731294631958008, -0.16693374514579773, 0.12479797005653381, -0.22166308760643005, -0.13484613597393036, -0.9326074123382568, 0.7656186819076538, -1.3520896434783936, 0.7387915253639221, 0.4972003996372223, 0.5715810656547546, -0.7188776135444641, -0.7437485456466675, -0.7388403415679932, -1.617138147354126, -0.4203253388404846, 1.2034974098205566, -0.78130704164505, -0.4857884645462036, 0.6330384612083435, -0.4373851418495178, 0.4313294291496277, 0.04834463447332382, 0.40258532762527466, 0.09745839238166809, 1.7137163877487183, -0.29290997982025146, -1.5564316511154175, 0.1518910825252533, -0.04263778030872345, -0.29984915256500244, -0.8821512460708618, -0.10494157671928406, 0.27000758051872253, 0.1125732958316803, 0.3074950575828552, -0.3718050718307495, -0.6887427568435669, -0.27352824807167053, -0.0018171705305576324, -1.067752718925476, -0.7374850511550903, -0.40598809719085693, -0.4214557409286499, 0.850082516670227, 0.25993287563323975, -0.2909451127052307, -0.15775659680366516, -0.48629260063171387, 0.026026291772723198, -0.2337399274110794, 0.40600356459617615, 0.006730750203132629, -0.22979575395584106, 0.6526992321014404, -0.9531210660934448, 0.6222759485244751, 0.22226722538471222, -0.5058018565177917, 1.6287133693695068, -0.45640358328819275, 0.7195175886154175, -0.7854006290435791, 0.278624027967453, 0.013605758547782898, -0.41362127661705017, -1.085970163345337, -0.2536865472793579, -0.5759689211845398, 0.04453135281801224, -0.1893399953842163, -0.3349491357803345, -0.4613244831562042, 0.017833471298217773, -0.703194797039032, -0.21385520696640015, 0.4450784921646118, -1.0728286504745483, 0.6656541228294373, -0.9092391133308411, 0.22836223244667053, -0.3944014310836792, -0.08956471085548401, -0.6387962102890015, -0.1458609700202942, 1.4893089532852173, -2.0016725063323975, 0.14157423377037048, 0.4348357319831848, 0.4448302388191223, 0.8671409487724304, 0.49637386202812195, 0.31057268381118774, 1.207669973373413, 1.5293173789978027, 1.3983607292175293, -1.1849504709243774, 0.38102269172668457, -0.05356249213218689, -1.5836541652679443, -0.7531580328941345, 0.4047068655490875, -0.0022225528955459595, 0.6397837400436401, -0.5459808111190796, 0.4993153214454651, -0.06821724772453308, -0.5912348628044128, 0.49655476212501526, -0.32049983739852905, 0.3948025703430176, -1.3184456825256348, -0.5053542852401733, 0.9231685400009155, -0.5310142636299133, 0.5223665237426758, 0.6738312244415283, -0.5484989285469055, -0.40517961978912354, 0.48536965250968933, 0.7848334312438965, 0.1332399845123291, -0.08431203663349152, -0.67752605676651, -0.708610475063324, -1.0192142724990845, -0.4274373948574066, -0.35984089970588684, 0.5120322704315186, 0.04919412359595299, -0.0502002015709877, 0.2118677794933319, -1.5826514959335327, -0.48592305183410645, 0.1602468341588974, 1.0084196329116821, -1.1780146360397339, 0.34912824630737305, 0.9064677357673645, 0.5917013883590698, 0.13413207232952118, 0.1029464527964592, 0.17310211062431335, 0.9457882642745972, -0.24679261445999146, -0.5440607070922852, -0.6178414225578308, -0.1518637239933014, -0.17650891840457916, 0.45080646872520447, -0.06855796277523041, -0.3455601632595062, -0.14478738605976105, -1.3712352514266968, -1.4615063667297363, -0.15844976902008057, -1.7580320835113525, 0.36130455136299133, -0.5376313924789429, 0.18382403254508972, 1.1390995979309082, 0.2007187306880951, 0.4502592086791992, -0.24390041828155518, -0.921049177646637, 0.12164774537086487, 1.0427868366241455, -0.8579641580581665, 0.09061123430728912, -0.9646514058113098, -0.22386512160301208, -0.18783965706825256, 0.4370137155056, -0.4263576567173004, -0.6850951910018921, -0.08245992660522461, -0.14948105812072754, -1.208231806755066, 0.9483575224876404, 0.10193170607089996, -0.4927806854248047, -1.5594500303268433, 0.5163235664367676, 0.06457126140594482, 0.27662745118141174, -0.5452671647071838, -0.48112189769744873, 0.26216161251068115, -0.4110654592514038, -0.25602415204048157, 1.3164100646972656, 0.8484660387039185, -1.3366694450378418, 0.26214760541915894, 0.8371816277503967, 0.4343569278717041, -0.010815024375915527, -1.5769869089126587, -0.557985782623291, -0.6727544665336609, 0.9874980449676514, 1.286288857460022, 0.20586636662483215, 0.02034701406955719, -0.10715887695550919, 1.6444052457809448, 1.006687879562378, -0.5902957916259766, -0.007040835916996002, -0.5727579593658447, -0.5782287120819092, 0.18997402489185333, 0.16572438180446625, 0.7533302903175354, -0.25451895594596863, -0.16596439480781555, 0.4841021001338959, 0.191605806350708, -1.3199660778045654, 0.2953074276447296, 1.227357029914856, -0.3343315124511719, -0.4331900179386139, 0.05727296695113182, 0.2570685148239136, -0.3386819362640381, -0.8430881500244141, 0.752983033657074, -0.2709764242172241, 1.4262962341308594, -0.0335400328040123, -0.3136773407459259, 0.3013778328895569, 0.057345256209373474, -0.7756702303886414, -0.24895091354846954, -1.5331186056137085, -0.38260841369628906, -0.793479859828949, 0.6820611953735352, 0.487873375415802, 0.5245795845985413, -0.010557156056165695, -0.7155560851097107, -0.6499186158180237, -0.39485207200050354, -0.3083534836769104, 0.7813196182250977, -0.32562774419784546, 0.6587719917297363, -0.7634060382843018, -1.0277719497680664, 0.26868027448654175, 0.26348045468330383, -0.23943014442920685, 0.9782068729400635, -0.4184480309486389, 0.48568859696388245, 0.44191983342170715, 0.1838696300983429, 0.35743778944015503, 0.05574531853199005, 0.45396921038627625, -0.3224717378616333, 0.4652111530303955, -0.6953809261322021, -0.936164140701294, -0.9893656373023987, -0.4561786651611328, 1.0839906930923462, -0.6876212358474731, 0.296333909034729, 0.5451740026473999, 0.35685503482818604, -1.2613143920898438, -0.1016957014799118, -0.0192931666970253, -1.440227746963501, 1.0479182004928589, 1.0938009023666382, -0.18579840660095215, -0.7785532474517822, 0.050616711378097534, 0.698900580406189, -0.21020185947418213, 0.8071225881576538, 1.6890126466751099, -1.342677116394043, 0.6694157123565674, 1.72335684299469, 2.6734914779663086, -1.5340856313705444, 3.3057589530944824, 2.5013935565948486, -1.1880478858947754, -0.7942289710044861, -1.8218439817428589, 0.8101915717124939, 1.1675901412963867, -1.3121260404586792, -0.9736508727073669, -3.0921318531036377, -0.8334446549415588, -1.154424786567688, 0.256855309009552, -3.1629905700683594, 0.10238945484161377, 1.4057118892669678, -0.06746865063905716, 1.553374171257019, 2.1034200191497803, -3.161787986755371, -3.228475332260132, -1.49082612991333, -0.7502720952033997, 3.649498224258423, 0.47757405042648315, 0.6815763711929321, -2.5704052448272705, -0.7135840058326721, -0.36107587814331055, 0.5287055373191833, 1.806052803993225, -0.041788890957832336, -2.1159780025482178, -0.49395784735679626, -0.8934721946716309, 0.6753249168395996, -1.1103821992874146, -1.2483477592468262, -1.006784439086914, -0.18210169672966003, 1.689426302909851, -0.4861041009426117, -1.6917823553085327, -0.10520415753126144, -2.2148144245147705, 1.7302738428115845, 2.7303457260131836, -0.5379490256309509, -1.654550552368164, -2.0811221599578857, 1.1771372556686401, 0.49147433042526245, -1.723479151725769, -0.580461859703064, 0.7787652015686035, -2.0448360443115234, -1.2750625610351562, -3.0002617835998535, 0.10933606326580048, -1.3906784057617188, 1.123641014099121, 0.21939894556999207, -2.273425817489624, 0.6330938339233398, -1.7426127195358276, -3.081491708755493, 0.7611159682273865, -0.5873340964317322, 0.14689326286315918, 0.6059520244598389, -0.6099265217781067, 0.057666387408971786, -0.0031000301241874695, -2.1537723541259766, -0.5053640007972717, -1.7720202207565308, 1.3257923126220703, 0.5022626519203186, 1.8807053565979004, -3.6039388179779053, 2.181304454803467, 4.524997711181641, 2.1412205696105957, 1.8406527042388916, -2.46720290184021, 0.7643548250198364, -1.0466949939727783, 0.8649581074714661, 2.9384517669677734, 2.5804619789123535, -1.1726323366165161, -3.3758792877197266, -1.01555335521698, 0.7697528600692749, -0.3264314532279968, -0.9471374750137329, -1.006761908531189, -2.019301176071167, -4.165472030639648, -3.1902408599853516, 0.4937814772129059, 3.404463291168213, -1.5197930335998535, 2.400218963623047, -1.7421270608901978, 0.33155348896980286, 4.173182487487793, -1.9590277671813965, 2.7174248695373535, -3.887855052947998, 3.002767324447632, 0.3523746728897095, -2.9471957683563232, 0.08468777686357498, 1.0827256441116333, 3.217395544052124, 2.431171417236328, 3.150496244430542, 1.434796929359436, -0.7326284050941467, -1.4021011590957642, -1.3464199304580688, 2.5925893783569336, -1.1962345838546753]"
